N,W,energy,realization_index,seed,transmission
40,0.0,-1.8,0,22604605406421282,0.9999999999999969
40,0.0,-1.78,0,22604605406421282,0.9999999999999988
40,0.0,-1.76,0,22604605406421282,1.000000000000001
40,0.0,-1.74,0,22604605406421282,1.0000000000000033
40,0.0,-1.72,0,22604605406421282,1.0000000000000016
40,0.0,-1.7,0,22604605406421282,1.0000000000000009
40,0.0,-1.6800000000000002,0,22604605406421282,1.0
40,0.0,-1.6600000000000001,0,22604605406421282,0.9999999999999991
40,0.0,-1.6400000000000001,0,22604605406421282,1.0000000000000004
40,0.0,-1.62,0,22604605406421282,0.9999999999999958
40,0.0,-1.6,0,22604605406421282,1.0000000000000018
40,0.0,-1.58,0,22604605406421282,1.0000000000000009
40,0.0,-1.56,0,22604605406421282,0.9999999999999989
40,0.0,-1.54,0,22604605406421282,1.000000000000003
40,0.0,-1.52,0,22604605406421282,0.9999999999999989
40,0.0,-1.5,0,22604605406421282,1.000000000000001
40,0.0,-1.48,0,22604605406421282,1.0000000000000002
40,0.0,-1.46,0,22604605406421282,0.9999999999999986
40,0.0,-1.44,0,22604605406421282,0.9999999999999991
40,0.0,-1.42,0,22604605406421282,0.9999999999999991
40,0.0,-1.4,0,22604605406421282,1.0000000000000022
40,0.0,-1.3800000000000001,0,22604605406421282,1.0
40,0.0,-1.36,0,22604605406421282,0.9999999999999949
40,0.0,-1.34,0,22604605406421282,1.000000000000002
40,0.0,-1.32,0,22604605406421282,1.000000000000006
40,0.0,-1.3,0,22604605406421282,0.9999999999999986
40,0.0,-1.28,0,22604605406421282,1.0000000000000036
40,0.0,-1.26,0,22604605406421282,1.0000000000000064
40,0.0,-1.24,0,22604605406421282,0.9999999999999981
40,0.0,-1.2200000000000002,0,22604605406421282,1.0000000000000022
40,0.0,-1.2000000000000002,0,22604605406421282,0.9999999999999987
40,0.0,-1.1800000000000002,0,22604605406421282,0.9999999999999987
40,0.0,-1.1600000000000001,0,22604605406421282,0.9999999999999961
40,0.0,-1.1400000000000001,0,22604605406421282,0.9999999999999979
40,0.0,-1.12,0,22604605406421282,0.9999999999999962
40,0.0,-1.1,0,22604605406421282,0.999999999999995
40,0.0,-1.08,0,22604605406421282,1.0000000000000033
40,0.0,-1.06,0,22604605406421282,0.9999999999999994
40,0.0,-1.04,0,22604605406421282,1.0000000000000056
40,0.0,-1.02,0,22604605406421282,0.9999999999999976
40,0.0,-1.0,0,22604605406421282,1.0000000000000004
40,0.0,-0.98,0,22604605406421282,0.999999999999996
40,0.0,-0.9600000000000001,0,22604605406421282,1.0000000000000016
40,0.0,-0.9400000000000001,0,22604605406421282,0.9999999999999944
40,0.0,-0.92,0,22604605406421282,1.000000000000002
40,0.0,-0.9,0,22604605406421282,1.0000000000000056
40,0.0,-0.88,0,22604605406421282,0.9999999999999968
40,0.0,-0.86,0,22604605406421282,0.9999999999999999
40,0.0,-0.8400000000000001,0,22604605406421282,0.9999999999999996
40,0.0,-0.8200000000000001,0,22604605406421282,0.9999999999999969
40,0.0,-0.8,0,22604605406421282,0.9999999999999971
40,0.0,-0.78,0,22604605406421282,1.0000000000000053
40,0.0,-0.76,0,22604605406421282,1.0000000000000044
40,0.0,-0.74,0,22604605406421282,0.999999999999998
40,0.0,-0.72,0,22604605406421282,1.0000000000000029
40,0.0,-0.7,0,22604605406421282,1.0
40,0.0,-0.6799999999999999,0,22604605406421282,0.9999999999999968
40,0.0,-0.6599999999999999,0,22604605406421282,1.000000000000001
40,0.0,-0.6400000000000001,0,22604605406421282,0.9999999999999967
40,0.0,-0.6200000000000001,0,22604605406421282,0.9999999999999958
40,0.0,-0.6000000000000001,0,22604605406421282,0.9999999999999982
40,0.0,-0.5800000000000001,0,22604605406421282,0.9999999999999986
40,0.0,-0.56,0,22604605406421282,1.0000000000000062
40,0.0,-0.54,0,22604605406421282,1.0000000000000027
40,0.0,-0.52,0,22604605406421282,1.000000000000005
40,0.0,-0.5,0,22604605406421282,1.0000000000000016
40,0.0,-0.48,0,22604605406421282,1.0000000000000075
40,0.0,-0.45999999999999996,0,22604605406421282,0.999999999999999
40,0.0,-0.43999999999999995,0,22604605406421282,0.9999999999999962
40,0.0,-0.41999999999999993,0,22604605406421282,1.0000000000000016
40,0.0,-0.3999999999999999,0,22604605406421282,0.9999999999999971
40,0.0,-0.3800000000000001,0,22604605406421282,1.0000000000000058
40,0.0,-0.3600000000000001,0,22604605406421282,0.9999999999999988
40,0.0,-0.3400000000000001,0,22604605406421282,0.9999999999999994
40,0.0,-0.32000000000000006,0,22604605406421282,1.000000000000004
40,0.0,-0.30000000000000004,0,22604605406421282,0.9999999999999984
40,0.0,-0.28,0,22604605406421282,1.0000000000000056
40,0.0,-0.26,0,22604605406421282,1.0000000000000058
40,0.0,-0.24,0,22604605406421282,1.0000000000000016
40,0.0,-0.21999999999999997,0,22604605406421282,0.9999999999999996
40,0.0,-0.19999999999999996,0,22604605406421282,1.0000000000000004
40,0.0,-0.17999999999999994,0,22604605406421282,1.0000000000000002
40,0.0,-0.15999999999999992,0,22604605406421282,1.0000000000000009
40,0.0,-0.1399999999999999,0,22604605406421282,0.9999999999999996
40,0.0,-0.1200000000000001,0,22604605406421282,0.9999999999999923
40,0.0,-0.10000000000000009,0,22604605406421282,1.0000000000000002
40,0.0,-0.08000000000000007,0,22604605406421282,0.9999999999999988
40,0.0,-0.06000000000000005,0,22604605406421282,1.0000000000000042
40,0.0,-0.040000000000000036,0,22604605406421282,1.0000000000000007
40,0.0,-0.020000000000000018,0,22604605406421282,1.0000000000000004
40,0.0,0.0,0,22604605406421282,1.0
40,0.0,0.020000000000000018,0,22604605406421282,1.0000000000000004
40,0.0,0.040000000000000036,0,22604605406421282,1.0000000000000007
40,0.0,0.06000000000000005,0,22604605406421282,1.0000000000000042
40,0.0,0.08000000000000007,0,22604605406421282,0.9999999999999988
40,0.0,0.10000000000000009,0,22604605406421282,1.0000000000000002
40,0.0,0.11999999999999988,0,22604605406421282,0.9999999999999997
40,0.0,0.1399999999999999,0,22604605406421282,0.9999999999999996
40,0.0,0.15999999999999992,0,22604605406421282,1.0000000000000009
40,0.0,0.17999999999999994,0,22604605406421282,1.0000000000000002
40,0.0,0.19999999999999996,0,22604605406421282,1.0000000000000004
40,0.0,0.21999999999999997,0,22604605406421282,0.9999999999999996
40,0.0,0.24,0,22604605406421282,1.0000000000000016
40,0.0,0.26,0,22604605406421282,1.0000000000000058
40,0.0,0.28,0,22604605406421282,1.0000000000000056
40,0.0,0.30000000000000004,0,22604605406421282,0.9999999999999984
40,0.0,0.32000000000000006,0,22604605406421282,1.000000000000004
40,0.0,0.3400000000000001,0,22604605406421282,0.9999999999999994
40,0.0,0.3600000000000001,0,22604605406421282,0.9999999999999988
40,0.0,0.3800000000000001,0,22604605406421282,1.0000000000000058
40,0.0,0.40000000000000013,0,22604605406421282,0.9999999999999973
40,0.0,0.42000000000000015,0,22604605406421282,1.000000000000002
40,0.0,0.44000000000000017,0,22604605406421282,0.9999999999999973
40,0.0,0.4600000000000002,0,22604605406421282,0.9999999999999994
40,0.0,0.4800000000000002,0,22604605406421282,1.0000000000000033
40,0.0,0.5000000000000002,0,22604605406421282,1.0000000000000024
40,0.0,0.5199999999999998,0,22604605406421282,1.0000000000000022
40,0.0,0.5399999999999998,0,22604605406421282,1.0000000000000004
40,0.0,0.5599999999999998,0,22604605406421282,1.0000000000000027
40,0.0,0.5799999999999998,0,22604605406421282,0.9999999999999992
40,0.0,0.5999999999999999,0,22604605406421282,1.0000000000000018
40,0.0,0.6199999999999999,0,22604605406421282,0.9999999999999939
40,0.0,0.6399999999999999,0,22604605406421282,0.9999999999999996
40,0.0,0.6599999999999999,0,22604605406421282,1.000000000000001
40,0.0,0.6799999999999999,0,22604605406421282,0.9999999999999968
40,0.0,0.7,0,22604605406421282,1.0
40,0.0,0.72,0,22604605406421282,1.0000000000000029
40,0.0,0.74,0,22604605406421282,0.999999999999998
40,0.0,0.76,0,22604605406421282,1.0000000000000044
40,0.0,0.78,0,22604605406421282,1.0000000000000053
40,0.0,0.8,0,22604605406421282,0.9999999999999971
40,0.0,0.8200000000000001,0,22604605406421282,0.9999999999999969
40,0.0,0.8400000000000001,0,22604605406421282,0.9999999999999996
40,0.0,0.8600000000000001,0,22604605406421282,1.0000000000000018
40,0.0,0.8800000000000001,0,22604605406421282,0.9999999999999996
40,0.0,0.9000000000000001,0,22604605406421282,1.0000000000000009
40,0.0,0.9200000000000002,0,22604605406421282,1.0000000000000004
40,0.0,0.9400000000000002,0,22604605406421282,0.9999999999999963
40,0.0,0.9600000000000002,0,22604605406421282,0.9999999999999984
40,0.0,0.9800000000000002,0,22604605406421282,0.999999999999998
40,0.0,1.0000000000000002,0,22604605406421282,1.0000000000000018
40,0.0,1.0199999999999998,0,22604605406421282,0.9999999999999998
40,0.0,1.0399999999999998,0,22604605406421282,1.000000000000001
40,0.0,1.0599999999999998,0,22604605406421282,0.9999999999999967
40,0.0,1.0799999999999998,0,22604605406421282,1.0000000000000038
40,0.0,1.0999999999999999,0,22604605406421282,0.9999999999999959
40,0.0,1.1199999999999999,0,22604605406421282,1.0000000000000004
40,0.0,1.14,0,22604605406421282,1.0000000000000009
40,0.0,1.16,0,22604605406421282,1.0000000000000002
40,0.0,1.18,0,22604605406421282,1.0000000000000024
40,0.0,1.2,0,22604605406421282,1.000000000000001
40,0.0,1.22,0,22604605406421282,1.0000000000000029
40,0.0,1.24,0,22604605406421282,0.9999999999999981
40,0.0,1.26,0,22604605406421282,1.0000000000000064
40,0.0,1.28,0,22604605406421282,1.0000000000000036
40,0.0,1.3,0,22604605406421282,0.9999999999999986
40,0.0,1.32,0,22604605406421282,1.000000000000006
40,0.0,1.34,0,22604605406421282,1.000000000000002
40,0.0,1.36,0,22604605406421282,0.9999999999999949
40,0.0,1.3800000000000001,0,22604605406421282,1.0
40,0.0,1.4000000000000001,0,22604605406421282,0.9999999999999989
40,0.0,1.4200000000000002,0,22604605406421282,1.0000000000000022
40,0.0,1.4400000000000002,0,22604605406421282,1.0000000000000004
40,0.0,1.4600000000000002,0,22604605406421282,0.9999999999999984
40,0.0,1.4800000000000002,0,22604605406421282,1.0000000000000009
40,0.0,1.5000000000000002,0,22604605406421282,1.000000000000001
40,0.0,1.5200000000000002,0,22604605406421282,0.9999999999999993
40,0.0,1.5399999999999998,0,22604605406421282,1.0000000000000024
40,0.0,1.5599999999999998,0,22604605406421282,0.9999999999999966
40,0.0,1.5799999999999998,0,22604605406421282,0.999999999999998
40,0.0,1.5999999999999999,0,22604605406421282,0.999999999999999
40,0.0,1.6199999999999999,0,22604605406421282,0.9999999999999974
40,0.0,1.64,0,22604605406421282,0.9999999999999997
40,0.0,1.66,0,22604605406421282,1.0000000000000022
40,0.0,1.68,0,22604605406421282,0.999999999999998
40,0.0,1.7,0,22604605406421282,1.0000000000000009
40,0.0,1.72,0,22604605406421282,1.0000000000000016
40,0.0,1.74,0,22604605406421282,1.0000000000000033
40,0.0,1.76,0,22604605406421282,1.000000000000001
40,0.0,1.78,0,22604605406421282,0.9999999999999988
40,0.0,1.8,0,22604605406421282,0.9999999999999969
40,0.0,-1.8,1,14215243802595851222,0.9999999999999969
40,0.0,-1.78,1,14215243802595851222,0.9999999999999988
40,0.0,-1.76,1,14215243802595851222,1.000000000000001
40,0.0,-1.74,1,14215243802595851222,1.0000000000000033
40,0.0,-1.72,1,14215243802595851222,1.0000000000000016
40,0.0,-1.7,1,14215243802595851222,1.0000000000000009
40,0.0,-1.6800000000000002,1,14215243802595851222,1.0
40,0.0,-1.6600000000000001,1,14215243802595851222,0.9999999999999991
40,0.0,-1.6400000000000001,1,14215243802595851222,1.0000000000000004
40,0.0,-1.62,1,14215243802595851222,0.9999999999999958
40,0.0,-1.6,1,14215243802595851222,1.0000000000000018
40,0.0,-1.58,1,14215243802595851222,1.0000000000000009
40,0.0,-1.56,1,14215243802595851222,0.9999999999999989
40,0.0,-1.54,1,14215243802595851222,1.000000000000003
40,0.0,-1.52,1,14215243802595851222,0.9999999999999989
40,0.0,-1.5,1,14215243802595851222,1.000000000000001
40,0.0,-1.48,1,14215243802595851222,1.0000000000000002
40,0.0,-1.46,1,14215243802595851222,0.9999999999999986
40,0.0,-1.44,1,14215243802595851222,0.9999999999999991
40,0.0,-1.42,1,14215243802595851222,0.9999999999999991
40,0.0,-1.4,1,14215243802595851222,1.0000000000000022
40,0.0,-1.3800000000000001,1,14215243802595851222,1.0
40,0.0,-1.36,1,14215243802595851222,0.9999999999999949
40,0.0,-1.34,1,14215243802595851222,1.000000000000002
40,0.0,-1.32,1,14215243802595851222,1.000000000000006
40,0.0,-1.3,1,14215243802595851222,0.9999999999999986
40,0.0,-1.28,1,14215243802595851222,1.0000000000000036
40,0.0,-1.26,1,14215243802595851222,1.0000000000000064
40,0.0,-1.24,1,14215243802595851222,0.9999999999999981
40,0.0,-1.2200000000000002,1,14215243802595851222,1.0000000000000022
40,0.0,-1.2000000000000002,1,14215243802595851222,0.9999999999999987
40,0.0,-1.1800000000000002,1,14215243802595851222,0.9999999999999987
40,0.0,-1.1600000000000001,1,14215243802595851222,0.9999999999999961
40,0.0,-1.1400000000000001,1,14215243802595851222,0.9999999999999979
40,0.0,-1.12,1,14215243802595851222,0.9999999999999962
40,0.0,-1.1,1,14215243802595851222,0.999999999999995
40,0.0,-1.08,1,14215243802595851222,1.0000000000000033
40,0.0,-1.06,1,14215243802595851222,0.9999999999999994
40,0.0,-1.04,1,14215243802595851222,1.0000000000000056
40,0.0,-1.02,1,14215243802595851222,0.9999999999999976
40,0.0,-1.0,1,14215243802595851222,1.0000000000000004
40,0.0,-0.98,1,14215243802595851222,0.999999999999996
40,0.0,-0.9600000000000001,1,14215243802595851222,1.0000000000000016
40,0.0,-0.9400000000000001,1,14215243802595851222,0.9999999999999944
40,0.0,-0.92,1,14215243802595851222,1.000000000000002
40,0.0,-0.9,1,14215243802595851222,1.0000000000000056
40,0.0,-0.88,1,14215243802595851222,0.9999999999999968
40,0.0,-0.86,1,14215243802595851222,0.9999999999999999
40,0.0,-0.8400000000000001,1,14215243802595851222,0.9999999999999996
40,0.0,-0.8200000000000001,1,14215243802595851222,0.9999999999999969
40,0.0,-0.8,1,14215243802595851222,0.9999999999999971
40,0.0,-0.78,1,14215243802595851222,1.0000000000000053
40,0.0,-0.76,1,14215243802595851222,1.0000000000000044
40,0.0,-0.74,1,14215243802595851222,0.999999999999998
40,0.0,-0.72,1,14215243802595851222,1.0000000000000029
40,0.0,-0.7,1,14215243802595851222,1.0
40,0.0,-0.6799999999999999,1,14215243802595851222,0.9999999999999968
40,0.0,-0.6599999999999999,1,14215243802595851222,1.000000000000001
40,0.0,-0.6400000000000001,1,14215243802595851222,0.9999999999999967
40,0.0,-0.6200000000000001,1,14215243802595851222,0.9999999999999958
40,0.0,-0.6000000000000001,1,14215243802595851222,0.9999999999999982
40,0.0,-0.5800000000000001,1,14215243802595851222,0.9999999999999986
40,0.0,-0.56,1,14215243802595851222,1.0000000000000062
40,0.0,-0.54,1,14215243802595851222,1.0000000000000027
40,0.0,-0.52,1,14215243802595851222,1.000000000000005
40,0.0,-0.5,1,14215243802595851222,1.0000000000000016
40,0.0,-0.48,1,14215243802595851222,1.0000000000000075
40,0.0,-0.45999999999999996,1,14215243802595851222,0.999999999999999
40,0.0,-0.43999999999999995,1,14215243802595851222,0.9999999999999962
40,0.0,-0.41999999999999993,1,14215243802595851222,1.0000000000000016
40,0.0,-0.3999999999999999,1,14215243802595851222,0.9999999999999971
40,0.0,-0.3800000000000001,1,14215243802595851222,1.0000000000000058
40,0.0,-0.3600000000000001,1,14215243802595851222,0.9999999999999988
40,0.0,-0.3400000000000001,1,14215243802595851222,0.9999999999999994
40,0.0,-0.32000000000000006,1,14215243802595851222,1.000000000000004
40,0.0,-0.30000000000000004,1,14215243802595851222,0.9999999999999984
40,0.0,-0.28,1,14215243802595851222,1.0000000000000056
40,0.0,-0.26,1,14215243802595851222,1.0000000000000058
40,0.0,-0.24,1,14215243802595851222,1.0000000000000016
40,0.0,-0.21999999999999997,1,14215243802595851222,0.9999999999999996
40,0.0,-0.19999999999999996,1,14215243802595851222,1.0000000000000004
40,0.0,-0.17999999999999994,1,14215243802595851222,1.0000000000000002
40,0.0,-0.15999999999999992,1,14215243802595851222,1.0000000000000009
40,0.0,-0.1399999999999999,1,14215243802595851222,0.9999999999999996
40,0.0,-0.1200000000000001,1,14215243802595851222,0.9999999999999923
40,0.0,-0.10000000000000009,1,14215243802595851222,1.0000000000000002
40,0.0,-0.08000000000000007,1,14215243802595851222,0.9999999999999988
40,0.0,-0.06000000000000005,1,14215243802595851222,1.0000000000000042
40,0.0,-0.040000000000000036,1,14215243802595851222,1.0000000000000007
40,0.0,-0.020000000000000018,1,14215243802595851222,1.0000000000000004
40,0.0,0.0,1,14215243802595851222,1.0
40,0.0,0.020000000000000018,1,14215243802595851222,1.0000000000000004
40,0.0,0.040000000000000036,1,14215243802595851222,1.0000000000000007
40,0.0,0.06000000000000005,1,14215243802595851222,1.0000000000000042
40,0.0,0.08000000000000007,1,14215243802595851222,0.9999999999999988
40,0.0,0.10000000000000009,1,14215243802595851222,1.0000000000000002
40,0.0,0.11999999999999988,1,14215243802595851222,0.9999999999999997
40,0.0,0.1399999999999999,1,14215243802595851222,0.9999999999999996
40,0.0,0.15999999999999992,1,14215243802595851222,1.0000000000000009
40,0.0,0.17999999999999994,1,14215243802595851222,1.0000000000000002
40,0.0,0.19999999999999996,1,14215243802595851222,1.0000000000000004
40,0.0,0.21999999999999997,1,14215243802595851222,0.9999999999999996
40,0.0,0.24,1,14215243802595851222,1.0000000000000016
40,0.0,0.26,1,14215243802595851222,1.0000000000000058
40,0.0,0.28,1,14215243802595851222,1.0000000000000056
40,0.0,0.30000000000000004,1,14215243802595851222,0.9999999999999984
40,0.0,0.32000000000000006,1,14215243802595851222,1.000000000000004
40,0.0,0.3400000000000001,1,14215243802595851222,0.9999999999999994
40,0.0,0.3600000000000001,1,14215243802595851222,0.9999999999999988
40,0.0,0.3800000000000001,1,14215243802595851222,1.0000000000000058
40,0.0,0.40000000000000013,1,14215243802595851222,0.9999999999999973
40,0.0,0.42000000000000015,1,14215243802595851222,1.000000000000002
40,0.0,0.44000000000000017,1,14215243802595851222,0.9999999999999973
40,0.0,0.4600000000000002,1,14215243802595851222,0.9999999999999994
40,0.0,0.4800000000000002,1,14215243802595851222,1.0000000000000033
40,0.0,0.5000000000000002,1,14215243802595851222,1.0000000000000024
40,0.0,0.5199999999999998,1,14215243802595851222,1.0000000000000022
40,0.0,0.5399999999999998,1,14215243802595851222,1.0000000000000004
40,0.0,0.5599999999999998,1,14215243802595851222,1.0000000000000027
40,0.0,0.5799999999999998,1,14215243802595851222,0.9999999999999992
40,0.0,0.5999999999999999,1,14215243802595851222,1.0000000000000018
40,0.0,0.6199999999999999,1,14215243802595851222,0.9999999999999939
40,0.0,0.6399999999999999,1,14215243802595851222,0.9999999999999996
40,0.0,0.6599999999999999,1,14215243802595851222,1.000000000000001
40,0.0,0.6799999999999999,1,14215243802595851222,0.9999999999999968
40,0.0,0.7,1,14215243802595851222,1.0
40,0.0,0.72,1,14215243802595851222,1.0000000000000029
40,0.0,0.74,1,14215243802595851222,0.999999999999998
40,0.0,0.76,1,14215243802595851222,1.0000000000000044
40,0.0,0.78,1,14215243802595851222,1.0000000000000053
40,0.0,0.8,1,14215243802595851222,0.9999999999999971
40,0.0,0.8200000000000001,1,14215243802595851222,0.9999999999999969
40,0.0,0.8400000000000001,1,14215243802595851222,0.9999999999999996
40,0.0,0.8600000000000001,1,14215243802595851222,1.0000000000000018
40,0.0,0.8800000000000001,1,14215243802595851222,0.9999999999999996
40,0.0,0.9000000000000001,1,14215243802595851222,1.0000000000000009
40,0.0,0.9200000000000002,1,14215243802595851222,1.0000000000000004
40,0.0,0.9400000000000002,1,14215243802595851222,0.9999999999999963
40,0.0,0.9600000000000002,1,14215243802595851222,0.9999999999999984
40,0.0,0.9800000000000002,1,14215243802595851222,0.999999999999998
40,0.0,1.0000000000000002,1,14215243802595851222,1.0000000000000018
40,0.0,1.0199999999999998,1,14215243802595851222,0.9999999999999998
40,0.0,1.0399999999999998,1,14215243802595851222,1.000000000000001
40,0.0,1.0599999999999998,1,14215243802595851222,0.9999999999999967
40,0.0,1.0799999999999998,1,14215243802595851222,1.0000000000000038
40,0.0,1.0999999999999999,1,14215243802595851222,0.9999999999999959
40,0.0,1.1199999999999999,1,14215243802595851222,1.0000000000000004
40,0.0,1.14,1,14215243802595851222,1.0000000000000009
40,0.0,1.16,1,14215243802595851222,1.0000000000000002
40,0.0,1.18,1,14215243802595851222,1.0000000000000024
40,0.0,1.2,1,14215243802595851222,1.000000000000001
40,0.0,1.22,1,14215243802595851222,1.0000000000000029
40,0.0,1.24,1,14215243802595851222,0.9999999999999981
40,0.0,1.26,1,14215243802595851222,1.0000000000000064
40,0.0,1.28,1,14215243802595851222,1.0000000000000036
40,0.0,1.3,1,14215243802595851222,0.9999999999999986
40,0.0,1.32,1,14215243802595851222,1.000000000000006
40,0.0,1.34,1,14215243802595851222,1.000000000000002
40,0.0,1.36,1,14215243802595851222,0.9999999999999949
40,0.0,1.3800000000000001,1,14215243802595851222,1.0
40,0.0,1.4000000000000001,1,14215243802595851222,0.9999999999999989
40,0.0,1.4200000000000002,1,14215243802595851222,1.0000000000000022
40,0.0,1.4400000000000002,1,14215243802595851222,1.0000000000000004
40,0.0,1.4600000000000002,1,14215243802595851222,0.9999999999999984
40,0.0,1.4800000000000002,1,14215243802595851222,1.0000000000000009
40,0.0,1.5000000000000002,1,14215243802595851222,1.000000000000001
40,0.0,1.5200000000000002,1,14215243802595851222,0.9999999999999993
40,0.0,1.5399999999999998,1,14215243802595851222,1.0000000000000024
40,0.0,1.5599999999999998,1,14215243802595851222,0.9999999999999966
40,0.0,1.5799999999999998,1,14215243802595851222,0.999999999999998
40,0.0,1.5999999999999999,1,14215243802595851222,0.999999999999999
40,0.0,1.6199999999999999,1,14215243802595851222,0.9999999999999974
40,0.0,1.64,1,14215243802595851222,0.9999999999999997
40,0.0,1.66,1,14215243802595851222,1.0000000000000022
40,0.0,1.68,1,14215243802595851222,0.999999999999998
40,0.0,1.7,1,14215243802595851222,1.0000000000000009
40,0.0,1.72,1,14215243802595851222,1.0000000000000016
40,0.0,1.74,1,14215243802595851222,1.0000000000000033
40,0.0,1.76,1,14215243802595851222,1.000000000000001
40,0.0,1.78,1,14215243802595851222,0.9999999999999988
40,0.0,1.8,1,14215243802595851222,0.9999999999999969
40,0.0,-1.8,2,17633449925092402329,0.9999999999999969
40,0.0,-1.78,2,17633449925092402329,0.9999999999999988
40,0.0,-1.76,2,17633449925092402329,1.000000000000001
40,0.0,-1.74,2,17633449925092402329,1.0000000000000033
40,0.0,-1.72,2,17633449925092402329,1.0000000000000016
40,0.0,-1.7,2,17633449925092402329,1.0000000000000009
40,0.0,-1.6800000000000002,2,17633449925092402329,1.0
40,0.0,-1.6600000000000001,2,17633449925092402329,0.9999999999999991
40,0.0,-1.6400000000000001,2,17633449925092402329,1.0000000000000004
40,0.0,-1.62,2,17633449925092402329,0.9999999999999958
40,0.0,-1.6,2,17633449925092402329,1.0000000000000018
40,0.0,-1.58,2,17633449925092402329,1.0000000000000009
40,0.0,-1.56,2,17633449925092402329,0.9999999999999989
40,0.0,-1.54,2,17633449925092402329,1.000000000000003
40,0.0,-1.52,2,17633449925092402329,0.9999999999999989
40,0.0,-1.5,2,17633449925092402329,1.000000000000001
40,0.0,-1.48,2,17633449925092402329,1.0000000000000002
40,0.0,-1.46,2,17633449925092402329,0.9999999999999986
40,0.0,-1.44,2,17633449925092402329,0.9999999999999991
40,0.0,-1.42,2,17633449925092402329,0.9999999999999991
40,0.0,-1.4,2,17633449925092402329,1.0000000000000022
40,0.0,-1.3800000000000001,2,17633449925092402329,1.0
40,0.0,-1.36,2,17633449925092402329,0.9999999999999949
40,0.0,-1.34,2,17633449925092402329,1.000000000000002
40,0.0,-1.32,2,17633449925092402329,1.000000000000006
40,0.0,-1.3,2,17633449925092402329,0.9999999999999986
40,0.0,-1.28,2,17633449925092402329,1.0000000000000036
40,0.0,-1.26,2,17633449925092402329,1.0000000000000064
40,0.0,-1.24,2,17633449925092402329,0.9999999999999981
40,0.0,-1.2200000000000002,2,17633449925092402329,1.0000000000000022
40,0.0,-1.2000000000000002,2,17633449925092402329,0.9999999999999987
40,0.0,-1.1800000000000002,2,17633449925092402329,0.9999999999999987
40,0.0,-1.1600000000000001,2,17633449925092402329,0.9999999999999961
40,0.0,-1.1400000000000001,2,17633449925092402329,0.9999999999999979
40,0.0,-1.12,2,17633449925092402329,0.9999999999999962
40,0.0,-1.1,2,17633449925092402329,0.999999999999995
40,0.0,-1.08,2,17633449925092402329,1.0000000000000033
40,0.0,-1.06,2,17633449925092402329,0.9999999999999994
40,0.0,-1.04,2,17633449925092402329,1.0000000000000056
40,0.0,-1.02,2,17633449925092402329,0.9999999999999976
40,0.0,-1.0,2,17633449925092402329,1.0000000000000004
40,0.0,-0.98,2,17633449925092402329,0.999999999999996
40,0.0,-0.9600000000000001,2,17633449925092402329,1.0000000000000016
40,0.0,-0.9400000000000001,2,17633449925092402329,0.9999999999999944
40,0.0,-0.92,2,17633449925092402329,1.000000000000002
40,0.0,-0.9,2,17633449925092402329,1.0000000000000056
40,0.0,-0.88,2,17633449925092402329,0.9999999999999968
40,0.0,-0.86,2,17633449925092402329,0.9999999999999999
40,0.0,-0.8400000000000001,2,17633449925092402329,0.9999999999999996
40,0.0,-0.8200000000000001,2,17633449925092402329,0.9999999999999969
40,0.0,-0.8,2,17633449925092402329,0.9999999999999971
40,0.0,-0.78,2,17633449925092402329,1.0000000000000053
40,0.0,-0.76,2,17633449925092402329,1.0000000000000044
40,0.0,-0.74,2,17633449925092402329,0.999999999999998
40,0.0,-0.72,2,17633449925092402329,1.0000000000000029
40,0.0,-0.7,2,17633449925092402329,1.0
40,0.0,-0.6799999999999999,2,17633449925092402329,0.9999999999999968
40,0.0,-0.6599999999999999,2,17633449925092402329,1.000000000000001
40,0.0,-0.6400000000000001,2,17633449925092402329,0.9999999999999967
40,0.0,-0.6200000000000001,2,17633449925092402329,0.9999999999999958
40,0.0,-0.6000000000000001,2,17633449925092402329,0.9999999999999982
40,0.0,-0.5800000000000001,2,17633449925092402329,0.9999999999999986
40,0.0,-0.56,2,17633449925092402329,1.0000000000000062
40,0.0,-0.54,2,17633449925092402329,1.0000000000000027
40,0.0,-0.52,2,17633449925092402329,1.000000000000005
40,0.0,-0.5,2,17633449925092402329,1.0000000000000016
40,0.0,-0.48,2,17633449925092402329,1.0000000000000075
40,0.0,-0.45999999999999996,2,17633449925092402329,0.999999999999999
40,0.0,-0.43999999999999995,2,17633449925092402329,0.9999999999999962
40,0.0,-0.41999999999999993,2,17633449925092402329,1.0000000000000016
40,0.0,-0.3999999999999999,2,17633449925092402329,0.9999999999999971
40,0.0,-0.3800000000000001,2,17633449925092402329,1.0000000000000058
40,0.0,-0.3600000000000001,2,17633449925092402329,0.9999999999999988
40,0.0,-0.3400000000000001,2,17633449925092402329,0.9999999999999994
40,0.0,-0.32000000000000006,2,17633449925092402329,1.000000000000004
40,0.0,-0.30000000000000004,2,17633449925092402329,0.9999999999999984
40,0.0,-0.28,2,17633449925092402329,1.0000000000000056
40,0.0,-0.26,2,17633449925092402329,1.0000000000000058
40,0.0,-0.24,2,17633449925092402329,1.0000000000000016
40,0.0,-0.21999999999999997,2,17633449925092402329,0.9999999999999996
40,0.0,-0.19999999999999996,2,17633449925092402329,1.0000000000000004
40,0.0,-0.17999999999999994,2,17633449925092402329,1.0000000000000002
40,0.0,-0.15999999999999992,2,17633449925092402329,1.0000000000000009
40,0.0,-0.1399999999999999,2,17633449925092402329,0.9999999999999996
40,0.0,-0.1200000000000001,2,17633449925092402329,0.9999999999999923
40,0.0,-0.10000000000000009,2,17633449925092402329,1.0000000000000002
40,0.0,-0.08000000000000007,2,17633449925092402329,0.9999999999999988
40,0.0,-0.06000000000000005,2,17633449925092402329,1.0000000000000042
40,0.0,-0.040000000000000036,2,17633449925092402329,1.0000000000000007
40,0.0,-0.020000000000000018,2,17633449925092402329,1.0000000000000004
40,0.0,0.0,2,17633449925092402329,1.0
40,0.0,0.020000000000000018,2,17633449925092402329,1.0000000000000004
40,0.0,0.040000000000000036,2,17633449925092402329,1.0000000000000007
40,0.0,0.06000000000000005,2,17633449925092402329,1.0000000000000042
40,0.0,0.08000000000000007,2,17633449925092402329,0.9999999999999988
40,0.0,0.10000000000000009,2,17633449925092402329,1.0000000000000002
40,0.0,0.11999999999999988,2,17633449925092402329,0.9999999999999997
40,0.0,0.1399999999999999,2,17633449925092402329,0.9999999999999996
40,0.0,0.15999999999999992,2,17633449925092402329,1.0000000000000009
40,0.0,0.17999999999999994,2,17633449925092402329,1.0000000000000002
40,0.0,0.19999999999999996,2,17633449925092402329,1.0000000000000004
40,0.0,0.21999999999999997,2,17633449925092402329,0.9999999999999996
40,0.0,0.24,2,17633449925092402329,1.0000000000000016
40,0.0,0.26,2,17633449925092402329,1.0000000000000058
40,0.0,0.28,2,17633449925092402329,1.0000000000000056
40,0.0,0.30000000000000004,2,17633449925092402329,0.9999999999999984
40,0.0,0.32000000000000006,2,17633449925092402329,1.000000000000004
40,0.0,0.3400000000000001,2,17633449925092402329,0.9999999999999994
40,0.0,0.3600000000000001,2,17633449925092402329,0.9999999999999988
40,0.0,0.3800000000000001,2,17633449925092402329,1.0000000000000058
40,0.0,0.40000000000000013,2,17633449925092402329,0.9999999999999973
40,0.0,0.42000000000000015,2,17633449925092402329,1.000000000000002
40,0.0,0.44000000000000017,2,17633449925092402329,0.9999999999999973
40,0.0,0.4600000000000002,2,17633449925092402329,0.9999999999999994
40,0.0,0.4800000000000002,2,17633449925092402329,1.0000000000000033
40,0.0,0.5000000000000002,2,17633449925092402329,1.0000000000000024
40,0.0,0.5199999999999998,2,17633449925092402329,1.0000000000000022
40,0.0,0.5399999999999998,2,17633449925092402329,1.0000000000000004
40,0.0,0.5599999999999998,2,17633449925092402329,1.0000000000000027
40,0.0,0.5799999999999998,2,17633449925092402329,0.9999999999999992
40,0.0,0.5999999999999999,2,17633449925092402329,1.0000000000000018
40,0.0,0.6199999999999999,2,17633449925092402329,0.9999999999999939
40,0.0,0.6399999999999999,2,17633449925092402329,0.9999999999999996
40,0.0,0.6599999999999999,2,17633449925092402329,1.000000000000001
40,0.0,0.6799999999999999,2,17633449925092402329,0.9999999999999968
40,0.0,0.7,2,17633449925092402329,1.0
40,0.0,0.72,2,17633449925092402329,1.0000000000000029
40,0.0,0.74,2,17633449925092402329,0.999999999999998
40,0.0,0.76,2,17633449925092402329,1.0000000000000044
40,0.0,0.78,2,17633449925092402329,1.0000000000000053
40,0.0,0.8,2,17633449925092402329,0.9999999999999971
40,0.0,0.8200000000000001,2,17633449925092402329,0.9999999999999969
40,0.0,0.8400000000000001,2,17633449925092402329,0.9999999999999996
40,0.0,0.8600000000000001,2,17633449925092402329,1.0000000000000018
40,0.0,0.8800000000000001,2,17633449925092402329,0.9999999999999996
40,0.0,0.9000000000000001,2,17633449925092402329,1.0000000000000009
40,0.0,0.9200000000000002,2,17633449925092402329,1.0000000000000004
40,0.0,0.9400000000000002,2,17633449925092402329,0.9999999999999963
40,0.0,0.9600000000000002,2,17633449925092402329,0.9999999999999984
40,0.0,0.9800000000000002,2,17633449925092402329,0.999999999999998
40,0.0,1.0000000000000002,2,17633449925092402329,1.0000000000000018
40,0.0,1.0199999999999998,2,17633449925092402329,0.9999999999999998
40,0.0,1.0399999999999998,2,17633449925092402329,1.000000000000001
40,0.0,1.0599999999999998,2,17633449925092402329,0.9999999999999967
40,0.0,1.0799999999999998,2,17633449925092402329,1.0000000000000038
40,0.0,1.0999999999999999,2,17633449925092402329,0.9999999999999959
40,0.0,1.1199999999999999,2,17633449925092402329,1.0000000000000004
40,0.0,1.14,2,17633449925092402329,1.0000000000000009
40,0.0,1.16,2,17633449925092402329,1.0000000000000002
40,0.0,1.18,2,17633449925092402329,1.0000000000000024
40,0.0,1.2,2,17633449925092402329,1.000000000000001
40,0.0,1.22,2,17633449925092402329,1.0000000000000029
40,0.0,1.24,2,17633449925092402329,0.9999999999999981
40,0.0,1.26,2,17633449925092402329,1.0000000000000064
40,0.0,1.28,2,17633449925092402329,1.0000000000000036
40,0.0,1.3,2,17633449925092402329,0.9999999999999986
40,0.0,1.32,2,17633449925092402329,1.000000000000006
40,0.0,1.34,2,17633449925092402329,1.000000000000002
40,0.0,1.36,2,17633449925092402329,0.9999999999999949
40,0.0,1.3800000000000001,2,17633449925092402329,1.0
40,0.0,1.4000000000000001,2,17633449925092402329,0.9999999999999989
40,0.0,1.4200000000000002,2,17633449925092402329,1.0000000000000022
40,0.0,1.4400000000000002,2,17633449925092402329,1.0000000000000004
40,0.0,1.4600000000000002,2,17633449925092402329,0.9999999999999984
40,0.0,1.4800000000000002,2,17633449925092402329,1.0000000000000009
40,0.0,1.5000000000000002,2,17633449925092402329,1.000000000000001
40,0.0,1.5200000000000002,2,17633449925092402329,0.9999999999999993
40,0.0,1.5399999999999998,2,17633449925092402329,1.0000000000000024
40,0.0,1.5599999999999998,2,17633449925092402329,0.9999999999999966
40,0.0,1.5799999999999998,2,17633449925092402329,0.999999999999998
40,0.0,1.5999999999999999,2,17633449925092402329,0.999999999999999
40,0.0,1.6199999999999999,2,17633449925092402329,0.9999999999999974
40,0.0,1.64,2,17633449925092402329,0.9999999999999997
40,0.0,1.66,2,17633449925092402329,1.0000000000000022
40,0.0,1.68,2,17633449925092402329,0.999999999999998
40,0.0,1.7,2,17633449925092402329,1.0000000000000009
40,0.0,1.72,2,17633449925092402329,1.0000000000000016
40,0.0,1.74,2,17633449925092402329,1.0000000000000033
40,0.0,1.76,2,17633449925092402329,1.000000000000001
40,0.0,1.78,2,17633449925092402329,0.9999999999999988
40,0.0,1.8,2,17633449925092402329,0.9999999999999969
40,0.0,-1.8,3,11313609369951680428,0.9999999999999969
40,0.0,-1.78,3,11313609369951680428,0.9999999999999988
40,0.0,-1.76,3,11313609369951680428,1.000000000000001
40,0.0,-1.74,3,11313609369951680428,1.0000000000000033
40,0.0,-1.72,3,11313609369951680428,1.0000000000000016
40,0.0,-1.7,3,11313609369951680428,1.0000000000000009
40,0.0,-1.6800000000000002,3,11313609369951680428,1.0
40,0.0,-1.6600000000000001,3,11313609369951680428,0.9999999999999991
40,0.0,-1.6400000000000001,3,11313609369951680428,1.0000000000000004
40,0.0,-1.62,3,11313609369951680428,0.9999999999999958
40,0.0,-1.6,3,11313609369951680428,1.0000000000000018
40,0.0,-1.58,3,11313609369951680428,1.0000000000000009
40,0.0,-1.56,3,11313609369951680428,0.9999999999999989
40,0.0,-1.54,3,11313609369951680428,1.000000000000003
40,0.0,-1.52,3,11313609369951680428,0.9999999999999989
40,0.0,-1.5,3,11313609369951680428,1.000000000000001
40,0.0,-1.48,3,11313609369951680428,1.0000000000000002
40,0.0,-1.46,3,11313609369951680428,0.9999999999999986
40,0.0,-1.44,3,11313609369951680428,0.9999999999999991
40,0.0,-1.42,3,11313609369951680428,0.9999999999999991
40,0.0,-1.4,3,11313609369951680428,1.0000000000000022
40,0.0,-1.3800000000000001,3,11313609369951680428,1.0
40,0.0,-1.36,3,11313609369951680428,0.9999999999999949
40,0.0,-1.34,3,11313609369951680428,1.000000000000002
40,0.0,-1.32,3,11313609369951680428,1.000000000000006
40,0.0,-1.3,3,11313609369951680428,0.9999999999999986
40,0.0,-1.28,3,11313609369951680428,1.0000000000000036
40,0.0,-1.26,3,11313609369951680428,1.0000000000000064
40,0.0,-1.24,3,11313609369951680428,0.9999999999999981
40,0.0,-1.2200000000000002,3,11313609369951680428,1.0000000000000022
40,0.0,-1.2000000000000002,3,11313609369951680428,0.9999999999999987
40,0.0,-1.1800000000000002,3,11313609369951680428,0.9999999999999987
40,0.0,-1.1600000000000001,3,11313609369951680428,0.9999999999999961
40,0.0,-1.1400000000000001,3,11313609369951680428,0.9999999999999979
40,0.0,-1.12,3,11313609369951680428,0.9999999999999962
40,0.0,-1.1,3,11313609369951680428,0.999999999999995
40,0.0,-1.08,3,11313609369951680428,1.0000000000000033
40,0.0,-1.06,3,11313609369951680428,0.9999999999999994
40,0.0,-1.04,3,11313609369951680428,1.0000000000000056
40,0.0,-1.02,3,11313609369951680428,0.9999999999999976
40,0.0,-1.0,3,11313609369951680428,1.0000000000000004
40,0.0,-0.98,3,11313609369951680428,0.999999999999996
40,0.0,-0.9600000000000001,3,11313609369951680428,1.0000000000000016
40,0.0,-0.9400000000000001,3,11313609369951680428,0.9999999999999944
40,0.0,-0.92,3,11313609369951680428,1.000000000000002
40,0.0,-0.9,3,11313609369951680428,1.0000000000000056
40,0.0,-0.88,3,11313609369951680428,0.9999999999999968
40,0.0,-0.86,3,11313609369951680428,0.9999999999999999
40,0.0,-0.8400000000000001,3,11313609369951680428,0.9999999999999996
40,0.0,-0.8200000000000001,3,11313609369951680428,0.9999999999999969
40,0.0,-0.8,3,11313609369951680428,0.9999999999999971
40,0.0,-0.78,3,11313609369951680428,1.0000000000000053
40,0.0,-0.76,3,11313609369951680428,1.0000000000000044
40,0.0,-0.74,3,11313609369951680428,0.999999999999998
40,0.0,-0.72,3,11313609369951680428,1.0000000000000029
40,0.0,-0.7,3,11313609369951680428,1.0
40,0.0,-0.6799999999999999,3,11313609369951680428,0.9999999999999968
40,0.0,-0.6599999999999999,3,11313609369951680428,1.000000000000001
40,0.0,-0.6400000000000001,3,11313609369951680428,0.9999999999999967
40,0.0,-0.6200000000000001,3,11313609369951680428,0.9999999999999958
40,0.0,-0.6000000000000001,3,11313609369951680428,0.9999999999999982
40,0.0,-0.5800000000000001,3,11313609369951680428,0.9999999999999986
40,0.0,-0.56,3,11313609369951680428,1.0000000000000062
40,0.0,-0.54,3,11313609369951680428,1.0000000000000027
40,0.0,-0.52,3,11313609369951680428,1.000000000000005
40,0.0,-0.5,3,11313609369951680428,1.0000000000000016
40,0.0,-0.48,3,11313609369951680428,1.0000000000000075
40,0.0,-0.45999999999999996,3,11313609369951680428,0.999999999999999
40,0.0,-0.43999999999999995,3,11313609369951680428,0.9999999999999962
40,0.0,-0.41999999999999993,3,11313609369951680428,1.0000000000000016
40,0.0,-0.3999999999999999,3,11313609369951680428,0.9999999999999971
40,0.0,-0.3800000000000001,3,11313609369951680428,1.0000000000000058
40,0.0,-0.3600000000000001,3,11313609369951680428,0.9999999999999988
40,0.0,-0.3400000000000001,3,11313609369951680428,0.9999999999999994
40,0.0,-0.32000000000000006,3,11313609369951680428,1.000000000000004
40,0.0,-0.30000000000000004,3,11313609369951680428,0.9999999999999984
40,0.0,-0.28,3,11313609369951680428,1.0000000000000056
40,0.0,-0.26,3,11313609369951680428,1.0000000000000058
40,0.0,-0.24,3,11313609369951680428,1.0000000000000016
40,0.0,-0.21999999999999997,3,11313609369951680428,0.9999999999999996
40,0.0,-0.19999999999999996,3,11313609369951680428,1.0000000000000004
40,0.0,-0.17999999999999994,3,11313609369951680428,1.0000000000000002
40,0.0,-0.15999999999999992,3,11313609369951680428,1.0000000000000009
40,0.0,-0.1399999999999999,3,11313609369951680428,0.9999999999999996
40,0.0,-0.1200000000000001,3,11313609369951680428,0.9999999999999923
40,0.0,-0.10000000000000009,3,11313609369951680428,1.0000000000000002
40,0.0,-0.08000000000000007,3,11313609369951680428,0.9999999999999988
40,0.0,-0.06000000000000005,3,11313609369951680428,1.0000000000000042
40,0.0,-0.040000000000000036,3,11313609369951680428,1.0000000000000007
40,0.0,-0.020000000000000018,3,11313609369951680428,1.0000000000000004
40,0.0,0.0,3,11313609369951680428,1.0
40,0.0,0.020000000000000018,3,11313609369951680428,1.0000000000000004
40,0.0,0.040000000000000036,3,11313609369951680428,1.0000000000000007
40,0.0,0.06000000000000005,3,11313609369951680428,1.0000000000000042
40,0.0,0.08000000000000007,3,11313609369951680428,0.9999999999999988
40,0.0,0.10000000000000009,3,11313609369951680428,1.0000000000000002
40,0.0,0.11999999999999988,3,11313609369951680428,0.9999999999999997
40,0.0,0.1399999999999999,3,11313609369951680428,0.9999999999999996
40,0.0,0.15999999999999992,3,11313609369951680428,1.0000000000000009
40,0.0,0.17999999999999994,3,11313609369951680428,1.0000000000000002
40,0.0,0.19999999999999996,3,11313609369951680428,1.0000000000000004
40,0.0,0.21999999999999997,3,11313609369951680428,0.9999999999999996
40,0.0,0.24,3,11313609369951680428,1.0000000000000016
40,0.0,0.26,3,11313609369951680428,1.0000000000000058
40,0.0,0.28,3,11313609369951680428,1.0000000000000056
40,0.0,0.30000000000000004,3,11313609369951680428,0.9999999999999984
40,0.0,0.32000000000000006,3,11313609369951680428,1.000000000000004
40,0.0,0.3400000000000001,3,11313609369951680428,0.9999999999999994
40,0.0,0.3600000000000001,3,11313609369951680428,0.9999999999999988
40,0.0,0.3800000000000001,3,11313609369951680428,1.0000000000000058
40,0.0,0.40000000000000013,3,11313609369951680428,0.9999999999999973
40,0.0,0.42000000000000015,3,11313609369951680428,1.000000000000002
40,0.0,0.44000000000000017,3,11313609369951680428,0.9999999999999973
40,0.0,0.4600000000000002,3,11313609369951680428,0.9999999999999994
40,0.0,0.4800000000000002,3,11313609369951680428,1.0000000000000033
40,0.0,0.5000000000000002,3,11313609369951680428,1.0000000000000024
40,0.0,0.5199999999999998,3,11313609369951680428,1.0000000000000022
40,0.0,0.5399999999999998,3,11313609369951680428,1.0000000000000004
40,0.0,0.5599999999999998,3,11313609369951680428,1.0000000000000027
40,0.0,0.5799999999999998,3,11313609369951680428,0.9999999999999992
40,0.0,0.5999999999999999,3,11313609369951680428,1.0000000000000018
40,0.0,0.6199999999999999,3,11313609369951680428,0.9999999999999939
40,0.0,0.6399999999999999,3,11313609369951680428,0.9999999999999996
40,0.0,0.6599999999999999,3,11313609369951680428,1.000000000000001
40,0.0,0.6799999999999999,3,11313609369951680428,0.9999999999999968
40,0.0,0.7,3,11313609369951680428,1.0
40,0.0,0.72,3,11313609369951680428,1.0000000000000029
40,0.0,0.74,3,11313609369951680428,0.999999999999998
40,0.0,0.76,3,11313609369951680428,1.0000000000000044
40,0.0,0.78,3,11313609369951680428,1.0000000000000053
40,0.0,0.8,3,11313609369951680428,0.9999999999999971
40,0.0,0.8200000000000001,3,11313609369951680428,0.9999999999999969
40,0.0,0.8400000000000001,3,11313609369951680428,0.9999999999999996
40,0.0,0.8600000000000001,3,11313609369951680428,1.0000000000000018
40,0.0,0.8800000000000001,3,11313609369951680428,0.9999999999999996
40,0.0,0.9000000000000001,3,11313609369951680428,1.0000000000000009
40,0.0,0.9200000000000002,3,11313609369951680428,1.0000000000000004
40,0.0,0.9400000000000002,3,11313609369951680428,0.9999999999999963
40,0.0,0.9600000000000002,3,11313609369951680428,0.9999999999999984
40,0.0,0.9800000000000002,3,11313609369951680428,0.999999999999998
40,0.0,1.0000000000000002,3,11313609369951680428,1.0000000000000018
40,0.0,1.0199999999999998,3,11313609369951680428,0.9999999999999998
40,0.0,1.0399999999999998,3,11313609369951680428,1.000000000000001
40,0.0,1.0599999999999998,3,11313609369951680428,0.9999999999999967
40,0.0,1.0799999999999998,3,11313609369951680428,1.0000000000000038
40,0.0,1.0999999999999999,3,11313609369951680428,0.9999999999999959
40,0.0,1.1199999999999999,3,11313609369951680428,1.0000000000000004
40,0.0,1.14,3,11313609369951680428,1.0000000000000009
40,0.0,1.16,3,11313609369951680428,1.0000000000000002
40,0.0,1.18,3,11313609369951680428,1.0000000000000024
40,0.0,1.2,3,11313609369951680428,1.000000000000001
40,0.0,1.22,3,11313609369951680428,1.0000000000000029
40,0.0,1.24,3,11313609369951680428,0.9999999999999981
40,0.0,1.26,3,11313609369951680428,1.0000000000000064
40,0.0,1.28,3,11313609369951680428,1.0000000000000036
40,0.0,1.3,3,11313609369951680428,0.9999999999999986
40,0.0,1.32,3,11313609369951680428,1.000000000000006
40,0.0,1.34,3,11313609369951680428,1.000000000000002
40,0.0,1.36,3,11313609369951680428,0.9999999999999949
40,0.0,1.3800000000000001,3,11313609369951680428,1.0
40,0.0,1.4000000000000001,3,11313609369951680428,0.9999999999999989
40,0.0,1.4200000000000002,3,11313609369951680428,1.0000000000000022
40,0.0,1.4400000000000002,3,11313609369951680428,1.0000000000000004
40,0.0,1.4600000000000002,3,11313609369951680428,0.9999999999999984
40,0.0,1.4800000000000002,3,11313609369951680428,1.0000000000000009
40,0.0,1.5000000000000002,3,11313609369951680428,1.000000000000001
40,0.0,1.5200000000000002,3,11313609369951680428,0.9999999999999993
40,0.0,1.5399999999999998,3,11313609369951680428,1.0000000000000024
40,0.0,1.5599999999999998,3,11313609369951680428,0.9999999999999966
40,0.0,1.5799999999999998,3,11313609369951680428,0.999999999999998
40,0.0,1.5999999999999999,3,11313609369951680428,0.999999999999999
40,0.0,1.6199999999999999,3,11313609369951680428,0.9999999999999974
40,0.0,1.64,3,11313609369951680428,0.9999999999999997
40,0.0,1.66,3,11313609369951680428,1.0000000000000022
40,0.0,1.68,3,11313609369951680428,0.999999999999998
40,0.0,1.7,3,11313609369951680428,1.0000000000000009
40,0.0,1.72,3,11313609369951680428,1.0000000000000016
40,0.0,1.74,3,11313609369951680428,1.0000000000000033
40,0.0,1.76,3,11313609369951680428,1.000000000000001
40,0.0,1.78,3,11313609369951680428,0.9999999999999988
40,0.0,1.8,3,11313609369951680428,0.9999999999999969
40,0.5,-1.8,0,17282002986053369957,0.9007653845778032
40,0.5,-1.78,0,17282002986053369957,0.7144015722254508
40,0.5,-1.76,0,17282002986053369957,0.5398823689404109
40,0.5,-1.74,0,17282002986053369957,0.5929549710384833
40,0.5,-1.72,0,17282002986053369957,0.8822051087557938
40,0.5,-1.7,0,17282002986053369957,0.9159244145562768
40,0.5,-1.6800000000000002,0,17282002986053369957,0.5857005048983279
40,0.5,-1.6600000000000001,0,17282002986053369957,0.4281115030827818
40,0.5,-1.6400000000000001,0,17282002986053369957,0.40318311202228346
40,0.5,-1.62,0,17282002986053369957,0.45183245250258036
40,0.5,-1.6,0,17282002986053369957,0.5429776956952933
40,0.5,-1.58,0,17282002986053369957,0.6555677801753197
40,0.5,-1.56,0,17282002986053369957,0.7877636844941389
40,0.5,-1.54,0,17282002986053369957,0.9111952084712713
40,0.5,-1.52,0,17282002986053369957,0.9147011916278412
40,0.5,-1.5,0,17282002986053369957,0.778771515814432
40,0.5,-1.48,0,17282002986053369957,0.643784444384425
40,0.5,-1.46,0,17282002986053369957,0.5862283295885592
40,0.5,-1.44,0,17282002986053369957,0.6157466650378772
40,0.5,-1.42,0,17282002986053369957,0.7323772862179143
40,0.5,-1.4,0,17282002986053369957,0.8933787978474754
40,0.5,-1.3800000000000001,0,17282002986053369957,0.9358767379969208
40,0.5,-1.36,0,17282002986053369957,0.7899622310675858
40,0.5,-1.34,0,17282002986053369957,0.621326795151573
40,0.5,-1.32,0,17282002986053369957,0.521758462813273
40,0.5,-1.3,0,17282002986053369957,0.4912213455962563
40,0.5,-1.28,0,17282002986053369957,0.5199051234196652
40,0.5,-1.26,0,17282002986053369957,0.6061833126479257
40,0.5,-1.24,0,17282002986053369957,0.7445305707086244
40,0.5,-1.2200000000000002,0,17282002986053369957,0.8947143086579735
40,0.5,-1.2000000000000002,0,17282002986053369957,0.9781789443232648
40,0.5,-1.1800000000000002,0,17282002986053369957,0.9664032247164128
40,0.5,-1.1600000000000001,0,17282002986053369957,0.915877437474574
40,0.5,-1.1400000000000001,0,17282002986053369957,0.8831184902773077
40,0.5,-1.12,0,17282002986053369957,0.886861503226229
40,0.5,-1.1,0,17282002986053369957,0.9202456780469386
40,0.5,-1.08,0,17282002986053369957,0.961391570765027
40,0.5,-1.06,0,17282002986053369957,0.9843550625473411
40,0.5,-1.04,0,17282002986053369957,0.9778462564514825
40,0.5,-1.02,0,17282002986053369957,0.9531319238771212
40,0.5,-1.0,0,17282002986053369957,0.9295103286133461
40,0.5,-0.98,0,17282002986053369957,0.9178487119806827
40,0.5,-0.9600000000000001,0,17282002986053369957,0.9161249343786081
40,0.5,-0.9400000000000001,0,17282002986053369957,0.9133139501524858
40,0.5,-0.92,0,17282002986053369957,0.8982939910148602
40,0.5,-0.9,0,17282002986053369957,0.8697088830507146
40,0.5,-0.88,0,17282002986053369957,0.8377342340204827
40,0.5,-0.86,0,17282002986053369957,0.816362700564224
40,0.5,-0.8400000000000001,0,17282002986053369957,0.8156852405293128
40,0.5,-0.8200000000000001,0,17282002986053369957,0.8390348415087369
40,0.5,-0.8,0,17282002986053369957,0.8820106930380088
40,0.5,-0.78,0,17282002986053369957,0.9314311237995722
40,0.5,-0.76,0,17282002986053369957,0.9680947451568357
40,0.5,-0.74,0,17282002986053369957,0.9778734658809388
40,0.5,-0.72,0,17282002986053369957,0.9631160340325
40,0.5,-0.7,0,17282002986053369957,0.9398140489718609
40,0.5,-0.6799999999999999,0,17282002986053369957,0.9246447563641015
40,0.5,-0.6599999999999999,0,17282002986053369957,0.926423428735135
40,0.5,-0.6400000000000001,0,17282002986053369957,0.9446175391106185
40,0.5,-0.6200000000000001,0,17282002986053369957,0.9707404516147018
40,0.5,-0.6000000000000001,0,17282002986053369957,0.9920109142974955
40,0.5,-0.5800000000000001,0,17282002986053369957,0.9985963069120807
40,0.5,-0.56,0,17282002986053369957,0.9905750311113438
40,0.5,-0.54,0,17282002986053369957,0.9773764362442499
40,0.5,-0.52,0,17282002986053369957,0.9702580351079083
40,0.5,-0.5,0,17282002986053369957,0.9750920787202983
40,0.5,-0.48,0,17282002986053369957,0.988824197594587
40,0.5,-0.45999999999999996,0,17282002986053369957,0.999266877979106
40,0.5,-0.43999999999999995,0,17282002986053369957,0.990093748311088
40,0.5,-0.41999999999999993,0,17282002986053369957,0.9521642689531206
40,0.5,-0.3999999999999999,0,17282002986053369957,0.8922322570931313
40,0.5,-0.3800000000000001,0,17282002986053369957,0.8281422246541263
40,0.5,-0.3600000000000001,0,17282002986053369957,0.7768860778105353
40,0.5,-0.3400000000000001,0,17282002986053369957,0.7485256479981762
40,0.5,-0.32000000000000006,0,17282002986053369957,0.747058130393074
40,0.5,-0.30000000000000004,0,17282002986053369957,0.7726479605094191
40,0.5,-0.28,0,17282002986053369957,0.8218419561421557
40,0.5,-0.26,0,17282002986053369957,0.8855287106882436
40,0.5,-0.24,0,17282002986053369957,0.9473431663162273
40,0.5,-0.21999999999999997,0,17282002986053369957,0.9879533254916659
40,0.5,-0.19999999999999996,0,17282002986053369957,0.9965257703101427
40,0.5,-0.17999999999999994,0,17282002986053369957,0.9784758241276164
40,0.5,-0.15999999999999992,0,17282002986053369957,0.9497485086702614
40,0.5,-0.1399999999999999,0,17282002986053369957,0.9254509071961725
40,0.5,-0.1200000000000001,0,17282002986053369957,0.9139698432594947
40,0.5,-0.10000000000000009,0,17282002986053369957,0.9169687775690287
40,0.5,-0.08000000000000007,0,17282002986053369957,0.9312609259242247
40,0.5,-0.06000000000000005,0,17282002986053369957,0.9508057487120424
40,0.5,-0.040000000000000036,0,17282002986053369957,0.9690367349128042
40,0.5,-0.020000000000000018,0,17282002986053369957,0.981450703713528
40,0.5,0.0,0,17282002986053369957,0.9871966974910622
40,0.5,0.020000000000000018,0,17282002986053369957,0.9885204843310693
40,0.5,0.040000000000000036,0,17282002986053369957,0.9886415621011092
40,0.5,0.06000000000000005,0,17282002986053369957,0.9897560493175971
40,0.5,0.08000000000000007,0,17282002986053369957,0.9922781798620859
40,0.5,0.10000000000000009,0,17282002986053369957,0.9953292061382853
40,0.5,0.11999999999999988,0,17282002986053369957,0.9978245195752868
40,0.5,0.1399999999999999,0,17282002986053369957,0.9992944129614367
40,0.5,0.15999999999999992,0,17282002986053369957,0.9997821924678186
40,0.5,0.17999999999999994,0,17282002986053369957,0.9988269133402632
40,0.5,0.19999999999999996,0,17282002986053369957,0.9942935243578184
40,0.5,0.21999999999999997,0,17282002986053369957,0.9822006497456004
40,0.5,0.24,0,17282002986053369957,0.9584198747428412
40,0.5,0.26,0,17282002986053369957,0.9217867769766437
40,0.5,0.28,0,17282002986053369957,0.8762863859876656
40,0.5,0.30000000000000004,0,17282002986053369957,0.830103151380054
40,0.5,0.32000000000000006,0,17282002986053369957,0.7923459426987808
40,0.5,0.3400000000000001,0,17282002986053369957,0.7702636945189992
40,0.5,0.3600000000000001,0,17282002986053369957,0.7682860777745171
40,0.5,0.3800000000000001,0,17282002986053369957,0.7879731229578891
40,0.5,0.40000000000000013,0,17282002986053369957,0.827349114114964
40,0.5,0.42000000000000015,0,17282002986053369957,0.878975727543396
40,0.5,0.44000000000000017,0,17282002986053369957,0.9284103785235597
40,0.5,0.4600000000000002,0,17282002986053369957,0.9576968744747995
40,0.5,0.4800000000000002,0,17282002986053369957,0.95611227758522
40,0.5,0.5000000000000002,0,17282002986053369957,0.9288991988924568
40,0.5,0.5199999999999998,0,17282002986053369957,0.8928482076102013
40,0.5,0.5399999999999998,0,17282002986053369957,0.8646926653032667
40,0.5,0.5599999999999998,0,17282002986053369957,0.854475129955336
40,0.5,0.5799999999999998,0,17282002986053369957,0.8651153251994967
40,0.5,0.5999999999999999,0,17282002986053369957,0.8935672183285217
40,0.5,0.6199999999999999,0,17282002986053369957,0.9315347323041846
40,0.5,0.6399999999999999,0,17282002986053369957,0.9672829045613498
40,0.5,0.6599999999999999,0,17282002986053369957,0.9905495253713333
40,0.5,0.6799999999999999,0,17282002986053369957,0.9983842934914919
40,0.5,0.7,0,17282002986053369957,0.9960908206167808
40,0.5,0.72,0,17282002986053369957,0.9919549424127988
40,0.5,0.74,0,17282002986053369957,0.9909337421430668
40,0.5,0.76,0,17282002986053369957,0.9916699487101345
40,0.5,0.78,0,17282002986053369957,0.9876787632207222
40,0.5,0.8,0,17282002986053369957,0.9722327855706377
40,0.5,0.8200000000000001,0,17282002986053369957,0.9443894150705955
40,0.5,0.8400000000000001,0,17282002986053369957,0.9110555217548538
40,0.5,0.8600000000000001,0,17282002986053369957,0.8831503182473875
40,0.5,0.8800000000000001,0,17282002986053369957,0.8701023665710224
40,0.5,0.9000000000000001,0,17282002986053369957,0.8767087781126185
40,0.5,0.9200000000000002,0,17282002986053369957,0.9019739071281689
40,0.5,0.9400000000000002,0,17282002986053369957,0.938289780935516
40,0.5,0.9600000000000002,0,17282002986053369957,0.9719300683707264
40,0.5,0.9800000000000002,0,17282002986053369957,0.9882974817900467
40,0.5,1.0000000000000002,0,17282002986053369957,0.9814290695453021
40,0.5,1.0199999999999998,0,17282002986053369957,0.9586698673084635
40,0.5,1.0399999999999998,0,17282002986053369957,0.9346211205604027
40,0.5,1.0599999999999998,0,17282002986053369957,0.9216610395700973
40,0.5,1.0799999999999998,0,17282002986053369957,0.9250370355598233
40,0.5,1.0999999999999999,0,17282002986053369957,0.9422593413662532
40,0.5,1.1199999999999999,0,17282002986053369957,0.9645867756316228
40,0.5,1.14,0,17282002986053369957,0.9812978239415622
40,0.5,1.16,0,17282002986053369957,0.9868000857176931
40,0.5,1.18,0,17282002986053369957,0.9849896691866196
40,0.5,1.2,0,17282002986053369957,0.9850556674995904
40,0.5,1.22,0,17282002986053369957,0.9915634594017234
40,0.5,1.24,0,17282002986053369957,0.9960330463613164
40,0.5,1.26,0,17282002986053369957,0.9777562676224091
40,0.5,1.28,0,17282002986053369957,0.9224280185086656
40,0.5,1.3,0,17282002986053369957,0.8444829999428227
40,0.5,1.32,0,17282002986053369957,0.778884599275584
40,0.5,1.34,0,17282002986053369957,0.7558560233457245
40,0.5,1.36,0,17282002986053369957,0.7926526250284788
40,0.5,1.3800000000000001,0,17282002986053369957,0.8884680269178482
40,0.5,1.4000000000000001,0,17282002986053369957,0.9854151880130835
40,0.5,1.4200000000000002,0,17282002986053369957,0.9552470352997096
40,0.5,1.4400000000000002,0,17282002986053369957,0.7957423311010168
40,0.5,1.4600000000000002,0,17282002986053369957,0.6534565522077891
40,0.5,1.4800000000000002,0,17282002986053369957,0.6040518763798551
40,0.5,1.5000000000000002,0,17282002986053369957,0.6685741513539661
40,0.5,1.5200000000000002,0,17282002986053369957,0.8578690734475163
40,0.5,1.5399999999999998,0,17282002986053369957,0.9805674704250841
40,0.5,1.5599999999999998,0,17282002986053369957,0.7271427643684975
40,0.5,1.5799999999999998,0,17282002986053369957,0.4653268490242538
40,0.5,1.5999999999999999,0,17282002986053369957,0.3595524936347694
40,0.5,1.6199999999999999,0,17282002986053369957,0.375029406057736
40,0.5,1.64,0,17282002986053369957,0.5501722091994055
40,0.5,1.66,0,17282002986053369957,0.9325480474773232
40,0.5,1.68,0,17282002986053369957,0.7099528527217303
40,0.5,1.7,0,17282002986053369957,0.3475567885358158
40,0.5,1.72,0,17282002986053369957,0.23026851322124883
40,0.5,1.74,0,17282002986053369957,0.21962827367805854
40,0.5,1.76,0,17282002986053369957,0.2915584225003221
40,0.5,1.78,0,17282002986053369957,0.5013803799730745
40,0.5,1.8,0,17282002986053369957,0.8580951615016376
40,0.5,-1.8,1,13456924125168110322,0.26008271616827205
40,0.5,-1.78,1,13456924125168110322,0.6502671219882389
40,0.5,-1.76,1,13456924125168110322,0.931655137772791
40,0.5,-1.74,1,13456924125168110322,0.9939138829673012
40,0.5,-1.72,1,13456924125168110322,0.9365837221490126
40,0.5,-1.7,1,13456924125168110322,0.8228571590018908
40,0.5,-1.6800000000000002,1,13456924125168110322,0.7905246566722507
40,0.5,-1.6600000000000001,1,13456924125168110322,0.8649716070972242
40,0.5,-1.6400000000000001,1,13456924125168110322,0.9689452067111105
40,0.5,-1.62,1,13456924125168110322,0.9588018466756905
40,0.5,-1.6,1,13456924125168110322,0.8304804220709863
40,0.5,-1.58,1,13456924125168110322,0.697974954102547
40,0.5,-1.56,1,13456924125168110322,0.6078643758212348
40,0.5,-1.54,1,13456924125168110322,0.552039645264746
40,0.5,-1.52,1,13456924125168110322,0.509159501118948
40,0.5,-1.5,1,13456924125168110322,0.45954657488548717
40,0.5,-1.48,1,13456924125168110322,0.3985145408165691
40,0.5,-1.46,1,13456924125168110322,0.3395197206640676
40,0.5,-1.44,1,13456924125168110322,0.2981142427030317
40,0.5,-1.42,1,13456924125168110322,0.28189228076464135
40,0.5,-1.4,1,13456924125168110322,0.2949895121827182
40,0.5,-1.3800000000000001,1,13456924125168110322,0.34515234635330855
40,0.5,-1.36,1,13456924125168110322,0.44700903811202247
40,0.5,-1.34,1,13456924125168110322,0.6115150983788002
40,0.5,-1.32,1,13456924125168110322,0.7981323975865697
40,0.5,-1.3,1,13456924125168110322,0.8952272752542889
40,0.5,-1.28,1,13456924125168110322,0.8767299653580947
40,0.5,-1.26,1,13456924125168110322,0.8317252729595694
40,0.5,-1.24,1,13456924125168110322,0.817548177387639
40,0.5,-1.2200000000000002,1,13456924125168110322,0.8380357157329245
40,0.5,-1.2000000000000002,1,13456924125168110322,0.8721948531608579
40,0.5,-1.1800000000000002,1,13456924125168110322,0.8960464184336068
40,0.5,-1.1600000000000001,1,13456924125168110322,0.9035862041965772
40,0.5,-1.1400000000000001,1,13456924125168110322,0.9089786652580699
40,0.5,-1.12,1,13456924125168110322,0.9275759181262562
40,0.5,-1.1,1,13456924125168110322,0.9602826422475376
40,0.5,-1.08,1,13456924125168110322,0.9910420968778884
40,0.5,-1.06,1,13456924125168110322,0.998623175396975
40,0.5,-1.04,1,13456924125168110322,0.9780161350508177
40,0.5,-1.02,1,13456924125168110322,0.9463306484422646
40,0.5,-1.0,1,13456924125168110322,0.925122397808936
40,0.5,-0.98,1,13456924125168110322,0.9240919188454557
40,0.5,-0.9600000000000001,1,13456924125168110322,0.9372650667709241
40,0.5,-0.9400000000000001,1,13456924125168110322,0.9468532872348943
40,0.5,-0.92,1,13456924125168110322,0.9354515841309226
40,0.5,-0.9,1,13456924125168110322,0.9018526521916654
40,0.5,-0.88,1,13456924125168110322,0.8621196000832799
40,0.5,-0.86,1,13456924125168110322,0.834780521683896
40,0.5,-0.8400000000000001,1,13456924125168110322,0.8294111473076832
40,0.5,-0.8200000000000001,1,13456924125168110322,0.8445674931659471
40,0.5,-0.8,1,13456924125168110322,0.8694742455345091
40,0.5,-0.78,1,13456924125168110322,0.8890880406795123
40,0.5,-0.76,1,13456924125168110322,0.8945731330600214
40,0.5,-0.74,1,13456924125168110322,0.8913396373228194
40,0.5,-0.72,1,13456924125168110322,0.8943305177556539
40,0.5,-0.7,1,13456924125168110322,0.9158937921653686
40,0.5,-0.6799999999999999,1,13456924125168110322,0.955623568110704
40,0.5,-0.6599999999999999,1,13456924125168110322,0.992885383886694
40,0.5,-0.6400000000000001,1,13456924125168110322,0.99028788938362
40,0.5,-0.6200000000000001,1,13456924125168110322,0.9255787201813279
40,0.5,-0.6000000000000001,1,13456924125168110322,0.8217246647685785
40,0.5,-0.5800000000000001,1,13456924125168110322,0.722439321824449
40,0.5,-0.56,1,13456924125168110322,0.655345102230891
40,0.5,-0.54,1,13456924125168110322,0.629136599102941
40,0.5,-0.52,1,13456924125168110322,0.6448854957118932
40,0.5,-0.5,1,13456924125168110322,0.7014084520660594
40,0.5,-0.48,1,13456924125168110322,0.7910720735106767
40,0.5,-0.45999999999999996,1,13456924125168110322,0.8885862022283552
40,0.5,-0.43999999999999995,1,13456924125168110322,0.9511655667721236
40,0.5,-0.41999999999999993,1,13456924125168110322,0.9541249963320256
40,0.5,-0.3999999999999999,1,13456924125168110322,0.9200165217030689
40,0.5,-0.3800000000000001,1,13456924125168110322,0.8896823136227705
40,0.5,-0.3600000000000001,1,13456924125168110322,0.8864591305857135
40,0.5,-0.3400000000000001,1,13456924125168110322,0.9070722966781528
40,0.5,-0.32000000000000006,1,13456924125168110322,0.9190058578850742
40,0.5,-0.30000000000000004,1,13456924125168110322,0.872644157568511
40,0.5,-0.28,1,13456924125168110322,0.7548566036306269
40,0.5,-0.26,1,13456924125168110322,0.6130350916289006
40,0.5,-0.24,1,13456924125168110322,0.49599045559314614
40,0.5,-0.21999999999999997,1,13456924125168110322,0.4191837770725871
40,0.5,-0.19999999999999996,1,13456924125168110322,0.37976581390559755
40,0.5,-0.17999999999999994,1,13456924125168110322,0.3729986216912797
40,0.5,-0.15999999999999992,1,13456924125168110322,0.3983637327475329
40,0.5,-0.1399999999999999,1,13456924125168110322,0.4608540554422095
40,0.5,-0.1200000000000001,1,13456924125168110322,0.5690181136109274
40,0.5,-0.10000000000000009,1,13456924125168110322,0.7236144226963881
40,0.5,-0.08000000000000007,1,13456924125168110322,0.8894968997341931
40,0.5,-0.06000000000000005,1,13456924125168110322,0.989195956277428
40,0.5,-0.040000000000000036,1,13456924125168110322,0.9870806222453017
40,0.5,-0.020000000000000018,1,13456924125168110322,0.9365326688505186
40,0.5,0.0,1,13456924125168110322,0.8996893443940187
40,0.5,0.020000000000000018,1,13456924125168110322,0.901001742022034
40,0.5,0.040000000000000036,1,13456924125168110322,0.9345015251765053
40,0.5,0.06000000000000005,1,13456924125168110322,0.969181755203698
40,0.5,0.08000000000000007,1,13456924125168110322,0.9593688477829965
40,0.5,0.10000000000000009,1,13456924125168110322,0.8855087239557982
40,0.5,0.11999999999999988,1,13456924125168110322,0.7788786180710872
40,0.5,0.1399999999999999,1,13456924125168110322,0.6832783607329874
40,0.5,0.15999999999999992,1,13456924125168110322,0.6206506162608377
40,0.5,0.17999999999999994,1,13456924125168110322,0.5944543051327689
40,0.5,0.19999999999999996,1,13456924125168110322,0.6008025998725698
40,0.5,0.21999999999999997,1,13456924125168110322,0.6319068705498372
40,0.5,0.24,1,13456924125168110322,0.6739023841018319
40,0.5,0.26,1,13456924125168110322,0.7070587939970455
40,0.5,0.28,1,13456924125168110322,0.7168360464406803
40,0.5,0.30000000000000004,1,13456924125168110322,0.7074645917771227
40,0.5,0.32000000000000006,1,13456924125168110322,0.6982519779383317
40,0.5,0.3400000000000001,1,13456924125168110322,0.7089831901724413
40,0.5,0.3600000000000001,1,13456924125168110322,0.7523387274404638
40,0.5,0.3800000000000001,1,13456924125168110322,0.8308118385772104
40,0.5,0.40000000000000013,1,13456924125168110322,0.9266542740339984
40,0.5,0.42000000000000015,1,13456924125168110322,0.9899415226735837
40,0.5,0.44000000000000017,1,13456924125168110322,0.967718483344764
40,0.5,0.4600000000000002,1,13456924125168110322,0.8708946857176033
40,0.5,0.4800000000000002,1,13456924125168110322,0.7604030237366205
40,0.5,0.5000000000000002,1,13456924125168110322,0.6795351839952783
40,0.5,0.5199999999999998,1,13456924125168110322,0.6409763514192546
40,0.5,0.5399999999999998,1,13456924125168110322,0.6442374200248189
40,0.5,0.5599999999999998,1,13456924125168110322,0.6855887689790408
40,0.5,0.5799999999999998,1,13456924125168110322,0.7573921482113518
40,0.5,0.5999999999999999,1,13456924125168110322,0.8426111995279215
40,0.5,0.6199999999999999,1,13456924125168110322,0.915302574070769
40,0.5,0.6399999999999999,1,13456924125168110322,0.956994535841295
40,0.5,0.6599999999999999,1,13456924125168110322,0.9723754090385887
40,0.5,0.6799999999999999,1,13456924125168110322,0.9792451450258818
40,0.5,0.7,1,13456924125168110322,0.9863845850191432
40,0.5,0.72,1,13456924125168110322,0.982842296466803
40,0.5,0.74,1,13456924125168110322,0.9459613803617123
40,0.5,0.76,1,13456924125168110322,0.8671495663738653
40,0.5,0.78,1,13456924125168110322,0.7673836552396828
40,0.5,0.8,1,13456924125168110322,0.6780534375142265
40,0.5,0.8200000000000001,1,13456924125168110322,0.6183937147461817
40,0.5,0.8400000000000001,1,13456924125168110322,0.5943793170637023
40,0.5,0.8600000000000001,1,13456924125168110322,0.606287853919647
40,0.5,0.8800000000000001,1,13456924125168110322,0.6525727907496878
40,0.5,0.9000000000000001,1,13456924125168110322,0.7280727054902747
40,0.5,0.9200000000000002,1,13456924125168110322,0.818902271246196
40,0.5,0.9400000000000002,1,13456924125168110322,0.9018374829653977
40,0.5,0.9600000000000002,1,13456924125168110322,0.9569171937915351
40,0.5,0.9800000000000002,1,13456924125168110322,0.9820640058724014
40,0.5,1.0000000000000002,1,13456924125168110322,0.9885209820819525
40,0.5,1.0199999999999998,1,13456924125168110322,0.9855259231507391
40,0.5,1.0399999999999998,1,13456924125168110322,0.9750339025947535
40,0.5,1.0599999999999998,1,13456924125168110322,0.9581347058996004
40,0.5,1.0799999999999998,1,13456924125168110322,0.9418340781034337
40,0.5,1.0999999999999999,1,13456924125168110322,0.9372948975738739
40,0.5,1.1199999999999999,1,13456924125168110322,0.9515681800563595
40,0.5,1.14,1,13456924125168110322,0.9791970579307611
40,0.5,1.16,1,13456924125168110322,0.998945995478491
40,0.5,1.18,1,13456924125168110322,0.9862585829381374
40,0.5,1.2,1,13456924125168110322,0.9401786859648877
40,0.5,1.22,1,13456924125168110322,0.8881518300947118
40,0.5,1.24,1,13456924125168110322,0.8595715474225027
40,0.5,1.26,1,13456924125168110322,0.8660791161739848
40,0.5,1.28,1,13456924125168110322,0.8964346831634334
40,0.5,1.3,1,13456924125168110322,0.9159643562739633
40,0.5,1.32,1,13456924125168110322,0.8874487099622274
40,0.5,1.34,1,13456924125168110322,0.8106053405433077
40,0.5,1.36,1,13456924125168110322,0.7151630225860395
40,0.5,1.3800000000000001,1,13456924125168110322,0.6190909640767656
40,0.5,1.4000000000000001,1,13456924125168110322,0.521923492286556
40,0.5,1.4200000000000002,1,13456924125168110322,0.42605466202309467
40,0.5,1.4400000000000002,1,13456924125168110322,0.3447606576866647
40,0.5,1.4600000000000002,1,13456924125168110322,0.28932541367865233
40,0.5,1.4800000000000002,1,13456924125168110322,0.2623891995446015
40,0.5,1.5000000000000002,1,13456924125168110322,0.2633095507347971
40,0.5,1.5200000000000002,1,13456924125168110322,0.2937666026724565
40,0.5,1.5399999999999998,1,13456924125168110322,0.35967128277831895
40,0.5,1.5599999999999998,1,13456924125168110322,0.4702137974371109
40,0.5,1.5799999999999998,1,13456924125168110322,0.634149562268387
40,0.5,1.5999999999999999,1,13456924125168110322,0.8376983888292224
40,0.5,1.6199999999999999,1,13456924125168110322,0.9671716094763895
40,0.5,1.64,1,13456924125168110322,0.8849187816035866
40,0.5,1.66,1,13456924125168110322,0.7299667324955637
40,0.5,1.68,1,13456924125168110322,0.6709090811010283
40,0.5,1.7,1,13456924125168110322,0.7509966994373537
40,0.5,1.72,1,13456924125168110322,0.9331830016218603
40,0.5,1.74,1,13456924125168110322,0.9703790562632525
40,0.5,1.76,1,13456924125168110322,0.8317394667972295
40,0.5,1.78,1,13456924125168110322,0.8315405493942901
40,0.5,1.8,1,13456924125168110322,0.9251564977446411
40,0.5,-1.8,2,1504895271943579835,0.06678525464669237
40,0.5,-1.78,2,1504895271943579835,0.07593844985379952
40,0.5,-1.76,2,1504895271943579835,0.10586194526438199
40,0.5,-1.74,2,1504895271943579835,0.195392968508957
40,0.5,-1.72,2,1504895271943579835,0.4553594083936625
40,0.5,-1.7,2,1504895271943579835,0.8981291356214437
40,0.5,-1.6800000000000002,2,1504895271943579835,0.9415333867200872
40,0.5,-1.6600000000000001,2,1504895271943579835,0.8304089880166802
40,0.5,-1.6400000000000001,2,1504895271943579835,0.8065069159549106
40,0.5,-1.62,2,1504895271943579835,0.7940451958073127
40,0.5,-1.6,2,1504895271943579835,0.7263445706293742
40,0.5,-1.58,2,1504895271943579835,0.6570572947645323
40,0.5,-1.56,2,1504895271943579835,0.663096916500677
40,0.5,-1.54,2,1504895271943579835,0.7887637571194802
40,0.5,-1.52,2,1504895271943579835,0.9816839225220279
40,0.5,-1.5,2,1504895271943579835,0.8518385524105186
40,0.5,-1.48,2,1504895271943579835,0.49076115507579193
40,0.5,-1.46,2,1504895271943579835,0.2839291482350986
40,0.5,-1.44,2,1504895271943579835,0.19523050663042799
40,0.5,-1.42,2,1504895271943579835,0.16174037831675522
40,0.5,-1.4,2,1504895271943579835,0.1594885080890673
40,0.5,-1.3800000000000001,2,1504895271943579835,0.18524280336708418
40,0.5,-1.36,2,1504895271943579835,0.25119176780707575
40,0.5,-1.34,2,1504895271943579835,0.38896464666459213
40,0.5,-1.32,2,1504895271943579835,0.6352067021993413
40,0.5,-1.3,2,1504895271943579835,0.905415094986129
40,0.5,-1.28,2,1504895271943579835,0.9776619683094039
40,0.5,-1.26,2,1504895271943579835,0.9128397045175063
40,0.5,-1.24,2,1504895271943579835,0.8721300851755837
40,0.5,-1.2200000000000002,2,1504895271943579835,0.8882713861880333
40,0.5,-1.2000000000000002,2,1504895271943579835,0.9266597366763556
40,0.5,-1.1800000000000002,2,1504895271943579835,0.9311511719689809
40,0.5,-1.1600000000000001,2,1504895271943579835,0.8796955381429844
40,0.5,-1.1400000000000001,2,1504895271943579835,0.8070563909657964
40,0.5,-1.12,2,1504895271943579835,0.754995243274158
40,0.5,-1.1,2,1504895271943579835,0.7414649655074528
40,0.5,-1.08,2,1504895271943579835,0.7673147525151077
40,0.5,-1.06,2,1504895271943579835,0.8239498382507443
40,0.5,-1.04,2,1504895271943579835,0.8938870313285237
40,0.5,-1.02,2,1504895271943579835,0.9539029999651701
40,0.5,-1.0,2,1504895271943579835,0.987564328520972
40,0.5,-0.98,2,1504895271943579835,0.9956920890488915
40,0.5,-0.9600000000000001,2,1504895271943579835,0.990741216980005
40,0.5,-0.9400000000000001,2,1504895271943579835,0.9841605554419192
40,0.5,-0.92,2,1504895271943579835,0.980738360698267
40,0.5,-0.9,2,1504895271943579835,0.980156772259514
40,0.5,-0.88,2,1504895271943579835,0.9803909416949078
40,0.5,-0.86,2,1504895271943579835,0.9795894651347082
40,0.5,-0.8400000000000001,2,1504895271943579835,0.9758073036085588
40,0.5,-0.8200000000000001,2,1504895271943579835,0.966052640653475
40,0.5,-0.8,2,1504895271943579835,0.9467261252132301
40,0.5,-0.78,2,1504895271943579835,0.9160624947877148
40,0.5,-0.76,2,1504895271943579835,0.8765937815007117
40,0.5,-0.74,2,1504895271943579835,0.8348834035021571
40,0.5,-0.72,2,1504895271943579835,0.7985328653467386
40,0.5,-0.7,2,1504895271943579835,0.7731268597207214
40,0.5,-0.6799999999999999,2,1504895271943579835,0.7609131489373161
40,0.5,-0.6599999999999999,2,1504895271943579835,0.7609096890440997
40,0.5,-0.6400000000000001,2,1504895271943579835,0.7696422257222533
40,0.5,-0.6200000000000001,2,1504895271943579835,0.7823843207839611
40,0.5,-0.6000000000000001,2,1504895271943579835,0.7950290107762857
40,0.5,-0.5800000000000001,2,1504895271943579835,0.8059814372748976
40,0.5,-0.56,2,1504895271943579835,0.8167558715455878
40,0.5,-0.54,2,1504895271943579835,0.8306944074224455
40,0.5,-0.52,2,1504895271943579835,0.8506934890963664
40,0.5,-0.5,2,1504895271943579835,0.8772122668163894
40,0.5,-0.48,2,1504895271943579835,0.9073055814638025
40,0.5,-0.45999999999999996,2,1504895271943579835,0.935224824929739
40,0.5,-0.43999999999999995,2,1504895271943579835,0.9549897979720817
40,0.5,-0.41999999999999993,2,1504895271943579835,0.963964977715403
40,0.5,-0.3999999999999999,2,1504895271943579835,0.9647207646694682
40,0.5,-0.3800000000000001,2,1504895271943579835,0.9634069062276196
40,0.5,-0.3600000000000001,2,1504895271943579835,0.9660487791562208
40,0.5,-0.3400000000000001,2,1504895271943579835,0.9752934058802041
40,0.5,-0.32000000000000006,2,1504895271943579835,0.9886706108257249
40,0.5,-0.30000000000000004,2,1504895271943579835,0.9985974383699968
40,0.5,-0.28,2,1504895271943579835,0.9949577623526401
40,0.5,-0.26,2,1504895271943579835,0.9705261192382945
40,0.5,-0.24,2,1504895271943579835,0.9260765691511144
40,0.5,-0.21999999999999997,2,1504895271943579835,0.8703077787499286
40,0.5,-0.19999999999999996,2,1504895271943579835,0.8146686878521764
40,0.5,-0.17999999999999994,2,1504895271943579835,0.7682679791842602
40,0.5,-0.15999999999999992,2,1504895271943579835,0.7361375082807542
40,0.5,-0.1399999999999999,2,1504895271943579835,0.7199624141535106
40,0.5,-0.1200000000000001,2,1504895271943579835,0.7193299194833606
40,0.5,-0.10000000000000009,2,1504895271943579835,0.7325266473380465
40,0.5,-0.08000000000000007,2,1504895271943579835,0.7568206224568107
40,0.5,-0.06000000000000005,2,1504895271943579835,0.7885482142036397
40,0.5,-0.040000000000000036,2,1504895271943579835,0.8233875436403533
40,0.5,-0.020000000000000018,2,1504895271943579835,0.8570084799124109
40,0.5,0.0,2,1504895271943579835,0.8858811601386248
40,0.5,0.020000000000000018,2,1504895271943579835,0.9077150620190408
40,0.5,0.040000000000000036,2,1504895271943579835,0.921208208649589
40,0.5,0.06000000000000005,2,1504895271943579835,0.9254172251802132
40,0.5,0.08000000000000007,2,1504895271943579835,0.9194761377634387
40,0.5,0.10000000000000009,2,1504895271943579835,0.9031346863203097
40,0.5,0.11999999999999988,2,1504895271943579835,0.8778045133516904
40,0.5,0.1399999999999999,2,1504895271943579835,0.8471661304448447
40,0.5,0.15999999999999992,2,1504895271943579835,0.8166420006675901
40,0.5,0.17999999999999994,2,1504895271943579835,0.7920364213688128
40,0.5,0.19999999999999996,2,1504895271943579835,0.7782463155049797
40,0.5,0.21999999999999997,2,1504895271943579835,0.7785659859388181
40,0.5,0.24,2,1504895271943579835,0.7943922510557361
40,0.5,0.26,2,1504895271943579835,0.8248446388389471
40,0.5,0.28,2,1504895271943579835,0.8661069587488919
40,0.5,0.30000000000000004,2,1504895271943579835,0.9110558195277356
40,0.5,0.32000000000000006,2,1504895271943579835,0.9505147733102345
40,0.5,0.3400000000000001,2,1504895271943579835,0.9768878891466951
40,0.5,0.3600000000000001,2,1504895271943579835,0.988174097728807
40,0.5,0.3800000000000001,2,1504895271943579835,0.9886288033353088
40,0.5,0.40000000000000013,2,1504895271943579835,0.9853048452659111
40,0.5,0.42000000000000015,2,1504895271943579835,0.9836333827157555
40,0.5,0.44000000000000017,2,1504895271943579835,0.98494699291663
40,0.5,0.4600000000000002,2,1504895271943579835,0.9865243484879618
40,0.5,0.4800000000000002,2,1504895271943579835,0.9836985846750637
40,0.5,0.5000000000000002,2,1504895271943579835,0.9731105585782254
40,0.5,0.5199999999999998,2,1504895271943579835,0.9551708604044918
40,0.5,0.5399999999999998,2,1504895271943579835,0.9337979386320041
40,0.5,0.5599999999999998,2,1504895271943579835,0.9137246532120424
40,0.5,0.5799999999999998,2,1504895271943579835,0.8976062130264266
40,0.5,0.5999999999999999,2,1504895271943579835,0.8847089687204428
40,0.5,0.6199999999999999,2,1504895271943579835,0.8716565845640644
40,0.5,0.6399999999999999,2,1504895271943579835,0.8549471817923805
40,0.5,0.6599999999999999,2,1504895271943579835,0.8340005788032466
40,0.5,0.6799999999999999,2,1504895271943579835,0.8125420585162221
40,0.5,0.7,2,1504895271943579835,0.79718959687158
40,0.5,0.72,2,1504895271943579835,0.7946319907723502
40,0.5,0.74,2,1504895271943579835,0.8093388557257637
40,0.5,0.76,2,1504895271943579835,0.8420705600474389
40,0.5,0.78,2,1504895271943579835,0.8884750523413192
40,0.5,0.8,2,1504895271943579835,0.93828249194464
40,0.5,0.8200000000000001,2,1504895271943579835,0.9777954116529316
40,0.5,0.8400000000000001,2,1504895271943579835,0.9970920534393335
40,0.5,0.8600000000000001,2,1504895271943579835,0.9963914620239912
40,0.5,0.8800000000000001,2,1504895271943579835,0.9840360214232597
40,0.5,0.9000000000000001,2,1504895271943579835,0.9684784703450203
40,0.5,0.9200000000000002,2,1504895271943579835,0.952789778771949
40,0.5,0.9400000000000002,2,1504895271943579835,0.9353311341339331
40,0.5,0.9600000000000002,2,1504895271943579835,0.9147217000557389
40,0.5,0.9800000000000002,2,1504895271943579835,0.8945767613549311
40,0.5,1.0000000000000002,2,1504895271943579835,0.8836334227439961
40,0.5,1.0199999999999998,2,1504895271943579835,0.8912662273284762
40,0.5,1.0399999999999998,2,1504895271943579835,0.9213400805526044
40,0.5,1.0599999999999998,2,1504895271943579835,0.9649606384727498
40,0.5,1.0799999999999998,2,1504895271943579835,0.9944264206109716
40,0.5,1.0999999999999999,2,1504895271943579835,0.9745117480447104
40,0.5,1.1199999999999999,2,1504895271943579835,0.899014176792407
40,0.5,1.14,2,1504895271943579835,0.8028471282300913
40,0.5,1.16,2,1504895271943579835,0.7258330917178009
40,0.5,1.18,2,1504895271943579835,0.6878395562483941
40,0.5,1.2,2,1504895271943579835,0.6932482337795676
40,0.5,1.22,2,1504895271943579835,0.73813134858351
40,0.5,1.24,2,1504895271943579835,0.8081806796136334
40,0.5,1.26,2,1504895271943579835,0.8753243739478327
40,0.5,1.28,2,1504895271943579835,0.9131893191598608
40,0.5,1.3,2,1504895271943579835,0.9233544416052305
40,0.5,1.32,2,1504895271943579835,0.925581355405761
40,0.5,1.34,2,1504895271943579835,0.9176069834358581
40,0.5,1.36,2,1504895271943579835,0.8557240995442844
40,0.5,1.3800000000000001,2,1504895271943579835,0.7081752512475904
40,0.5,1.4000000000000001,2,1504895271943579835,0.5276203509806868
40,0.5,1.4200000000000002,2,1504895271943579835,0.3831300883931038
40,0.5,1.4400000000000002,2,1504895271943579835,0.29066696091558664
40,0.5,1.4600000000000002,2,1504895271943579835,0.23851766950508785
40,0.5,1.4800000000000002,2,1504895271943579835,0.21468461692732885
40,0.5,1.5000000000000002,2,1504895271943579835,0.21405384404712438
40,0.5,1.5200000000000002,2,1504895271943579835,0.24045120962492578
40,0.5,1.5399999999999998,2,1504895271943579835,0.3134381879656791
40,0.5,1.5599999999999998,2,1504895271943579835,0.4881088409410319
40,0.5,1.5799999999999998,2,1504895271943579835,0.8179795780635098
40,0.5,1.5999999999999999,2,1504895271943579835,0.8248877293299234
40,0.5,1.6199999999999999,2,1504895271943579835,0.4654516809131952
40,0.5,1.64,2,1504895271943579835,0.2863337972214466
40,0.5,1.66,2,1504895271943579835,0.236369789008399
40,0.5,1.68,2,1504895271943579835,0.27312618410692746
40,0.5,1.7,2,1504895271943579835,0.4582689337025554
40,0.5,1.72,2,1504895271943579835,0.888512230258264
40,0.5,1.74,2,1504895271943579835,0.6979487513750655
40,0.5,1.76,2,1504895271943579835,0.405407801525682
40,0.5,1.78,2,1504895271943579835,0.37443518569742346
40,0.5,1.8,2,1504895271943579835,0.5889281082017328
40,0.5,-1.8,3,4700911280483236614,0.10711579473333821
40,0.5,-1.78,3,4700911280483236614,0.31110222825892103
40,0.5,-1.76,3,4700911280483236614,0.48070210464358165
40,0.5,-1.74,3,4700911280483236614,0.4270774552173695
40,0.5,-1.72,3,4700911280483236614,0.5304579126284664
40,0.5,-1.7,3,4700911280483236614,0.672374136547868
40,0.5,-1.6800000000000002,3,4700911280483236614,0.6911245302770578
40,0.5,-1.6600000000000001,3,4700911280483236614,0.7624865099565613
40,0.5,-1.6400000000000001,3,4700911280483236614,0.9072224778091281
40,0.5,-1.62,3,4700911280483236614,0.8530611321217636
40,0.5,-1.6,3,4700911280483236614,0.6997343588293896
40,0.5,-1.58,3,4700911280483236614,0.6856371247170453
40,0.5,-1.56,3,4700911280483236614,0.8074154647225211
40,0.5,-1.54,3,4700911280483236614,0.7884027163632414
40,0.5,-1.52,3,4700911280483236614,0.5198294286588956
40,0.5,-1.5,3,4700911280483236614,0.34404668391139936
40,0.5,-1.48,3,4700911280483236614,0.28851455100518936
40,0.5,-1.46,3,4700911280483236614,0.3201911376802336
40,0.5,-1.44,3,4700911280483236614,0.4698357515803969
40,0.5,-1.42,3,4700911280483236614,0.8098848609585886
40,0.5,-1.4,3,4700911280483236614,0.9430725458525789
40,0.5,-1.3800000000000001,3,4700911280483236614,0.6125147099568669
40,0.5,-1.36,3,4700911280483236614,0.40805042518183515
40,0.5,-1.34,3,4700911280483236614,0.3417516042678157
40,0.5,-1.32,3,4700911280483236614,0.3573757400228915
40,0.5,-1.3,3,4700911280483236614,0.4484826621290774
40,0.5,-1.28,3,4700911280483236614,0.6279900544842383
40,0.5,-1.26,3,4700911280483236614,0.853909132054732
40,0.5,-1.24,3,4700911280483236614,0.9841376732844552
40,0.5,-1.2200000000000002,3,4700911280483236614,0.995557937982521
40,0.5,-1.2000000000000002,3,4700911280483236614,0.9937010294667689
40,0.5,-1.1800000000000002,3,4700911280483236614,0.9963946084500602
40,0.5,-1.1600000000000001,3,4700911280483236614,0.9255147642475067
40,0.5,-1.1400000000000001,3,4700911280483236614,0.7574376604756216
40,0.5,-1.12,3,4700911280483236614,0.5860874954951232
40,0.5,-1.1,3,4700911280483236614,0.47496908096914603
40,0.5,-1.08,3,4700911280483236614,0.426994799785212
40,0.5,-1.06,3,4700911280483236614,0.4340900328214831
40,0.5,-1.04,3,4700911280483236614,0.49802130498497077
40,0.5,-1.02,3,4700911280483236614,0.6294519955517426
40,0.5,-1.0,3,4700911280483236614,0.8201957654004439
40,0.5,-0.98,3,4700911280483236614,0.9778801292155423
40,0.5,-0.9600000000000001,3,4700911280483236614,0.9796906578738646
40,0.5,-0.9400000000000001,3,4700911280483236614,0.8743744674658992
40,0.5,-0.92,3,4700911280483236614,0.7785088286995987
40,0.5,-0.9,3,4700911280483236614,0.734206854782634
40,0.5,-0.88,3,4700911280483236614,0.7368381290454491
40,0.5,-0.86,3,4700911280483236614,0.7638338223287625
40,0.5,-0.8400000000000001,3,4700911280483236614,0.7803050707885201
40,0.5,-0.8200000000000001,3,4700911280483236614,0.7569160143642059
40,0.5,-0.8,3,4700911280483236614,0.6976005265917918
40,0.5,-0.78,3,4700911280483236614,0.6316033065504854
40,0.5,-0.76,3,4700911280483236614,0.5829400422237836
40,0.5,-0.74,3,4700911280483236614,0.5610632690353685
40,0.5,-0.72,3,4700911280483236614,0.567237692646269
40,0.5,-0.7,3,4700911280483236614,0.5998792749510702
40,0.5,-0.6799999999999999,3,4700911280483236614,0.6554807949692456
40,0.5,-0.6599999999999999,3,4700911280483236614,0.7270718878834247
40,0.5,-0.6400000000000001,3,4700911280483236614,0.8032028383714042
40,0.5,-0.6200000000000001,3,4700911280483236614,0.8705758423258585
40,0.5,-0.6000000000000001,3,4700911280483236614,0.919970994683109
40,0.5,-0.5800000000000001,3,4700911280483236614,0.9499394952638452
40,0.5,-0.56,3,4700911280483236614,0.9646166683115251
40,0.5,-0.54,3,4700911280483236614,0.9689677261347458
40,0.5,-0.52,3,4700911280483236614,0.9660200763684743
40,0.5,-0.5,3,4700911280483236614,0.9568504053006901
40,0.5,-0.48,3,4700911280483236614,0.9417825187794746
40,0.5,-0.45999999999999996,3,4700911280483236614,0.9214209586676322
40,0.5,-0.43999999999999995,3,4700911280483236614,0.8970605094169686
40,0.5,-0.41999999999999993,3,4700911280483236614,0.8706396623153937
40,0.5,-0.3999999999999999,3,4700911280483236614,0.8445191713033633
40,0.5,-0.3800000000000001,3,4700911280483236614,0.821202261297539
40,0.5,-0.3600000000000001,3,4700911280483236614,0.8030028715820143
40,0.5,-0.3400000000000001,3,4700911280483236614,0.7916964544888778
40,0.5,-0.32000000000000006,3,4700911280483236614,0.7882349492216547
40,0.5,-0.30000000000000004,3,4700911280483236614,0.7926000475882626
40,0.5,-0.28,3,4700911280483236614,0.8038450563347955
40,0.5,-0.26,3,4700911280483236614,0.8203626013208645
40,0.5,-0.24,3,4700911280483236614,0.840355654535731
40,0.5,-0.21999999999999997,3,4700911280483236614,0.8623326677811775
40,0.5,-0.19999999999999996,3,4700911280483236614,0.8852995111189823
40,0.5,-0.17999999999999994,3,4700911280483236614,0.9084030768427053
40,0.5,-0.15999999999999992,3,4700911280483236614,0.9301591050841232
40,0.5,-0.1399999999999999,3,4700911280483236614,0.9478516855801534
40,0.5,-0.1200000000000001,3,4700911280483236614,0.9578878873720602
40,0.5,-0.10000000000000009,3,4700911280483236614,0.9574638900974535
40,0.5,-0.08000000000000007,3,4700911280483236614,0.9467285839317983
40,0.5,-0.06000000000000005,3,4700911280483236614,0.9296834528154128
40,0.5,-0.040000000000000036,3,4700911280483236614,0.9128577980939699
40,0.5,-0.020000000000000018,3,4700911280483236614,0.9027338796821671
40,0.5,0.0,3,4700911280483236614,0.9035236992761825
40,0.5,0.020000000000000018,3,4700911280483236614,0.9158614957638928
40,0.5,0.040000000000000036,3,4700911280483236614,0.9361732839895401
40,0.5,0.06000000000000005,3,4700911280483236614,0.9569730636347508
40,0.5,0.08000000000000007,3,4700911280483236614,0.9692273837496443
40,0.5,0.10000000000000009,3,4700911280483236614,0.9670542218934619
40,0.5,0.11999999999999988,3,4700911280483236614,0.9517893630857713
40,0.5,0.1399999999999999,3,4700911280483236614,0.9314355197593979
40,0.5,0.15999999999999992,3,4700911280483236614,0.9159873825671133
40,0.5,0.17999999999999994,3,4700911280483236614,0.9127702547295269
40,0.5,0.19999999999999996,3,4700911280483236614,0.9238953514400566
40,0.5,0.21999999999999997,3,4700911280483236614,0.9449817432550419
40,0.5,0.24,3,4700911280483236614,0.9647700289422141
40,0.5,0.26,3,4700911280483236614,0.9679855768754922
40,0.5,0.28,3,4700911280483236614,0.9436791753421309
40,0.5,0.30000000000000004,3,4700911280483236614,0.893853503767587
40,0.5,0.32000000000000006,3,4700911280483236614,0.8324691174254081
40,0.5,0.3400000000000001,3,4700911280483236614,0.7758871657973753
40,0.5,0.3600000000000001,3,4700911280483236614,0.7355054706183785
40,0.5,0.3800000000000001,3,4700911280483236614,0.7168312483702222
40,0.5,0.40000000000000013,3,4700911280483236614,0.7215140349669467
40,0.5,0.42000000000000015,3,4700911280483236614,0.7488338551019591
40,0.5,0.44000000000000017,3,4700911280483236614,0.7955067750875585
40,0.5,0.4600000000000002,3,4700911280483236614,0.8542387230883445
40,0.5,0.4800000000000002,3,4700911280483236614,0.9129805268962418
40,0.5,0.5000000000000002,3,4700911280483236614,0.9580523692631095
40,0.5,0.5199999999999998,3,4700911280483236614,0.9815555222101096
40,0.5,0.5399999999999998,3,4700911280483236614,0.986667855057324
40,0.5,0.5599999999999998,3,4700911280483236614,0.9844265161905282
40,0.5,0.5799999999999998,3,4700911280483236614,0.98499374430053
40,0.5,0.5999999999999999,3,4700911280483236614,0.9898846576397817
40,0.5,0.6199999999999999,3,4700911280483236614,0.9873849709851379
40,0.5,0.6399999999999999,3,4700911280483236614,0.9545556458409001
40,0.5,0.6599999999999999,3,4700911280483236614,0.8737103143391327
40,0.5,0.6799999999999999,3,4700911280483236614,0.7543647871724228
40,0.5,0.7,3,4700911280483236614,0.6284900738648881
40,0.5,0.72,3,4700911280483236614,0.5233186962586474
40,0.5,0.74,3,4700911280483236614,0.4490956300308271
40,0.5,0.76,3,4700911280483236614,0.4052165284474212
40,0.5,0.78,3,4700911280483236614,0.38822199449722017
40,0.5,0.8,3,4700911280483236614,0.39536106140538707
40,0.5,0.8200000000000001,3,4700911280483236614,0.4244267352221723
40,0.5,0.8400000000000001,3,4700911280483236614,0.47059125355562353
40,0.5,0.8600000000000001,3,4700911280483236614,0.521602375211553
40,0.5,0.8800000000000001,3,4700911280483236614,0.5589189508910516
40,0.5,0.9000000000000001,3,4700911280483236614,0.5729631199886872
40,0.5,0.9200000000000002,3,4700911280483236614,0.5758704177300586
40,0.5,0.9400000000000002,3,4700911280483236614,0.5918781621159974
40,0.5,0.9600000000000002,3,4700911280483236614,0.643365974553542
40,0.5,0.9800000000000002,3,4700911280483236614,0.7445021925315173
40,0.5,1.0000000000000002,3,4700911280483236614,0.8798529493442833
40,0.5,1.0199999999999998,3,4700911280483236614,0.9563471779465116
40,0.5,1.0399999999999998,3,4700911280483236614,0.8713208800848914
40,0.5,1.0599999999999998,3,4700911280483236614,0.6992745031591459
40,0.5,1.0799999999999998,3,4700911280483236614,0.5616886498467695
40,0.5,1.0999999999999999,3,4700911280483236614,0.49111899214961086
40,0.5,1.1199999999999999,3,4700911280483236614,0.4826499749149106
40,0.5,1.14,3,4700911280483236614,0.5342950337226443
40,0.5,1.16,3,4700911280483236614,0.649532753525635
40,0.5,1.18,3,4700911280483236614,0.809375382817221
40,0.5,1.2,3,4700911280483236614,0.9310960841531144
40,0.5,1.22,3,4700911280483236614,0.9466254397746594
40,0.5,1.24,3,4700911280483236614,0.9187534028617066
40,0.5,1.26,3,4700911280483236614,0.9302125846654496
40,0.5,1.28,3,4700911280483236614,0.9812363078476821
40,0.5,1.3,3,4700911280483236614,0.9647649393901376
40,0.5,1.32,3,4700911280483236614,0.7960776915184142
40,0.5,1.34,3,4700911280483236614,0.5970158427615329
40,0.5,1.36,3,4700911280483236614,0.47675304470413754
40,0.5,1.3800000000000001,3,4700911280483236614,0.4453766047520035
40,0.5,1.4000000000000001,3,4700911280483236614,0.5043889529507494
40,0.5,1.4200000000000002,3,4700911280483236614,0.677748450313056
40,0.5,1.4400000000000002,3,4700911280483236614,0.8985013116052664
40,0.5,1.4600000000000002,3,4700911280483236614,0.8299914893531221
40,0.5,1.4800000000000002,3,4700911280483236614,0.5898176345638342
40,0.5,1.5000000000000002,3,4700911280483236614,0.4592307898995636
40,0.5,1.5200000000000002,3,4700911280483236614,0.4448832855362452
40,0.5,1.5399999999999998,3,4700911280483236614,0.5284194599598337
40,0.5,1.5599999999999998,3,4700911280483236614,0.6693377974786691
40,0.5,1.5799999999999998,3,4700911280483236614,0.7136373281063227
40,0.5,1.5999999999999999,3,4700911280483236614,0.6564986968070604
40,0.5,1.6199999999999999,3,4700911280483236614,0.6781014009903982
40,0.5,1.64,3,4700911280483236614,0.8604415067581378
40,0.5,1.66,3,4700911280483236614,0.9937625996826498
40,0.5,1.68,3,4700911280483236614,0.7627821219480977
40,0.5,1.7,3,4700911280483236614,0.6243290482565894
40,0.5,1.72,3,4700911280483236614,0.7829566289398596
40,0.5,1.74,3,4700911280483236614,0.9232297858003262
40,0.5,1.76,3,4700911280483236614,0.3767364446871837
40,0.5,1.78,3,4700911280483236614,0.18680810336203843
40,0.5,1.8,3,4700911280483236614,0.18032397014385193
40,1.0,-1.8,0,17350011124312818198,0.003675098886374693
40,1.0,-1.78,0,17350011124312818198,0.005242571336511393
40,1.0,-1.76,0,17350011124312818198,0.013356121072504699
40,1.0,-1.74,0,17350011124312818198,0.05929151096544026
40,1.0,-1.72,0,17350011124312818198,0.09900610165025976
40,1.0,-1.7,0,17350011124312818198,0.09180944759799409
40,1.0,-1.6800000000000002,0,17350011124312818198,0.2524828665457334
40,1.0,-1.6600000000000001,0,17350011124312818198,0.4369437408657954
40,1.0,-1.6400000000000001,0,17350011124312818198,0.06594253399541217
40,1.0,-1.62,0,17350011124312818198,0.02957968610197728
40,1.0,-1.6,0,17350011124312818198,0.023384653347656093
40,1.0,-1.58,0,17350011124312818198,0.02785490361786989
40,1.0,-1.56,0,17350011124312818198,0.05011006145835064
40,1.0,-1.54,0,17350011124312818198,0.1544293630639169
40,1.0,-1.52,0,17350011124312818198,0.40287740181122095
40,1.0,-1.5,0,17350011124312818198,0.13778172428335983
40,1.0,-1.48,0,17350011124312818198,0.06567742481766504
40,1.0,-1.46,0,17350011124312818198,0.04815436314443846
40,1.0,-1.44,0,17350011124312818198,0.046916774484494446
40,1.0,-1.42,0,17350011124312818198,0.056541836470322196
40,1.0,-1.4,0,17350011124312818198,0.07954944818443489
40,1.0,-1.3800000000000001,0,17350011124312818198,0.11583013924926701
40,1.0,-1.36,0,17350011124312818198,0.13813602303362185
40,1.0,-1.34,0,17350011124312818198,0.12265846419424262
40,1.0,-1.32,0,17350011124312818198,0.09950029450146582
40,1.0,-1.3,0,17350011124312818198,0.08761022135124782
40,1.0,-1.28,0,17350011124312818198,0.08841420883496709
40,1.0,-1.26,0,17350011124312818198,0.10306714181640948
40,1.0,-1.24,0,17350011124312818198,0.1379792004704126
40,1.0,-1.2200000000000002,0,17350011124312818198,0.20846145417600873
40,1.0,-1.2000000000000002,0,17350011124312818198,0.34022268721424814
40,1.0,-1.1800000000000002,0,17350011124312818198,0.5490560361526429
40,1.0,-1.1600000000000001,0,17350011124312818198,0.786547379055379
40,1.0,-1.1400000000000001,0,17350011124312818198,0.9476232156297856
40,1.0,-1.12,0,17350011124312818198,0.9397341125232264
40,1.0,-1.1,0,17350011124312818198,0.7527202748292595
40,1.0,-1.08,0,17350011124312818198,0.5267694177880002
40,1.0,-1.06,0,17350011124312818198,0.368582393817138
40,1.0,-1.04,0,17350011124312818198,0.28026270145043886
40,1.0,-1.02,0,17350011124312818198,0.23829292675802635
40,1.0,-1.0,0,17350011124312818198,0.22718473746129683
40,1.0,-0.98,0,17350011124312818198,0.24102340726315
40,1.0,-0.9600000000000001,0,17350011124312818198,0.28049808382508656
40,1.0,-0.9400000000000001,0,17350011124312818198,0.34985957166984516
40,1.0,-0.92,0,17350011124312818198,0.4510275446559906
40,1.0,-0.9,0,17350011124312818198,0.5725955698018836
40,1.0,-0.88,0,17350011124312818198,0.6836891496802816
40,1.0,-0.86,0,17350011124312818198,0.7509574614385351
40,1.0,-0.8400000000000001,0,17350011124312818198,0.7629804261447044
40,1.0,-0.8200000000000001,0,17350011124312818198,0.7310448364327897
40,1.0,-0.8,0,17350011124312818198,0.6770687735428899
40,1.0,-0.78,0,17350011124312818198,0.6236273499971068
40,1.0,-0.76,0,17350011124312818198,0.5869427026490638
40,1.0,-0.74,0,17350011124312818198,0.5751136680535952
40,1.0,-0.72,0,17350011124312818198,0.5901814165711433
40,1.0,-0.7,0,17350011124312818198,0.6294944613216146
40,1.0,-0.6799999999999999,0,17350011124312818198,0.6850282893199932
40,1.0,-0.6599999999999999,0,17350011124312818198,0.7441104080996921
40,1.0,-0.6400000000000001,0,17350011124312818198,0.7949645866448964
40,1.0,-0.6200000000000001,0,17350011124312818198,0.8299030987466737
40,1.0,-0.6000000000000001,0,17350011124312818198,0.8347766275669728
40,1.0,-0.5800000000000001,0,17350011124312818198,0.7788756305467719
40,1.0,-0.56,0,17350011124312818198,0.6470504585879425
40,1.0,-0.54,0,17350011124312818198,0.4837379124064028
40,1.0,-0.52,0,17350011124312818198,0.3474326054370002
40,1.0,-0.5,0,17350011124312818198,0.2563467406280162
40,1.0,-0.48,0,17350011124312818198,0.2024075796251186
40,1.0,-0.45999999999999996,0,17350011124312818198,0.17445820314246227
40,1.0,-0.43999999999999995,0,17350011124312818198,0.16574656713227764
40,1.0,-0.41999999999999993,0,17350011124312818198,0.17468956690604612
40,1.0,-0.3999999999999999,0,17350011124312818198,0.2054753530951497
40,1.0,-0.3800000000000001,0,17350011124312818198,0.27102083667906657
40,1.0,-0.3600000000000001,0,17350011124312818198,0.39882317219209984
40,1.0,-0.3400000000000001,0,17350011124312818198,0.6252343944478743
40,1.0,-0.32000000000000006,0,17350011124312818198,0.9004315067347836
40,1.0,-0.30000000000000004,0,17350011124312818198,0.9877536419646382
40,1.0,-0.28,0,17350011124312818198,0.8756914186978317
40,1.0,-0.26,0,17350011124312818198,0.7717608963485711
40,1.0,-0.24,0,17350011124312818198,0.751387110384013
40,1.0,-0.21999999999999997,0,17350011124312818198,0.8162772726169127
40,1.0,-0.19999999999999996,0,17350011124312818198,0.9351946902383055
40,1.0,-0.17999999999999994,0,17350011124312818198,0.9982988862502051
40,1.0,-0.15999999999999992,0,17350011124312818198,0.8923478030836475
40,1.0,-0.1399999999999999,0,17350011124312818198,0.7026796376255948
40,1.0,-0.1200000000000001,0,17350011124312818198,0.5554065662187888
40,1.0,-0.10000000000000009,0,17350011124312818198,0.47798386049277336
40,1.0,-0.08000000000000007,0,17350011124312818198,0.4611869098758544
40,1.0,-0.06000000000000005,0,17350011124312818198,0.500386283328564
40,1.0,-0.040000000000000036,0,17350011124312818198,0.5990874795969185
40,1.0,-0.020000000000000018,0,17350011124312818198,0.7444429970577143
40,1.0,0.0,0,17350011124312818198,0.8476299171323203
40,1.0,0.020000000000000018,0,17350011124312818198,0.7961481661781953
40,1.0,0.040000000000000036,0,17350011124312818198,0.6533651730090827
40,1.0,0.06000000000000005,0,17350011124312818198,0.5365026907090306
40,1.0,0.08000000000000007,0,17350011124312818198,0.4789068207181649
40,1.0,0.10000000000000009,0,17350011124312818198,0.4788646666425161
40,1.0,0.11999999999999988,0,17350011124312818198,0.5380422959292979
40,1.0,0.1399999999999999,0,17350011124312818198,0.6644635637807808
40,1.0,0.15999999999999992,0,17350011124312818198,0.8363676343462964
40,1.0,0.17999999999999994,0,17350011124312818198,0.9224042379580232
40,1.0,0.19999999999999996,0,17350011124312818198,0.8055146541337729
40,1.0,0.21999999999999997,0,17350011124312818198,0.6142773342499998
40,1.0,0.24,0,17350011124312818198,0.47292769601463236
40,1.0,0.26,0,17350011124312818198,0.3937069479695656
40,1.0,0.28,0,17350011124312818198,0.3602315175717497
40,1.0,0.30000000000000004,0,17350011124312818198,0.36093125711279844
40,1.0,0.32000000000000006,0,17350011124312818198,0.3914038600846184
40,1.0,0.3400000000000001,0,17350011124312818198,0.45125657437364924
40,1.0,0.3600000000000001,0,17350011124312818198,0.5392908169711723
40,1.0,0.3800000000000001,0,17350011124312818198,0.6469177719506247
40,1.0,0.40000000000000013,0,17350011124312818198,0.7545812679030988
40,1.0,0.42000000000000015,0,17350011124312818198,0.8400787720200367
40,1.0,0.44000000000000017,0,17350011124312818198,0.8934425138921825
40,1.0,0.4600000000000002,0,17350011124312818198,0.9189610087528651
40,1.0,0.4800000000000002,0,17350011124312818198,0.9246540813006636
40,1.0,0.5000000000000002,0,17350011124312818198,0.9149348497924344
40,1.0,0.5199999999999998,0,17350011124312818198,0.8903472879684571
40,1.0,0.5399999999999998,0,17350011124312818198,0.849416712191404
40,1.0,0.5599999999999998,0,17350011124312818198,0.7904596453904907
40,1.0,0.5799999999999998,0,17350011124312818198,0.7146958871816066
40,1.0,0.5999999999999999,0,17350011124312818198,0.6295154115931884
40,1.0,0.6199999999999999,0,17350011124312818198,0.5472243511361706
40,1.0,0.6399999999999999,0,17350011124312818198,0.479261760826165
40,1.0,0.6599999999999999,0,17350011124312818198,0.4321432139846387
40,1.0,0.6799999999999999,0,17350011124312818198,0.408057374555391
40,1.0,0.7,0,17350011124312818198,0.40746111349249586
40,1.0,0.72,0,17350011124312818198,0.43078570151293905
40,1.0,0.74,0,17350011124312818198,0.47796305749172857
40,1.0,0.76,0,17350011124312818198,0.5450171580834954
40,1.0,0.78,0,17350011124312818198,0.618670897049469
40,1.0,0.8,0,17350011124312818198,0.6756483814995525
40,1.0,0.8200000000000001,0,17350011124312818198,0.6934873149468235
40,1.0,0.8400000000000001,0,17350011124312818198,0.6621628162698019
40,1.0,0.8600000000000001,0,17350011124312818198,0.5847571531323724
40,1.0,0.8800000000000001,0,17350011124312818198,0.47785355376212607
40,1.0,0.9000000000000001,0,17350011124312818198,0.36893423118989754
40,1.0,0.9200000000000002,0,17350011124312818198,0.28021976087705397
40,1.0,0.9400000000000002,0,17350011124312818198,0.21838000565230187
40,1.0,0.9600000000000002,0,17350011124312818198,0.18005540039798992
40,1.0,0.9800000000000002,0,17350011124312818198,0.15997436252834954
40,1.0,1.0000000000000002,0,17350011124312818198,0.15474321932960863
40,1.0,1.0199999999999998,0,17350011124312818198,0.16398302300880138
40,1.0,1.0399999999999998,0,17350011124312818198,0.19124777190439377
40,1.0,1.0599999999999998,0,17350011124312818198,0.24621499756833215
40,1.0,1.0799999999999998,0,17350011124312818198,0.348683325668926
40,1.0,1.0999999999999999,0,17350011124312818198,0.5273546862226489
40,1.0,1.1199999999999999,0,17350011124312818198,0.7695050670556436
40,1.0,1.14,0,17350011124312818198,0.9118560956380904
40,1.0,1.16,0,17350011124312818198,0.8538385796969329
40,1.0,1.18,0,17350011124312818198,0.759061070646529
40,1.0,1.2,0,17350011124312818198,0.74472336506968
40,1.0,1.22,0,17350011124312818198,0.8314416012493036
40,1.0,1.24,0,17350011124312818198,0.9231387931943508
40,1.0,1.26,0,17350011124312818198,0.7614756635997681
40,1.0,1.28,0,17350011124312818198,0.48340733968192234
40,1.0,1.3,0,17350011124312818198,0.32909691929268753
40,1.0,1.32,0,17350011124312818198,0.29198034245386856
40,1.0,1.34,0,17350011124312818198,0.38564277493644167
40,1.0,1.36,0,17350011124312818198,0.8157150477446208
40,1.0,1.3800000000000001,0,17350011124312818198,0.46841254486901895
40,1.0,1.4000000000000001,0,17350011124312818198,0.10458734201435722
40,1.0,1.4200000000000002,0,17350011124312818198,0.03776915219602624
40,1.0,1.4400000000000002,0,17350011124312818198,0.019584598833784977
40,1.0,1.4600000000000002,0,17350011124312818198,0.013312154711707012
40,1.0,1.4800000000000002,0,17350011124312818198,0.011496623982307063
40,1.0,1.5000000000000002,0,17350011124312818198,0.012729821219390891
40,1.0,1.5200000000000002,0,17350011124312818198,0.019160266770039777
40,1.0,1.5399999999999998,0,17350011124312818198,0.046806539897640546
40,1.0,1.5599999999999998,0,17350011124312818198,0.3662250826455387
40,1.0,1.5799999999999998,0,17350011124312818198,0.2268254442932837
40,1.0,1.5999999999999999,0,17350011124312818198,0.049758058857248044
40,1.0,1.6199999999999999,0,17350011124312818198,0.028714937195417817
40,1.0,1.64,0,17350011124312818198,0.026657772394922723
40,1.0,1.66,0,17350011124312818198,0.034996926563505296
40,1.0,1.68,0,17350011124312818198,0.06091561857049496
40,1.0,1.7,0,17350011124312818198,0.11070086541266866
40,1.0,1.72,0,17350011124312818198,0.10642776720524409
40,1.0,1.74,0,17350011124312818198,0.07389967941150018
40,1.0,1.76,0,17350011124312818198,0.09379262147348656
40,1.0,1.78,0,17350011124312818198,0.6585789119470861
40,1.0,1.8,0,17350011124312818198,0.03292779367684917
40,1.0,-1.8,1,7421439260898881453,0.678249637340835
40,1.0,-1.78,1,7421439260898881453,0.694056385996145
40,1.0,-1.76,1,7421439260898881453,0.8366374614543952
40,1.0,-1.74,1,7421439260898881453,0.9844258735212631
40,1.0,-1.72,1,7421439260898881453,0.9691839523315783
40,1.0,-1.7,1,7421439260898881453,0.8611146038735066
40,1.0,-1.6800000000000002,1,7421439260898881453,0.7300698066905946
40,1.0,-1.6600000000000001,1,7421439260898881453,0.5394350726467408
40,1.0,-1.6400000000000001,1,7421439260898881453,0.32067145934236546
40,1.0,-1.62,1,7421439260898881453,0.17312724309810357
40,1.0,-1.6,1,7421439260898881453,0.10215723523951457
40,1.0,-1.58,1,7421439260898881453,0.07330052930729933
40,1.0,-1.56,1,7421439260898881453,0.06803308765521757
40,1.0,-1.54,1,7421439260898881453,0.08852029725968805
40,1.0,-1.52,1,7421439260898881453,0.18739695243171078
40,1.0,-1.5,1,7421439260898881453,0.3360868564634249
40,1.0,-1.48,1,7421439260898881453,0.0825978854066466
40,1.0,-1.46,1,7421439260898881453,0.026506228448630022
40,1.0,-1.44,1,7421439260898881453,0.012799361666663263
40,1.0,-1.42,1,7421439260898881453,0.008031967148960381
40,1.0,-1.4,1,7421439260898881453,0.0060849637786245725
40,1.0,-1.3800000000000001,1,7421439260898881453,0.005356376911360935
40,1.0,-1.36,1,7421439260898881453,0.005363843593804612
40,1.0,-1.34,1,7421439260898881453,0.006040954271180706
40,1.0,-1.32,1,7421439260898881453,0.007615715871435701
40,1.0,-1.3,1,7421439260898881453,0.010759946800682298
40,1.0,-1.28,1,7421439260898881453,0.01717015285159203
40,1.0,-1.26,1,7421439260898881453,0.03145020018921138
40,1.0,-1.24,1,7421439260898881453,0.06786344994000146
40,1.0,-1.2200000000000002,1,7421439260898881453,0.17648334260253154
40,1.0,-1.2000000000000002,1,7421439260898881453,0.5000586972198583
40,1.0,-1.1800000000000002,1,7421439260898881453,0.8952580950678296
40,1.0,-1.1600000000000001,1,7421439260898881453,0.8962876953169748
40,1.0,-1.1400000000000001,1,7421439260898881453,0.9131575274628866
40,1.0,-1.12,1,7421439260898881453,0.9630626181009988
40,1.0,-1.1,1,7421439260898881453,0.7109698432768818
40,1.0,-1.08,1,7421439260898881453,0.3822017770583973
40,1.0,-1.06,1,7421439260898881453,0.21628739515371162
40,1.0,-1.04,1,7421439260898881453,0.14691317999322548
40,1.0,-1.02,1,7421439260898881453,0.12159559163991372
40,1.0,-1.0,1,7421439260898881453,0.12320680565292909
40,1.0,-0.98,1,7421439260898881453,0.15635292875113327
40,1.0,-0.9600000000000001,1,7421439260898881453,0.26074671555869056
40,1.0,-0.9400000000000001,1,7421439260898881453,0.5468464826686507
40,1.0,-0.92,1,7421439260898881453,0.5528593851406031
40,1.0,-0.9,1,7421439260898881453,0.21775586408338535
40,1.0,-0.88,1,7421439260898881453,0.10030883377144964
40,1.0,-0.86,1,7421439260898881453,0.05977725972919652
40,1.0,-0.8400000000000001,1,7421439260898881453,0.04327989747297522
40,1.0,-0.8200000000000001,1,7421439260898881453,0.03645166386998923
40,1.0,-0.8,1,7421439260898881453,0.034817831703817234
40,1.0,-0.78,1,7421439260898881453,0.03715785219135563
40,1.0,-0.76,1,7421439260898881453,0.04390386865984303
40,1.0,-0.74,1,7421439260898881453,0.057067968163521166
40,1.0,-0.72,1,7421439260898881453,0.08107060661856491
40,1.0,-0.7,1,7421439260898881453,0.1244846639588246
40,1.0,-0.6799999999999999,1,7421439260898881453,0.2019909919214528
40,1.0,-0.6599999999999999,1,7421439260898881453,0.3315354011578007
40,1.0,-0.6400000000000001,1,7421439260898881453,0.5144297639117691
40,1.0,-0.6200000000000001,1,7421439260898881453,0.7052390592789565
40,1.0,-0.6000000000000001,1,7421439260898881453,0.8337100925761992
40,1.0,-0.5800000000000001,1,7421439260898881453,0.8737330163362973
40,1.0,-0.56,1,7421439260898881453,0.8531898610299761
40,1.0,-0.54,1,7421439260898881453,0.8137799964043978
40,1.0,-0.52,1,7421439260898881453,0.7823247857225787
40,1.0,-0.5,1,7421439260898881453,0.7638213106935939
40,1.0,-0.48,1,7421439260898881453,0.7451546330768054
40,1.0,-0.45999999999999996,1,7421439260898881453,0.70752062400769
40,1.0,-0.43999999999999995,1,7421439260898881453,0.6478638727613613
40,1.0,-0.41999999999999993,1,7421439260898881453,0.5859236591967325
40,1.0,-0.3999999999999999,1,7421439260898881453,0.5463251509401641
40,1.0,-0.3800000000000001,1,7421439260898881453,0.5460683967201699
40,1.0,-0.3600000000000001,1,7421439260898881453,0.5986876896403832
40,1.0,-0.3400000000000001,1,7421439260898881453,0.7177498734115633
40,1.0,-0.32000000000000006,1,7421439260898881453,0.888910893379875
40,1.0,-0.30000000000000004,1,7421439260898881453,0.9874869387997427
40,1.0,-0.28,1,7421439260898881453,0.8746750923742859
40,1.0,-0.26,1,7421439260898881453,0.6747879384827794
40,1.0,-0.24,1,7421439260898881453,0.5341023100727551
40,1.0,-0.21999999999999997,1,7421439260898881453,0.47415372958427804
40,1.0,-0.19999999999999996,1,7421439260898881453,0.4872096239860668
40,1.0,-0.17999999999999994,1,7421439260898881453,0.5790074129322499
40,1.0,-0.15999999999999992,1,7421439260898881453,0.7433365931248694
40,1.0,-0.1399999999999999,1,7421439260898881453,0.8109798151149817
40,1.0,-0.1200000000000001,1,7421439260898881453,0.5948065758405855
40,1.0,-0.10000000000000009,1,7421439260898881453,0.35857341955542804
40,1.0,-0.08000000000000007,1,7421439260898881453,0.2284692710671804
40,1.0,-0.06000000000000005,1,7421439260898881453,0.16604524640920398
40,1.0,-0.040000000000000036,1,7421439260898881453,0.1387342462602331
40,1.0,-0.020000000000000018,1,7421439260898881453,0.13283292298441543
40,1.0,0.0,1,7421439260898881453,0.1457414981725444
40,1.0,0.020000000000000018,1,7421439260898881453,0.18419940375788113
40,1.0,0.040000000000000036,1,7421439260898881453,0.269406500731612
40,1.0,0.06000000000000005,1,7421439260898881453,0.4422293742058095
40,1.0,0.08000000000000007,1,7421439260898881453,0.6745173996712193
40,1.0,0.10000000000000009,1,7421439260898881453,0.6716522141750711
40,1.0,0.11999999999999988,1,7421439260898881453,0.4800493969599766
40,1.0,0.1399999999999999,1,7421439260898881453,0.34852967231402765
40,1.0,0.15999999999999992,1,7421439260898881453,0.2910525348741701
40,1.0,0.17999999999999994,1,7421439260898881453,0.2835280520575309
40,1.0,0.19999999999999996,1,7421439260898881453,0.319889778054871
40,1.0,0.21999999999999997,1,7421439260898881453,0.41228894413252276
40,1.0,0.24,1,7421439260898881453,0.5848991477070467
40,1.0,0.26,1,7421439260898881453,0.8222836729530075
40,1.0,0.28,1,7421439260898881453,0.9605928193074227
40,1.0,0.30000000000000004,1,7421439260898881453,0.8870471193351472
40,1.0,0.32000000000000006,1,7421439260898881453,0.7540620297644449
40,1.0,0.3400000000000001,1,7421439260898881453,0.672001401717141
40,1.0,0.3600000000000001,1,7421439260898881453,0.6523502792828589
40,1.0,0.3800000000000001,1,7421439260898881453,0.6819648489361894
40,1.0,0.40000000000000013,1,7421439260898881453,0.7418115030657808
40,1.0,0.42000000000000015,1,7421439260898881453,0.8050148373424425
40,1.0,0.44000000000000017,1,7421439260898881453,0.8427734153917984
40,1.0,0.4600000000000002,1,7421439260898881453,0.8361676504146726
40,1.0,0.4800000000000002,1,7421439260898881453,0.7766180152658766
40,1.0,0.5000000000000002,1,7421439260898881453,0.6676952860411206
40,1.0,0.5199999999999998,1,7421439260898881453,0.536525130095692
40,1.0,0.5399999999999998,1,7421439260898881453,0.4203291750446791
40,1.0,0.5599999999999998,1,7421439260898881453,0.3389876386808223
40,1.0,0.5799999999999998,1,7421439260898881453,0.2938050994318313
40,1.0,0.5999999999999999,1,7421439260898881453,0.28058749715632403
40,1.0,0.6199999999999999,1,7421439260898881453,0.29676039653609904
40,1.0,0.6399999999999999,1,7421439260898881453,0.3372843414270473
40,1.0,0.6599999999999999,1,7421439260898881453,0.3724187693358551
40,1.0,0.6799999999999999,1,7421439260898881453,0.3435014539200312
40,1.0,0.7,1,7421439260898881453,0.26054528990379444
40,1.0,0.72,1,7421439260898881453,0.18924294590812957
40,1.0,0.74,1,7421439260898881453,0.1498206215596985
40,1.0,0.76,1,7421439260898881453,0.1376134402542881
40,1.0,0.78,1,7421439260898881453,0.1525577828304757
40,1.0,0.8,1,7421439260898881453,0.21425644416203413
40,1.0,0.8200000000000001,1,7421439260898881453,0.39660809938986347
40,1.0,0.8400000000000001,1,7421439260898881453,0.630768785301069
40,1.0,0.8600000000000001,1,7421439260898881453,0.3050565905810441
40,1.0,0.8800000000000001,1,7421439260898881453,0.12131175143675854
40,1.0,0.9000000000000001,1,7421439260898881453,0.06310410825815552
40,1.0,0.9200000000000002,1,7421439260898881453,0.04134058718792852
40,1.0,0.9400000000000002,1,7421439260898881453,0.03256839076430535
40,1.0,0.9600000000000002,1,7421439260898881453,0.030177884613730697
40,1.0,0.9800000000000002,1,7421439260898881453,0.0328053978282063
40,1.0,1.0000000000000002,1,7421439260898881453,0.04258945949458549
40,1.0,1.0199999999999998,1,7421439260898881453,0.06937100091843788
40,1.0,1.0399999999999998,1,7421439260898881453,0.15795742227238876
40,1.0,1.0599999999999998,1,7421439260898881453,0.5105391958526934
40,1.0,1.0799999999999998,1,7421439260898881453,0.3577717894802315
40,1.0,1.0999999999999999,1,7421439260898881453,0.11600293051958811
40,1.0,1.1199999999999999,1,7421439260898881453,0.05691863990217876
40,1.0,1.14,1,7421439260898881453,0.03748357878828579
40,1.0,1.16,1,7421439260898881453,0.03050228033073532
40,1.0,1.18,1,7421439260898881453,0.029752785635711435
40,1.0,1.2,1,7421439260898881453,0.03466301442261949
40,1.0,1.22,1,7421439260898881453,0.04786446294648493
40,1.0,1.24,1,7421439260898881453,0.06795377402901619
40,1.0,1.26,1,7421439260898881453,0.06049743867567963
40,1.0,1.28,1,7421439260898881453,0.0319852251350297
40,1.0,1.3,1,7421439260898881453,0.016741152713705562
40,1.0,1.32,1,7421439260898881453,0.01031949129605748
40,1.0,1.34,1,7421439260898881453,0.007539353261389786
40,1.0,1.36,1,7421439260898881453,0.006443554370695706
40,1.0,1.3800000000000001,1,7421439260898881453,0.006400633629143974
40,1.0,1.4000000000000001,1,7421439260898881453,0.007416831860357158
40,1.0,1.4200000000000002,1,7421439260898881453,0.010190340640705519
40,1.0,1.4400000000000002,1,7421439260898881453,0.01721110348337187
40,1.0,1.4600000000000002,1,7421439260898881453,0.03854997987481414
40,1.0,1.4800000000000002,1,7421439260898881453,0.13507737804211625
40,1.0,1.5000000000000002,1,7421439260898881453,0.659286832029467
40,1.0,1.5200000000000002,1,7421439260898881453,0.33703432090319
40,1.0,1.5399999999999998,1,7421439260898881453,0.16434858491693685
40,1.0,1.5599999999999998,1,7421439260898881453,0.1301200680900293
40,1.0,1.5799999999999998,1,7421439260898881453,0.13507138652777165
40,1.0,1.5999999999999999,1,7421439260898881453,0.16002974904038111
40,1.0,1.6199999999999999,1,7421439260898881453,0.19581101403785828
40,1.0,1.64,1,7421439260898881453,0.23571425230188883
40,1.0,1.66,1,7421439260898881453,0.2792623498607379
40,1.0,1.68,1,7421439260898881453,0.33035594467844076
40,1.0,1.7,1,7421439260898881453,0.4010619725477601
40,1.0,1.72,1,7421439260898881453,0.5377316938731702
40,1.0,1.74,1,7421439260898881453,0.8397546362283339
40,1.0,1.76,1,7421439260898881453,0.8645612328519509
40,1.0,1.78,1,7421439260898881453,0.36462630883963765
40,1.0,1.8,1,7421439260898881453,0.18814307795005364
40,1.0,-1.8,2,307010162493472910,0.05415241450763393
40,1.0,-1.78,2,307010162493472910,0.06551361659390358
40,1.0,-1.76,2,307010162493472910,0.147358857718208
40,1.0,-1.74,2,307010162493472910,0.3761501783057244
40,1.0,-1.72,2,307010162493472910,0.26394946216203014
40,1.0,-1.7,2,307010162493472910,0.2093481889331583
40,1.0,-1.6800000000000002,2,307010162493472910,0.3138949463504994
40,1.0,-1.6600000000000001,2,307010162493472910,0.6324398874930204
40,1.0,-1.6400000000000001,2,307010162493472910,0.4021197645134908
40,1.0,-1.62,2,307010162493472910,0.20394042723949052
40,1.0,-1.6,2,307010162493472910,0.16330099893369396
40,1.0,-1.58,2,307010162493472910,0.19398615196633917
40,1.0,-1.56,2,307010162493472910,0.29429364185935286
40,1.0,-1.54,2,307010162493472910,0.38292533237677223
40,1.0,-1.52,2,307010162493472910,0.317348330984442
40,1.0,-1.5,2,307010162493472910,0.23154134312106228
40,1.0,-1.48,2,307010162493472910,0.1703525228255213
40,1.0,-1.46,2,307010162493472910,0.11567003328935836
40,1.0,-1.44,2,307010162493472910,0.07354684247833658
40,1.0,-1.42,2,307010162493472910,0.04920734279702
40,1.0,-1.4,2,307010162493472910,0.03748753879905002
40,1.0,-1.3800000000000001,2,307010162493472910,0.0334156300213451
40,1.0,-1.36,2,307010162493472910,0.035066837363957194
40,1.0,-1.34,2,307010162493472910,0.04341814860599868
40,1.0,-1.32,2,307010162493472910,0.06360913088459855
40,1.0,-1.3,2,307010162493472910,0.11013779099859396
40,1.0,-1.28,2,307010162493472910,0.2189748821644576
40,1.0,-1.26,2,307010162493472910,0.44263548108955086
40,1.0,-1.24,2,307010162493472910,0.7004566111593055
40,1.0,-1.2200000000000002,2,307010162493472910,0.7159534443814487
40,1.0,-1.2000000000000002,2,307010162493472910,0.49981149403628744
40,1.0,-1.1800000000000002,2,307010162493472910,0.2940234886319265
40,1.0,-1.1600000000000001,2,307010162493472910,0.17972530718613927
40,1.0,-1.1400000000000001,2,307010162493472910,0.12634901172961768
40,1.0,-1.12,2,307010162493472910,0.10544755068353932
40,1.0,-1.1,2,307010162493472910,0.1057647605641209
40,1.0,-1.08,2,307010162493472910,0.12953236188876138
40,1.0,-1.06,2,307010162493472910,0.19859000145101185
40,1.0,-1.04,2,307010162493472910,0.3753510575754922
40,1.0,-1.02,2,307010162493472910,0.5852463471197332
40,1.0,-1.0,2,307010162493472910,0.3947263962990971
40,1.0,-0.98,2,307010162493472910,0.21734504624423862
40,1.0,-0.9600000000000001,2,307010162493472910,0.14723440891711467
40,1.0,-0.9400000000000001,2,307010162493472910,0.12497050968875184
40,1.0,-0.92,2,307010162493472910,0.13021311336013544
40,1.0,-0.9,2,307010162493472910,0.16573260098751802
40,1.0,-0.88,2,307010162493472910,0.2603477738834747
40,1.0,-0.86,2,307010162493472910,0.4989270588083801
40,1.0,-0.8400000000000001,2,307010162493472910,0.8968973466761563
40,1.0,-0.8200000000000001,2,307010162493472910,0.8095164626667017
40,1.0,-0.8,2,307010162493472910,0.5066284926446011
40,1.0,-0.78,2,307010162493472910,0.361566767987707
40,1.0,-0.76,2,307010162493472910,0.31416058832499744
40,1.0,-0.74,2,307010162493472910,0.3211599519495341
40,1.0,-0.72,2,307010162493472910,0.36459423772171723
40,1.0,-0.7,2,307010162493472910,0.41963417077819815
40,1.0,-0.6799999999999999,2,307010162493472910,0.4405280374646043
40,1.0,-0.6599999999999999,2,307010162493472910,0.41040253304840124
40,1.0,-0.6400000000000001,2,307010162493472910,0.36744558562510965
40,1.0,-0.6200000000000001,2,307010162493472910,0.3465104475666188
40,1.0,-0.6000000000000001,2,307010162493472910,0.36214623324331446
40,1.0,-0.5800000000000001,2,307010162493472910,0.42680869001406735
40,1.0,-0.56,2,307010162493472910,0.5599883364666861
40,1.0,-0.54,2,307010162493472910,0.7609177864336082
40,1.0,-0.52,2,307010162493472910,0.9069182455171321
40,1.0,-0.5,2,307010162493472910,0.8401428002662699
40,1.0,-0.48,2,307010162493472910,0.6795084260344098
40,1.0,-0.45999999999999996,2,307010162493472910,0.5680875926224608
40,1.0,-0.43999999999999995,2,307010162493472910,0.5298587847348857
40,1.0,-0.41999999999999993,2,307010162493472910,0.5608060972524753
40,1.0,-0.3999999999999999,2,307010162493472910,0.6646845788889048
40,1.0,-0.3800000000000001,2,307010162493472910,0.8347646322565972
40,1.0,-0.3600000000000001,2,307010162493472910,0.9762851596308031
40,1.0,-0.3400000000000001,2,307010162493472910,0.9244071681480341
40,1.0,-0.32000000000000006,2,307010162493472910,0.7329177951553073
40,1.0,-0.30000000000000004,2,307010162493472910,0.5648399578390497
40,1.0,-0.28,2,307010162493472910,0.46475311859014373
40,1.0,-0.26,2,307010162493472910,0.4205496855943363
40,1.0,-0.24,2,307010162493472910,0.41922388129146304
40,1.0,-0.21999999999999997,2,307010162493472910,0.45604705345110125
40,1.0,-0.19999999999999996,2,307010162493472910,0.5317674262034071
40,1.0,-0.17999999999999994,2,307010162493472910,0.6451911987528877
40,1.0,-0.15999999999999992,2,307010162493472910,0.7801906375756682
40,1.0,-0.1399999999999999,2,307010162493472910,0.8990522344508365
40,1.0,-0.1200000000000001,2,307010162493472910,0.9674796911056412
40,1.0,-0.10000000000000009,2,307010162493472910,0.9876737072958963
40,1.0,-0.08000000000000007,2,307010162493472910,0.9848516098536098
40,1.0,-0.06000000000000005,2,307010162493472910,0.974104561710067
40,1.0,-0.040000000000000036,2,307010162493472910,0.9507672901016585
40,1.0,-0.020000000000000018,2,307010162493472910,0.9022531356605469
40,1.0,0.0,2,307010162493472910,0.8267965200175365
40,1.0,0.020000000000000018,2,307010162493472910,0.7397363464481947
40,1.0,0.040000000000000036,2,307010162493472910,0.6611851863719118
40,1.0,0.06000000000000005,2,307010162493472910,0.6037575475276675
40,1.0,0.08000000000000007,2,307010162493472910,0.5715394323908464
40,1.0,0.10000000000000009,2,307010162493472910,0.5642298317759058
40,1.0,0.11999999999999988,2,307010162493472910,0.5802691217886914
40,1.0,0.1399999999999999,2,307010162493472910,0.6178584200995646
40,1.0,0.15999999999999992,2,307010162493472910,0.674656376232409
40,1.0,0.17999999999999994,2,307010162493472910,0.7469246902233804
40,1.0,0.19999999999999996,2,307010162493472910,0.8284258598520352
40,1.0,0.21999999999999997,2,307010162493472910,0.9088116525075068
40,1.0,0.24,2,307010162493472910,0.9718414449803647
40,1.0,0.26,2,307010162493472910,0.9972768440461907
40,1.0,0.28,2,307010162493472910,0.9719969184953423
40,1.0,0.30000000000000004,2,307010162493472910,0.9038204736855825
40,1.0,0.32000000000000006,2,307010162493472910,0.8189950378965062
40,1.0,0.3400000000000001,2,307010162493472910,0.7443955973980563
40,1.0,0.3600000000000001,2,307010162493472910,0.6960100881008644
40,1.0,0.3800000000000001,2,307010162493472910,0.6798111674792143
40,1.0,0.40000000000000013,2,307010162493472910,0.69574205917728
40,1.0,0.42000000000000015,2,307010162493472910,0.737744926832101
40,1.0,0.44000000000000017,2,307010162493472910,0.7891817075309594
40,1.0,0.4600000000000002,2,307010162493472910,0.8222935292287373
40,1.0,0.4800000000000002,2,307010162493472910,0.8165711510690622
40,1.0,0.5000000000000002,2,307010162493472910,0.782010406602571
40,1.0,0.5199999999999998,2,307010162493472910,0.7497407928365979
40,1.0,0.5399999999999998,2,307010162493472910,0.7459985281977605
40,1.0,0.5599999999999998,2,307010162493472910,0.7814670579208307
40,1.0,0.5799999999999998,2,307010162493472910,0.8441202882885693
40,1.0,0.5999999999999999,2,307010162493472910,0.8820353697359128
40,1.0,0.6199999999999999,2,307010162493472910,0.8273778822651978
40,1.0,0.6399999999999999,2,307010162493472910,0.6954328289250408
40,1.0,0.6599999999999999,2,307010162493472910,0.5687246564898206
40,1.0,0.6799999999999999,2,307010162493472910,0.49377179029554863
40,1.0,0.7,2,307010162493472910,0.48024347039638055
40,1.0,0.72,2,307010162493472910,0.537016930529654
40,1.0,0.74,2,307010162493472910,0.6833199090235903
40,1.0,0.76,2,307010162493472910,0.872580865471677
40,1.0,0.78,2,307010162493472910,0.8186256104005611
40,1.0,0.8,2,307010162493472910,0.5329107318776115
40,1.0,0.8200000000000001,2,307010162493472910,0.33131926828821767
40,1.0,0.8400000000000001,2,307010162493472910,0.23541777656847088
40,1.0,0.8600000000000001,2,307010162493472910,0.19954436095323794
40,1.0,0.8800000000000001,2,307010162493472910,0.2046166955431562
40,1.0,0.9000000000000001,2,307010162493472910,0.2587889522663262
40,1.0,0.9200000000000002,2,307010162493472910,0.40964645782752046
40,1.0,0.9400000000000002,2,307010162493472910,0.6941698053909191
40,1.0,0.9600000000000002,2,307010162493472910,0.6296340409510038
40,1.0,0.9800000000000002,2,307010162493472910,0.32574701888526264
40,1.0,1.0000000000000002,2,307010162493472910,0.18729680341170565
40,1.0,1.0199999999999998,2,307010162493472910,0.1360928426104099
40,1.0,1.0399999999999998,2,307010162493472910,0.12300168686130857
40,1.0,1.0599999999999998,2,307010162493472910,0.1348400115676056
40,1.0,1.0799999999999998,2,307010162493472910,0.1703032682514029
40,1.0,1.0999999999999999,2,307010162493472910,0.2117802082456071
40,1.0,1.1199999999999999,2,307010162493472910,0.20329185652814805
40,1.0,1.14,2,307010162493472910,0.15661450203102867
40,1.0,1.16,2,307010162493472910,0.12605823567312885
40,1.0,1.18,2,307010162493472910,0.12320916000944324
40,1.0,1.2,2,307010162493472910,0.1515979371947987
40,1.0,1.22,2,307010162493472910,0.19731509633186647
40,1.0,1.24,2,307010162493472910,0.14642338914743527
40,1.0,1.26,2,307010162493472910,0.06735790653595711
40,1.0,1.28,2,307010162493472910,0.03413770735826757
40,1.0,1.3,2,307010162493472910,0.021605297896678904
40,1.0,1.32,2,307010162493472910,0.01692085352922282
40,1.0,1.34,2,307010162493472910,0.016216153970573282
40,1.0,1.36,2,307010162493472910,0.019108710230330905
40,1.0,1.3800000000000001,2,307010162493472910,0.028402644011788453
40,1.0,1.4000000000000001,2,307010162493472910,0.05613607025954317
40,1.0,1.4200000000000002,2,307010162493472910,0.1575797786655602
40,1.0,1.4400000000000002,2,307010162493472910,0.48962210832935144
40,1.0,1.4600000000000002,2,307010162493472910,0.6257513436452454
40,1.0,1.4800000000000002,2,307010162493472910,0.7545920161248486
40,1.0,1.5000000000000002,2,307010162493472910,0.8501690263537106
40,1.0,1.5200000000000002,2,307010162493472910,0.2295250014068448
40,1.0,1.5399999999999998,2,307010162493472910,0.08099366105775954
40,1.0,1.5599999999999998,2,307010162493472910,0.048589837082592076
40,1.0,1.5799999999999998,2,307010162493472910,0.04762639618852607
40,1.0,1.5999999999999999,2,307010162493472910,0.0887519348441724
40,1.0,1.6199999999999999,2,307010162493472910,0.6069324712821628
40,1.0,1.64,2,307010162493472910,0.10838788976650716
40,1.0,1.66,2,307010162493472910,0.024433674632417024
40,1.0,1.68,2,307010162493472910,0.012259851458419978
40,1.0,1.7,2,307010162493472910,0.009690152840471101
40,1.0,1.72,2,307010162493472910,0.011039499894927259
40,1.0,1.74,2,307010162493472910,0.017868107259397383
40,1.0,1.76,2,307010162493472910,0.04049348659861945
40,1.0,1.78,2,307010162493472910,0.11070949541792431
40,1.0,1.8,2,307010162493472910,0.2951121287781675
40,1.0,-1.8,3,1719195766092963734,0.0013924469006135845
40,1.0,-1.78,3,1719195766092963734,0.0013912453740724062
40,1.0,-1.76,3,1719195766092963734,0.0017636409873234542
40,1.0,-1.74,3,1719195766092963734,0.002963983948556177
40,1.0,-1.72,3,1719195766092963734,0.007534934187623969
40,1.0,-1.7,3,1719195766092963734,0.047546398502543996
40,1.0,-1.6800000000000002,3,1719195766092963734,0.1792409091940317
40,1.0,-1.6600000000000001,3,1719195766092963734,0.02375834499003475
40,1.0,-1.6400000000000001,3,1719195766092963734,0.012633937584412516
40,1.0,-1.62,3,1719195766092963734,0.011277418911595009
40,1.0,-1.6,3,1719195766092963734,0.01403553763351816
40,1.0,-1.58,3,1719195766092963734,0.023289569990106628
40,1.0,-1.56,3,1719195766092963734,0.052484699315387975
40,1.0,-1.54,3,1719195766092963734,0.1707394227480284
40,1.0,-1.52,3,1719195766092963734,0.6728468094068139
40,1.0,-1.5,3,1719195766092963734,0.8585410492704666
40,1.0,-1.48,3,1719195766092963734,0.697309592095496
40,1.0,-1.46,3,1719195766092963734,0.7813046679537482
40,1.0,-1.44,3,1719195766092963734,0.9458596458587468
40,1.0,-1.42,3,1719195766092963734,0.8888997232520096
40,1.0,-1.4,3,1719195766092963734,0.7433297434191228
40,1.0,-1.3800000000000001,3,1719195766092963734,0.7166913435359097
40,1.0,-1.36,3,1719195766092963734,0.8201138124343764
40,1.0,-1.34,3,1719195766092963734,0.9013025389046821
40,1.0,-1.32,3,1719195766092963734,0.7099646083736585
40,1.0,-1.3,3,1719195766092963734,0.46074396619099534
40,1.0,-1.28,3,1719195766092963734,0.324292136489928
40,1.0,-1.26,3,1719195766092963734,0.27075347595901106
40,1.0,-1.24,3,1719195766092963734,0.2688905642403156
40,1.0,-1.2200000000000002,3,1719195766092963734,0.3103269908384583
40,1.0,-1.2000000000000002,3,1719195766092963734,0.39549736950467973
40,1.0,-1.1800000000000002,3,1719195766092963734,0.5034948334776974
40,1.0,-1.1600000000000001,3,1719195766092963734,0.569731391081861
40,1.0,-1.1400000000000001,3,1719195766092963734,0.569473722669863
40,1.0,-1.12,3,1719195766092963734,0.5591702646481763
40,1.0,-1.1,3,1719195766092963734,0.5838025019285726
40,1.0,-1.08,3,1719195766092963734,0.641017387739094
40,1.0,-1.06,3,1719195766092963734,0.6677916819171139
40,1.0,-1.04,3,1719195766092963734,0.5918588342301073
40,1.0,-1.02,3,1719195766092963734,0.46485728422342976
40,1.0,-1.0,3,1719195766092963734,0.37058400231813177
40,1.0,-0.98,3,1719195766092963734,0.3295857858167959
40,1.0,-0.9600000000000001,3,1719195766092963734,0.34233036923705507
40,1.0,-0.9400000000000001,3,1719195766092963734,0.42638116597790415
40,1.0,-0.92,3,1719195766092963734,0.6357673884414248
40,1.0,-0.9,3,1719195766092963734,0.9381645874318899
40,1.0,-0.88,3,1719195766092963734,0.7747996335879078
40,1.0,-0.86,3,1719195766092963734,0.3986934171782428
40,1.0,-0.8400000000000001,3,1719195766092963734,0.2154292819515269
40,1.0,-0.8200000000000001,3,1719195766092963734,0.13737238055085943
40,1.0,-0.8,3,1719195766092963734,0.10198010659261211
40,1.0,-0.78,3,1719195766092963734,0.08614335091252423
40,1.0,-0.76,3,1719195766092963734,0.08147503743780252
40,1.0,-0.74,3,1719195766092963734,0.08546562470284369
40,1.0,-0.72,3,1719195766092963734,0.09897542196265355
40,1.0,-0.7,3,1719195766092963734,0.12637381992411262
40,1.0,-0.6799999999999999,3,1719195766092963734,0.17778400102228625
40,1.0,-0.6599999999999999,3,1719195766092963734,0.2737094755220082
40,1.0,-0.6400000000000001,3,1719195766092963734,0.4467470763997227
40,1.0,-0.6200000000000001,3,1719195766092963734,0.7038807785043533
40,1.0,-0.6000000000000001,3,1719195766092963734,0.9214955499763163
40,1.0,-0.5800000000000001,3,1719195766092963734,0.96213862756783
40,1.0,-0.56,3,1719195766092963734,0.911710958701581
40,1.0,-0.54,3,1719195766092963734,0.8781407398390544
40,1.0,-0.52,3,1719195766092963734,0.8780742897451994
40,1.0,-0.5,3,1719195766092963734,0.8675218826531252
40,1.0,-0.48,3,1719195766092963734,0.7801279789207703
40,1.0,-0.45999999999999996,3,1719195766092963734,0.6144103067011522
40,1.0,-0.43999999999999995,3,1719195766092963734,0.44454167661039923
40,1.0,-0.41999999999999993,3,1719195766092963734,0.3185593677968382
40,1.0,-0.3999999999999999,3,1719195766092963734,0.237310343069653
40,1.0,-0.3800000000000001,3,1719195766092963734,0.18756575841309692
40,1.0,-0.3600000000000001,3,1719195766092963734,0.15823431534741633
40,1.0,-0.3400000000000001,3,1719195766092963734,0.1425556715827721
40,1.0,-0.32000000000000006,3,1719195766092963734,0.13702996274690932
40,1.0,-0.30000000000000004,3,1719195766092963734,0.14042909861051023
40,1.0,-0.28,3,1719195766092963734,0.1533904741798598
40,1.0,-0.26,3,1719195766092963734,0.17858196843934168
40,1.0,-0.24,3,1719195766092963734,0.22142694954722164
40,1.0,-0.21999999999999997,3,1719195766092963734,0.29121290316916587
40,1.0,-0.19999999999999996,3,1719195766092963734,0.40113910088790805
40,1.0,-0.17999999999999994,3,1719195766092963734,0.561500283307849
40,1.0,-0.15999999999999992,3,1719195766092963734,0.7560157771999508
40,1.0,-0.1399999999999999,3,1719195766092963734,0.9201934590790531
40,1.0,-0.1200000000000001,3,1719195766092963734,0.9935534833162719
40,1.0,-0.10000000000000009,3,1719195766092963734,0.991829082528683
40,1.0,-0.08000000000000007,3,1719195766092963734,0.9657728037910424
40,1.0,-0.06000000000000005,3,1719195766092963734,0.9413815791185101
40,1.0,-0.040000000000000036,3,1719195766092963734,0.9153612268900895
40,1.0,-0.020000000000000018,3,1719195766092963734,0.8729386439593955
40,1.0,0.0,3,1719195766092963734,0.8082570176492248
40,1.0,0.020000000000000018,3,1719195766092963734,0.7337112022962067
40,1.0,0.040000000000000036,3,1719195766092963734,0.6700150211687037
40,1.0,0.06000000000000005,3,1719195766092963734,0.6332202232349888
40,1.0,0.08000000000000007,3,1719195766092963734,0.6326479984906227
40,1.0,0.10000000000000009,3,1719195766092963734,0.6743173745774059
40,1.0,0.11999999999999988,3,1719195766092963734,0.7585947107442712
40,1.0,0.1399999999999999,3,1719195766092963734,0.8583690088339757
40,1.0,0.15999999999999992,3,1719195766092963734,0.8857023747537726
40,1.0,0.17999999999999994,3,1719195766092963734,0.7647166334290865
40,1.0,0.19999999999999996,3,1719195766092963734,0.5716729957607917
40,1.0,0.21999999999999997,3,1719195766092963734,0.4127407272430601
40,1.0,0.24,3,1719195766092963734,0.31140154370855827
40,1.0,0.26,3,1719195766092963734,0.25415601272542704
40,1.0,0.28,3,1719195766092963734,0.22730848399551126
40,1.0,0.30000000000000004,3,1719195766092963734,0.2241949688407579
40,1.0,0.32000000000000006,3,1719195766092963734,0.24540456993770304
40,1.0,0.3400000000000001,3,1719195766092963734,0.3005360888041755
40,1.0,0.3600000000000001,3,1719195766092963734,0.4140948923371023
40,1.0,0.3800000000000001,3,1719195766092963734,0.6281558657344284
40,1.0,0.40000000000000013,3,1719195766092963734,0.9169855848952393
40,1.0,0.42000000000000015,3,1719195766092963734,0.9608271226547741
40,1.0,0.44000000000000017,3,1719195766092963734,0.7037746847149751
40,1.0,0.4600000000000002,3,1719195766092963734,0.48597371321917976
40,1.0,0.4800000000000002,3,1719195766092963734,0.3726525308287885
40,1.0,0.5000000000000002,3,1719195766092963734,0.32945958197610486
40,1.0,0.5199999999999998,3,1719195766092963734,0.33719382064258174
40,1.0,0.5399999999999998,3,1719195766092963734,0.3962174533524658
40,1.0,0.5599999999999998,3,1719195766092963734,0.5068884473691317
40,1.0,0.5799999999999998,3,1719195766092963734,0.5799016836711188
40,1.0,0.5999999999999999,3,1719195766092963734,0.45367208389886293
40,1.0,0.6199999999999999,3,1719195766092963734,0.27140619272640015
40,1.0,0.6399999999999999,3,1719195766092963734,0.1627678485825565
40,1.0,0.6599999999999999,3,1719195766092963734,0.10857882526520093
40,1.0,0.6799999999999999,3,1719195766092963734,0.08180978798624479
40,1.0,0.7,3,1719195766092963734,0.06937247743327747
40,1.0,0.72,3,1719195766092963734,0.06601447638656939
40,1.0,0.74,3,1719195766092963734,0.07068309080707964
40,1.0,0.76,3,1719195766092963734,0.0860440279330034
40,1.0,0.78,3,1719195766092963734,0.1215617282402827
40,1.0,0.8,3,1719195766092963734,0.20566885013916086
40,1.0,0.8200000000000001,3,1719195766092963734,0.4203791019193835
40,1.0,0.8400000000000001,3,1719195766092963734,0.7782551055211887
40,1.0,0.8600000000000001,3,1719195766092963734,0.6303772939370711
40,1.0,0.8800000000000001,3,1719195766092963734,0.35487119805274425
40,1.0,0.9000000000000001,3,1719195766092963734,0.23473183210644147
40,1.0,0.9200000000000002,3,1719195766092963734,0.19051330369322672
40,1.0,0.9400000000000002,3,1719195766092963734,0.18378500747345183
40,1.0,0.9600000000000002,3,1719195766092963734,0.2034121012878342
40,1.0,0.9800000000000002,3,1719195766092963734,0.24566785341168218
40,1.0,1.0000000000000002,3,1719195766092963734,0.29712014953335336
40,1.0,1.0199999999999998,3,1719195766092963734,0.3261343922974204
40,1.0,1.0399999999999998,3,1719195766092963734,0.3208462153949163
40,1.0,1.0599999999999998,3,1719195766092963734,0.30986018303958573
40,1.0,1.0799999999999998,3,1719195766092963734,0.3206364202538073
40,1.0,1.0999999999999999,3,1719195766092963734,0.36033260572274495
40,1.0,1.1199999999999999,3,1719195766092963734,0.39557773451041617
40,1.0,1.14,3,1719195766092963734,0.34609918252110616
40,1.0,1.16,3,1719195766092963734,0.23771560456737836
40,1.0,1.18,3,1719195766092963734,0.15764426392454003
40,1.0,1.2,3,1719195766092963734,0.1161157827542048
40,1.0,1.22,3,1719195766092963734,0.09944936818515089
40,1.0,1.24,3,1719195766092963734,0.10049470965616425
40,1.0,1.26,3,1719195766092963734,0.12127774194142162
40,1.0,1.28,3,1719195766092963734,0.17767414683283347
40,1.0,1.3,3,1719195766092963734,0.31715687753540844
40,1.0,1.32,3,1719195766092963734,0.6129231455767847
40,1.0,1.34,3,1719195766092963734,0.8341222951775226
40,1.0,1.36,3,1719195766092963734,0.7305370134461681
40,1.0,1.3800000000000001,3,1719195766092963734,0.645329405053913
40,1.0,1.4000000000000001,3,1719195766092963734,0.6199595292257376
40,1.0,1.4200000000000002,3,1719195766092963734,0.49568619605311603
40,1.0,1.4400000000000002,3,1719195766092963734,0.3019503875437949
40,1.0,1.4600000000000002,3,1719195766092963734,0.18493611628965417
40,1.0,1.4800000000000002,3,1719195766092963734,0.13662272770872158
40,1.0,1.5000000000000002,3,1719195766092963734,0.12833219687811914
40,1.0,1.5200000000000002,3,1719195766092963734,0.15565727015537242
40,1.0,1.5399999999999998,3,1719195766092963734,0.23251203038412183
40,1.0,1.5599999999999998,3,1719195766092963734,0.2938062413083965
40,1.0,1.5799999999999998,3,1719195766092963734,0.19221184519139703
40,1.0,1.5999999999999999,3,1719195766092963734,0.10230200721302572
40,1.0,1.6199999999999999,3,1719195766092963734,0.061295093338150766
40,1.0,1.64,3,1719195766092963734,0.041469696331828856
40,1.0,1.66,3,1719195766092963734,0.03112537938059132
40,1.0,1.68,3,1719195766092963734,0.026913811838771798
40,1.0,1.7,3,1719195766092963734,0.02932347009999752
40,1.0,1.72,3,1719195766092963734,0.04701263786447651
40,1.0,1.74,3,1719195766092963734,0.16123563301986235
40,1.0,1.76,3,1719195766092963734,0.7066965529378145
40,1.0,1.78,3,1719195766092963734,0.10963551502160046
40,1.0,1.8,3,1719195766092963734,0.06414306336559734
40,2.0,-1.8,0,9929217782264525756,0.0001404707486813221
40,2.0,-1.78,0,9929217782264525756,0.00198671075738725
40,2.0,-1.76,0,9929217782264525756,0.005942300337261704
40,2.0,-1.74,0,9929217782264525756,0.0013368025810196766
40,2.0,-1.72,0,9929217782264525756,0.0012890717756463559
40,2.0,-1.7,0,9929217782264525756,0.002461009748543474
40,2.0,-1.6800000000000002,0,9929217782264525756,0.011808614927681668
40,2.0,-1.6600000000000001,0,9929217782264525756,0.09170571889651905
40,2.0,-1.6400000000000001,0,9929217782264525756,0.008434864029965409
40,2.0,-1.62,0,9929217782264525756,0.0040208710429704125
40,2.0,-1.6,0,9929217782264525756,0.0033714153737416015
40,2.0,-1.58,0,9929217782264525756,0.003962638537724088
40,2.0,-1.56,0,9929217782264525756,0.006116802623424838
40,2.0,-1.54,0,9929217782264525756,0.012325944084894251
40,2.0,-1.52,0,9929217782264525756,0.03316411418534556
40,2.0,-1.5,0,9929217782264525756,0.11117041265291663
40,2.0,-1.48,0,9929217782264525756,0.23188181872864003
40,2.0,-1.46,0,9929217782264525756,0.233106848904061
40,2.0,-1.44,0,9929217782264525756,0.2700655168207627
40,2.0,-1.42,0,9929217782264525756,0.420751125071381
40,2.0,-1.4,0,9929217782264525756,0.5861455840758795
40,2.0,-1.3800000000000001,0,9929217782264525756,0.4123806056276223
40,2.0,-1.36,0,9929217782264525756,0.23788725400566094
40,2.0,-1.34,0,9929217782264525756,0.16162505634548888
40,2.0,-1.32,0,9929217782264525756,0.13201961524953282
40,2.0,-1.3,0,9929217782264525756,0.1263105264807997
40,2.0,-1.28,0,9929217782264525756,0.1389674517486853
40,2.0,-1.26,0,9929217782264525756,0.17309819243072622
40,2.0,-1.24,0,9929217782264525756,0.23577388293430585
40,2.0,-1.2200000000000002,0,9929217782264525756,0.3210819830452272
40,2.0,-1.2000000000000002,0,9929217782264525756,0.38199319963521355
40,2.0,-1.1800000000000002,0,9929217782264525756,0.3845452350438436
40,2.0,-1.1600000000000001,0,9929217782264525756,0.37062394144230953
40,2.0,-1.1400000000000001,0,9929217782264525756,0.385537839212482
40,2.0,-1.12,0,9929217782264525756,0.4576677928607827
40,2.0,-1.1,0,9929217782264525756,0.6320803093108396
40,2.0,-1.08,0,9929217782264525756,0.937630911202203
40,2.0,-1.06,0,9929217782264525756,0.8027487951508178
40,2.0,-1.04,0,9929217782264525756,0.284877562965565
40,2.0,-1.02,0,9929217782264525756,0.09446177752423196
40,2.0,-1.0,0,9929217782264525756,0.03746127495865278
40,2.0,-0.98,0,9929217782264525756,0.017599643120301375
40,2.0,-0.9600000000000001,0,9929217782264525756,0.009527539328644126
40,2.0,-0.9400000000000001,0,9929217782264525756,0.005820768914925799
40,2.0,-0.92,0,9929217782264525756,0.003956167447828457
40,2.0,-0.9,0,9929217782264525756,0.0029625893846489905
40,2.0,-0.88,0,9929217782264525756,0.0024296274433956923
40,2.0,-0.86,0,9929217782264525756,0.0021756787360234582
40,2.0,-0.8400000000000001,0,9929217782264525756,0.0021276451075981
40,2.0,-0.8200000000000001,0,9929217782264525756,0.002280888807664597
40,2.0,-0.8,0,9929217782264525756,0.002704371684432934
40,2.0,-0.78,0,9929217782264525756,0.003607489090825894
40,2.0,-0.76,0,9929217782264525756,0.0055922264003975914
40,2.0,-0.74,0,9929217782264525756,0.010756733891231484
40,2.0,-0.72,0,9929217782264525756,0.02975610190474444
40,2.0,-0.7,0,9929217782264525756,0.13847555877344125
40,2.0,-0.6799999999999999,0,9929217782264525756,0.08379008068878699
40,2.0,-0.6599999999999999,0,9929217782264525756,0.02568119334317464
40,2.0,-0.6400000000000001,0,9929217782264525756,0.013237136447646614
40,2.0,-0.6200000000000001,0,9929217782264525756,0.009188365717532477
40,2.0,-0.6000000000000001,0,9929217782264525756,0.0077591612573381895
40,2.0,-0.5800000000000001,0,9929217782264525756,0.007645215994704211
40,2.0,-0.56,0,9929217782264525756,0.008674488499308283
40,2.0,-0.54,0,9929217782264525756,0.01140642809746735
40,2.0,-0.52,0,9929217782264525756,0.017842435749841994
40,2.0,-0.5,0,9929217782264525756,0.03470667925215264
40,2.0,-0.48,0,9929217782264525756,0.0803299549430845
40,2.0,-0.45999999999999996,0,9929217782264525756,0.100607999902337
40,2.0,-0.43999999999999995,0,9929217782264525756,0.04939382401227802
40,2.0,-0.41999999999999993,0,9929217782264525756,0.025713860550813136
40,2.0,-0.3999999999999999,0,9929217782264525756,0.01681594515350756
40,2.0,-0.3800000000000001,0,9929217782264525756,0.013225201719271409
40,2.0,-0.3600000000000001,0,9929217782264525756,0.012073607449331244
40,2.0,-0.3400000000000001,0,9929217782264525756,0.012563508846002902
40,2.0,-0.32000000000000006,0,9929217782264525756,0.014810187636683675
40,2.0,-0.30000000000000004,0,9929217782264525756,0.01983245439871358
40,2.0,-0.28,0,9929217782264525756,0.03044998196871831
40,2.0,-0.26,0,9929217782264525756,0.05408655668689452
40,2.0,-0.24,0,9929217782264525756,0.10851733187088691
40,2.0,-0.21999999999999997,0,9929217782264525756,0.20814330327720443
40,2.0,-0.19999999999999996,0,9929217782264525756,0.27878756565168555
40,2.0,-0.17999999999999994,0,9929217782264525756,0.2855260648486201
40,2.0,-0.15999999999999992,0,9929217782264525756,0.32153057404344915
40,2.0,-0.1399999999999999,0,9929217782264525756,0.4730012788973072
40,2.0,-0.1200000000000001,0,9929217782264525756,0.8168251725794412
40,2.0,-0.10000000000000009,0,9929217782264525756,0.6650582162749924
40,2.0,-0.08000000000000007,0,9929217782264525756,0.27922071620864874
40,2.0,-0.06000000000000005,0,9929217782264525756,0.13985599752520023
40,2.0,-0.040000000000000036,0,9929217782264525756,0.09086666847148316
40,2.0,-0.020000000000000018,0,9929217782264525756,0.07354165996065287
40,2.0,0.0,0,9929217782264525756,0.07236462256975415
40,2.0,0.020000000000000018,0,9929217782264525756,0.08613079794196578
40,2.0,0.040000000000000036,0,9929217782264525756,0.12363254572493665
40,2.0,0.06000000000000005,0,9929217782264525756,0.19588364110029727
40,2.0,0.08000000000000007,0,9929217782264525756,0.22544112741061464
40,2.0,0.10000000000000009,0,9929217782264525756,0.14344942141792705
40,2.0,0.11999999999999988,0,9929217782264525756,0.08144790441262754
40,2.0,0.1399999999999999,0,9929217782264525756,0.0533983896427469
40,2.0,0.15999999999999992,0,9929217782264525756,0.04144184208782134
40,2.0,0.17999999999999994,0,9929217782264525756,0.037597027381642584
40,2.0,0.19999999999999996,0,9929217782264525756,0.039587252713084775
40,2.0,0.21999999999999997,0,9929217782264525756,0.048635184078564916
40,2.0,0.24,0,9929217782264525756,0.07128593277160758
40,2.0,0.26,0,9929217782264525756,0.13062531839078947
40,2.0,0.28,0,9929217782264525756,0.3162574972304052
40,2.0,0.30000000000000004,0,9929217782264525756,0.7044598709036152
40,2.0,0.32000000000000006,0,9929217782264525756,0.44227103834071996
40,2.0,0.3400000000000001,0,9929217782264525756,0.21212366197067895
40,2.0,0.3600000000000001,0,9929217782264525756,0.13246788364328668
40,2.0,0.3800000000000001,0,9929217782264525756,0.1009627112951987
40,2.0,0.40000000000000013,0,9929217782264525756,0.08538142086222585
40,2.0,0.42000000000000015,0,9929217782264525756,0.07314161007683355
40,2.0,0.44000000000000017,0,9929217782264525756,0.05985726392232135
40,2.0,0.4600000000000002,0,9929217782264525756,0.04745984771261326
40,2.0,0.4800000000000002,0,9929217782264525756,0.03901477358797279
40,2.0,0.5000000000000002,0,9929217782264525756,0.0356610678511303
40,2.0,0.5199999999999998,0,9929217782264525756,0.037784128504540916
40,2.0,0.5399999999999998,0,9929217782264525756,0.04351715342561399
40,2.0,0.5599999999999998,0,9929217782264525756,0.03599043238407983
40,2.0,0.5799999999999998,0,9929217782264525756,0.016052770764513502
40,2.0,0.5999999999999999,0,9929217782264525756,0.006310166631965447
40,2.0,0.6199999999999999,0,9929217782264525756,0.002838129737488422
40,2.0,0.6399999999999999,0,9929217782264525756,0.0014893726835699453
40,2.0,0.6599999999999999,0,9929217782264525756,0.0008937106878807255
40,2.0,0.6799999999999999,0,9929217782264525756,0.0006022215556657701
40,2.0,0.7,0,9929217782264525756,0.00045032861928124364
40,2.0,0.72,0,9929217782264525756,0.000371256557536378
40,2.0,0.74,0,9929217782264525756,0.0003366965477147237
40,2.0,0.76,0,9929217782264525756,0.00033651043791216924
40,2.0,0.78,0,9929217782264525756,0.0003728888184089613
40,2.0,0.8,0,9929217782264525756,0.00046338663705265324
40,2.0,0.8200000000000001,0,9929217782264525756,0.0006583618756440897
40,2.0,0.8400000000000001,0,9929217782264525756,0.0011044877861805858
40,2.0,0.8600000000000001,0,9929217782264525756,0.002314972615743687
40,2.0,0.8800000000000001,0,9929217782264525756,0.006741168767343853
40,2.0,0.9000000000000001,0,9929217782264525756,0.03301373490572027
40,2.0,0.9200000000000002,0,9929217782264525756,0.17040197035352575
40,2.0,0.9400000000000002,0,9929217782264525756,0.21195182724188386
40,2.0,0.9600000000000002,0,9929217782264525756,0.2529268876845147
40,2.0,0.9800000000000002,0,9929217782264525756,0.023423470459728046
40,2.0,1.0000000000000002,0,9929217782264525756,0.005197778102616273
40,2.0,1.0199999999999998,0,9929217782264525756,0.002016203484486097
40,2.0,1.0399999999999998,0,9929217782264525756,0.0010969139556297027
40,2.0,1.0599999999999998,0,9929217782264525756,0.0007682058439828424
40,2.0,1.0799999999999998,0,9929217782264525756,0.0006726496223119273
40,2.0,1.0999999999999999,0,9929217782264525756,0.0007434767336643849
40,2.0,1.1199999999999999,0,9929217782264525756,0.0011041611011092752
40,2.0,1.14,0,9929217782264525756,0.0027099005723060974
40,2.0,1.16,0,9929217782264525756,0.03679479255069503
40,2.0,1.18,0,9929217782264525756,0.009003585344763705
40,2.0,1.2,0,9929217782264525756,0.0015436829867660061
40,2.0,1.22,0,9929217782264525756,0.0007033594559248711
40,2.0,1.24,0,9929217782264525756,0.0004802386028577033
40,2.0,1.26,0,9929217782264525756,0.00042536979788778995
40,2.0,1.28,0,9929217782264525756,0.00045377133842727156
40,2.0,1.3,0,9929217782264525756,0.0005258022121880423
40,2.0,1.32,0,9929217782264525756,0.0005480219148559989
40,2.0,1.34,0,9929217782264525756,0.00045527954669329697
40,2.0,1.36,0,9929217782264525756,0.0003466782242926338
40,2.0,1.3800000000000001,0,9929217782264525756,0.0002914290153012043
40,2.0,1.4000000000000001,0,9929217782264525756,0.00029967792638121955
40,2.0,1.4200000000000002,0,9929217782264525756,0.0004107873037560666
40,2.0,1.4400000000000002,0,9929217782264525756,0.0009019205338656761
40,2.0,1.4600000000000002,0,9929217782264525756,0.005710809398335185
40,2.0,1.4800000000000002,0,9929217782264525756,0.002338898886877956
40,2.0,1.5000000000000002,0,9929217782264525756,0.00048077802729799363
40,2.0,1.5200000000000002,0,9929217782264525756,0.0002258794619323536
40,2.0,1.5399999999999998,0,9929217782264525756,0.00016608791108705317
40,2.0,1.5599999999999998,0,9929217782264525756,0.00018232863287952835
40,2.0,1.5799999999999998,0,9929217782264525756,0.0003610308935717701
40,2.0,1.5999999999999999,0,9929217782264525756,0.005475673346936725
40,2.0,1.6199999999999999,0,9929217782264525756,0.00048462402291457206
40,2.0,1.64,0,9929217782264525756,8.210796559038523e-05
40,2.0,1.66,0,9929217782264525756,3.402728355499001e-05
40,2.0,1.68,0,9929217782264525756,2.228929628763321e-05
40,2.0,1.7,0,9929217782264525756,2.1781131625922642e-05
40,2.0,1.72,0,9929217782264525756,3.5755785007794614e-05
40,2.0,1.74,0,9929217782264525756,0.00018474445610558056
40,2.0,1.76,0,9929217782264525756,0.0006048155071390841
40,2.0,1.78,0,9929217782264525756,6.642208620302666e-05
40,2.0,1.8,0,9929217782264525756,8.040031026388819e-05
40,2.0,-1.8,1,17824779566504758883,5.3695179012145684e-08
40,2.0,-1.78,1,17824779566504758883,7.106374359433218e-08
40,2.0,-1.76,1,17824779566504758883,1.109403384868449e-07
40,2.0,-1.74,1,17824779566504758883,2.0347049831985398e-07
40,2.0,-1.72,1,17824779566504758883,4.43416958575692e-07
40,2.0,-1.7,1,17824779566504758883,1.1837287197342049e-06
40,2.0,-1.6800000000000002,1,17824779566504758883,4.130239834842534e-06
40,2.0,-1.6600000000000001,1,17824779566504758883,2.191022597744051e-05
40,2.0,-1.6400000000000001,1,17824779566504758883,0.00029365773358322705
40,2.0,-1.62,1,17824779566504758883,0.009448045840134886
40,2.0,-1.6,1,17824779566504758883,0.002353457129773151
40,2.0,-1.58,1,17824779566504758883,0.02783057595301659
40,2.0,-1.56,1,17824779566504758883,0.003792096765945504
40,2.0,-1.54,1,17824779566504758883,0.000983552508284758
40,2.0,-1.52,1,17824779566504758883,0.0007082362899090538
40,2.0,-1.5,1,17824779566504758883,0.0008736683420239011
40,2.0,-1.48,1,17824779566504758883,0.0017268421967308624
40,2.0,-1.46,1,17824779566504758883,0.006265945735296366
40,2.0,-1.44,1,17824779566504758883,0.040914199171434906
40,2.0,-1.42,1,17824779566504758883,0.018617098454466373
40,2.0,-1.4,1,17824779566504758883,0.01054539965130878
40,2.0,-1.3800000000000001,1,17824779566504758883,0.010652444290766214
40,2.0,-1.36,1,17824779566504758883,0.013312875885752891
40,2.0,-1.34,1,17824779566504758883,0.015137670584152484
40,2.0,-1.32,1,17824779566504758883,0.015757957688909925
40,2.0,-1.3,1,17824779566504758883,0.019245920381020704
40,2.0,-1.28,1,17824779566504758883,0.032687956590616976
40,2.0,-1.26,1,17824779566504758883,0.08118655674498307
40,2.0,-1.24,1,17824779566504758883,0.21821751326877847
40,2.0,-1.2200000000000002,1,17824779566504758883,0.44352141781348786
40,2.0,-1.2000000000000002,1,17824779566504758883,0.12184609248219826
40,2.0,-1.1800000000000002,1,17824779566504758883,0.01593107974593902
40,2.0,-1.1600000000000001,1,17824779566504758883,0.004058324126267493
40,2.0,-1.1400000000000001,1,17824779566504758883,0.0015691738735292547
40,2.0,-1.12,1,17824779566504758883,0.0008043813235624777
40,2.0,-1.1,1,17824779566504758883,0.0005114839344831214
40,2.0,-1.08,1,17824779566504758883,0.0003900490505068026
40,2.0,-1.06,1,17824779566504758883,0.00035158679417367445
40,2.0,-1.04,1,17824779566504758883,0.000374896663776219
40,2.0,-1.02,1,17824779566504758883,0.00048169036213336394
40,2.0,-1.0,1,17824779566504758883,0.0007829314844046799
40,2.0,-0.98,1,17824779566504758883,0.0018213439117557555
40,2.0,-0.9600000000000001,1,17824779566504758883,0.00932486489363778
40,2.0,-0.9400000000000001,1,17824779566504758883,0.22504681079134686
40,2.0,-0.92,1,17824779566504758883,0.008497895521487138
40,2.0,-0.9,1,17824779566504758883,0.004241657235103779
40,2.0,-0.88,1,17824779566504758883,0.004896110194357935
40,2.0,-0.86,1,17824779566504758883,0.018816228623467306
40,2.0,-0.8400000000000001,1,17824779566504758883,0.026737438448595476
40,2.0,-0.8200000000000001,1,17824779566504758883,0.0017857222733022047
40,2.0,-0.8,1,17824779566504758883,0.000499220617665749
40,2.0,-0.78,1,17824779566504758883,0.0002203889304087385
40,2.0,-0.76,1,17824779566504758883,0.00012511118702984334
40,2.0,-0.74,1,17824779566504758883,8.438078483272854e-05
40,2.0,-0.72,1,17824779566504758883,6.506450647981077e-05
40,2.0,-0.7,1,17824779566504758883,5.6194901339584307e-05
40,2.0,-0.6799999999999999,1,17824779566504758883,5.3786324460697645e-05
40,2.0,-0.6599999999999999,1,17824779566504758883,5.682450396827073e-05
40,2.0,-0.6400000000000001,1,17824779566504758883,6.638482318160439e-05
40,2.0,-0.6200000000000001,1,17824779566504758883,8.648136275204355e-05
40,2.0,-0.6000000000000001,1,17824779566504758883,0.00012793841247427272
40,2.0,-0.5800000000000001,1,17824779566504758883,0.00022291129818421322
40,2.0,-0.56,1,17824779566504758883,0.0004952400718092146
40,2.0,-0.54,1,17824779566504758883,0.0017500205496765035
40,2.0,-0.52,1,17824779566504758883,0.034536514206413044
40,2.0,-0.5,1,17824779566504758883,0.009778460117589215
40,2.0,-0.48,1,17824779566504758883,0.0022253180400374824
40,2.0,-0.45999999999999996,1,17824779566504758883,0.001274365330152405
40,2.0,-0.43999999999999995,1,17824779566504758883,0.0010607211637772367
40,2.0,-0.41999999999999993,1,17824779566504758883,0.0011268069903262884
40,2.0,-0.3999999999999999,1,17824779566504758883,0.0014744289168353549
40,2.0,-0.3800000000000001,1,17824779566504758883,0.002407025956575587
40,2.0,-0.3600000000000001,1,17824779566504758883,0.005272581305671561
40,2.0,-0.3400000000000001,1,17824779566504758883,0.01970706216355051
40,2.0,-0.32000000000000006,1,17824779566504758883,0.4641022483175744
40,2.0,-0.30000000000000004,1,17824779566504758883,0.06836132757335264
40,2.0,-0.28,1,17824779566504758883,0.02074566283388174
40,2.0,-0.26,1,17824779566504758883,0.013992874471624091
40,2.0,-0.24,1,17824779566504758883,0.014045334371393004
40,2.0,-0.21999999999999997,1,17824779566504758883,0.019441690998442816
40,2.0,-0.19999999999999996,1,17824779566504758883,0.03918522937188759
40,2.0,-0.17999999999999994,1,17824779566504758883,0.15061626310665202
40,2.0,-0.15999999999999992,1,17824779566504758883,0.7048016020047362
40,2.0,-0.1399999999999999,1,17824779566504758883,0.11752110024108725
40,2.0,-0.1200000000000001,1,17824779566504758883,0.04675603073510715
40,2.0,-0.10000000000000009,1,17824779566504758883,0.030408149754335777
40,2.0,-0.08000000000000007,1,17824779566504758883,0.02575716520085622
40,2.0,-0.06000000000000005,1,17824779566504758883,0.025498861658680223
40,2.0,-0.040000000000000036,1,17824779566504758883,0.026988921467273278
40,2.0,-0.020000000000000018,1,17824779566504758883,0.027927450799758745
40,2.0,0.0,1,17824779566504758883,0.026845036597268203
40,2.0,0.020000000000000018,1,17824779566504758883,0.02462955947465689
40,2.0,0.040000000000000036,1,17824779566504758883,0.023123506554296142
40,2.0,0.06000000000000005,1,17824779566504758883,0.02358229291212087
40,2.0,0.08000000000000007,1,17824779566504758883,0.027208984757694562
40,2.0,0.10000000000000009,1,17824779566504758883,0.03681201948195924
40,2.0,0.11999999999999988,1,17824779566504758883,0.061364867429824915
40,2.0,0.1399999999999999,1,17824779566504758883,0.13707419745654867
40,2.0,0.15999999999999992,1,17824779566504758883,0.4245557731877152
40,2.0,0.17999999999999994,1,17824779566504758883,0.5579218475285478
40,2.0,0.19999999999999996,1,17824779566504758883,0.24612784575623173
40,2.0,0.21999999999999997,1,17824779566504758883,0.1501672976529955
40,2.0,0.24,1,17824779566504758883,0.13456497205070994
40,2.0,0.26,1,17824779566504758883,0.17488741431147864
40,2.0,0.28,1,17824779566504758883,0.3607905963354783
40,2.0,0.30000000000000004,1,17824779566504758883,0.780112625989457
40,2.0,0.32000000000000006,1,17824779566504758883,0.23892326625525964
40,2.0,0.3400000000000001,1,17824779566504758883,0.075417661541376
40,2.0,0.3600000000000001,1,17824779566504758883,0.0355990181109766
40,2.0,0.3800000000000001,1,17824779566504758883,0.0217959322425082
40,2.0,0.40000000000000013,1,17824779566504758883,0.016072642698397803
40,2.0,0.42000000000000015,1,17824779566504758883,0.013780442819543846
40,2.0,0.44000000000000017,1,17824779566504758883,0.01353166711130253
40,2.0,0.4600000000000002,1,17824779566504758883,0.015189053180483893
40,2.0,0.4800000000000002,1,17824779566504758883,0.01968747113149511
40,2.0,0.5000000000000002,1,17824779566504758883,0.030223901524676966
40,2.0,0.5199999999999998,1,17824779566504758883,0.057740540283651526
40,2.0,0.5399999999999998,1,17824779566504758883,0.1482473439422434
40,2.0,0.5599999999999998,1,17824779566504758883,0.43544319125805253
40,2.0,0.5799999999999998,1,17824779566504758883,0.3759049781051006
40,2.0,0.5999999999999999,1,17824779566504758883,0.18827376101408913
40,2.0,0.6199999999999999,1,17824779566504758883,0.12645248228678832
40,2.0,0.6399999999999999,1,17824779566504758883,0.10748528921366696
40,2.0,0.6599999999999999,1,17824779566504758883,0.10345670418125193
40,2.0,0.6799999999999999,1,17824779566504758883,0.10224393128185592
40,2.0,0.7,1,17824779566504758883,0.09782539840953966
40,2.0,0.72,1,17824779566504758883,0.0884191597994799
40,2.0,0.74,1,17824779566504758883,0.06985068358262006
40,2.0,0.76,1,17824779566504758883,0.04282374305133782
40,2.0,0.78,1,17824779566504758883,0.021662775770347944
40,2.0,0.8,1,17824779566504758883,0.010908318760987534
40,2.0,0.8200000000000001,1,17824779566504758883,0.006125987362612262
40,2.0,0.8400000000000001,1,17824779566504758883,0.004007385575888067
40,2.0,0.8600000000000001,1,17824779566504758883,0.003134511665759986
40,2.0,0.8800000000000001,1,17824779566504758883,0.0030601239578617865
40,2.0,0.9000000000000001,1,17824779566504758883,0.004137213585259331
40,2.0,0.9200000000000002,1,17824779566504758883,0.010508636439971181
40,2.0,0.9400000000000002,1,17824779566504758883,0.02553020928198276
40,2.0,0.9600000000000002,1,17824779566504758883,0.0025814982391225002
40,2.0,0.9800000000000002,1,17824779566504758883,0.0006241506249585387
40,2.0,1.0000000000000002,1,17824779566504758883,0.00023827191568910678
40,2.0,1.0199999999999998,1,17824779566504758883,0.00011699109911486363
40,2.0,1.0399999999999998,1,17824779566504758883,6.823577731371153e-05
40,2.0,1.0599999999999998,1,17824779566504758883,4.557166129497905e-05
40,2.0,1.0799999999999998,1,17824779566504758883,3.4231376139192694e-05
40,2.0,1.0999999999999999,1,17824779566504758883,2.87052489091005e-05
40,2.0,1.1199999999999999,1,17824779566504758883,2.6871689393389692e-05
40,2.0,1.14,1,17824779566504758883,2.8280485788932362e-05
40,2.0,1.16,1,17824779566504758883,3.400478836034853e-05
40,2.0,1.18,1,17824779566504758883,4.8199969578066574e-05
40,2.0,1.2,1,17824779566504758883,8.583831871076233e-05
40,2.0,1.22,1,17824779566504758883,0.0002248258827635411
40,2.0,1.24,1,17824779566504758883,0.001641714943673569
40,2.0,1.26,1,17824779566504758883,0.0048508793239078404
40,2.0,1.28,1,17824779566504758883,0.00046519885707965394
40,2.0,1.3,1,17824779566504758883,0.00019410255576897384
40,2.0,1.32,1,17824779566504758883,0.00011280306040025898
40,2.0,1.34,1,17824779566504758883,6.973487371009924e-05
40,2.0,1.36,1,17824779566504758883,4.3093893953641597e-05
40,2.0,1.3800000000000001,1,17824779566504758883,2.7940568743516133e-05
40,2.0,1.4000000000000001,1,17824779566504758883,2.02328429169558e-05
40,2.0,1.4200000000000002,1,17824779566504758883,1.708357054913571e-05
40,2.0,1.4400000000000002,1,17824779566504758883,1.743556703295997e-05
40,2.0,1.4600000000000002,1,17824779566504758883,2.2675382135306287e-05
40,2.0,1.4800000000000002,1,17824779566504758883,4.217986529292493e-05
40,2.0,1.5000000000000002,1,17824779566504758883,0.00016327948597169638
40,2.0,1.5200000000000002,1,17824779566504758883,0.029967861675546922
40,2.0,1.5399999999999998,1,17824779566504758883,0.00016569409946892962
40,2.0,1.5599999999999998,1,17824779566504758883,6.471285576010728e-05
40,2.0,1.5799999999999998,1,17824779566504758883,5.697544233000726e-05
40,2.0,1.5999999999999999,1,17824779566504758883,0.00010028348619557131
40,2.0,1.6199999999999999,1,17824779566504758883,0.0006564042416096712
40,2.0,1.64,1,17824779566504758883,0.0005588709086659304
40,2.0,1.66,1,17824779566504758883,0.00012801154816557354
40,2.0,1.68,1,17824779566504758883,0.00013328111616412719
40,2.0,1.7,1,17824779566504758883,0.0012291555648054
40,2.0,1.72,1,17824779566504758883,0.0003219194441646433
40,2.0,1.74,1,17824779566504758883,0.00013130539432715263
40,2.0,1.76,1,17824779566504758883,0.0002321688813643742
40,2.0,1.78,1,17824779566504758883,4.366724698548381e-06
40,2.0,1.8,1,17824779566504758883,7.405095984273921e-07
40,2.0,-1.8,2,16108166665311063383,1.8198547877967164e-05
40,2.0,-1.78,2,16108166665311063383,1.637884427767708e-05
40,2.0,-1.76,2,16108166665311063383,2.7179300712595922e-05
40,2.0,-1.74,2,16108166665311063383,0.00011889302569473428
40,2.0,-1.72,2,16108166665311063383,0.00011161976329906546
40,2.0,-1.7,2,16108166665311063383,2.730716320838813e-05
40,2.0,-1.6800000000000002,2,16108166665311063383,1.8562004068952477e-05
40,2.0,-1.6600000000000001,2,16108166665311063383,3.0175952586579565e-05
40,2.0,-1.6400000000000001,2,16108166665311063383,0.0004461049635715766
40,2.0,-1.62,2,16108166665311063383,2.3995580004053466e-05
40,2.0,-1.6,2,16108166665311063383,4.342419643465253e-06
40,2.0,-1.58,2,16108166665311063383,1.7217860622138102e-06
40,2.0,-1.56,2,16108166665311063383,9.86094795635806e-07
40,2.0,-1.54,2,16108166665311063383,7.1876500516116e-07
40,2.0,-1.52,2,16108166665311063383,6.322165270644751e-07
40,2.0,-1.5,2,16108166665311063383,6.555552108058419e-07
40,2.0,-1.48,2,16108166665311063383,7.967262748637191e-07
40,2.0,-1.46,2,16108166665311063383,1.1462626507782028e-06
40,2.0,-1.44,2,16108166665311063383,2.015571086548979e-06
40,2.0,-1.42,2,16108166665311063383,4.6811436778749095e-06
40,2.0,-1.4,2,16108166665311063383,1.789407371409409e-05
40,2.0,-1.3800000000000001,2,16108166665311063383,0.000360424266558803
40,2.0,-1.36,2,16108166665311063383,0.00012972728262812135
40,2.0,-1.34,2,16108166665311063383,3.9021095693337726e-05
40,2.0,-1.32,2,16108166665311063383,3.233920661440752e-05
40,2.0,-1.3,2,16108166665311063383,4.865542465674544e-05
40,2.0,-1.28,2,16108166665311063383,0.00017284124429471181
40,2.0,-1.26,2,16108166665311063383,0.008904446297669774
40,2.0,-1.24,2,16108166665311063383,9.763930734209416e-05
40,2.0,-1.2200000000000002,2,16108166665311063383,2.9902235609237096e-05
40,2.0,-1.2000000000000002,2,16108166665311063383,1.652682947702698e-05
40,2.0,-1.1800000000000002,2,16108166665311063383,1.230998646491251e-05
40,2.0,-1.1600000000000001,2,16108166665311063383,1.1223575164589527e-05
40,2.0,-1.1400000000000001,2,16108166665311063383,1.2021320901983337e-05
40,2.0,-1.12,2,16108166665311063383,1.4861203867199727e-05
40,2.0,-1.1,2,16108166665311063383,2.1121865176315786e-05
40,2.0,-1.08,2,16108166665311063383,3.476442543572499e-05
40,2.0,-1.06,2,16108166665311063383,6.758796094297085e-05
40,2.0,-1.04,2,16108166665311063383,0.00016117775862729757
40,2.0,-1.02,2,16108166665311063383,0.0005027627440860864
40,2.0,-1.0,2,16108166665311063383,0.0022009975400152553
40,2.0,-0.98,2,16108166665311063383,0.009913397887703587
40,2.0,-0.9600000000000001,2,16108166665311063383,0.021320488316425537
40,2.0,-0.9400000000000001,2,16108166665311063383,0.14609425798779183
40,2.0,-0.92,2,16108166665311063383,0.035768768315578715
40,2.0,-0.9,2,16108166665311063383,0.00475313971931162
40,2.0,-0.88,2,16108166665311063383,0.0018179775593036747
40,2.0,-0.86,2,16108166665311063383,0.001076931835435589
40,2.0,-0.8400000000000001,2,16108166665311063383,0.0008385505538350518
40,2.0,-0.8200000000000001,2,16108166665311063383,0.0008048483627267151
40,2.0,-0.8,2,16108166665311063383,0.0009295221412955947
40,2.0,-0.78,2,16108166665311063383,0.001294466625064786
40,2.0,-0.76,2,16108166665311063383,0.002247045021321788
40,2.0,-0.74,2,16108166665311063383,0.005365879301257897
40,2.0,-0.72,2,16108166665311063383,0.024725009647125217
40,2.0,-0.7,2,16108166665311063383,0.8231261686408945
40,2.0,-0.6799999999999999,2,16108166665311063383,0.031621608793260605
40,2.0,-0.6599999999999999,2,16108166665311063383,0.011398881472416538
40,2.0,-0.6400000000000001,2,16108166665311063383,0.007347958925637351
40,2.0,-0.6200000000000001,2,16108166665311063383,0.006244894699585697
40,2.0,-0.6000000000000001,2,16108166665311063383,0.006343481942986908
40,2.0,-0.5800000000000001,2,16108166665311063383,0.007423018079925656
40,2.0,-0.56,2,16108166665311063383,0.009965520331222914
40,2.0,-0.54,2,16108166665311063383,0.015767608061998794
40,2.0,-0.52,2,16108166665311063383,0.031749989923467045
40,2.0,-0.5,2,16108166665311063383,0.09990066399958834
40,2.0,-0.48,2,16108166665311063383,0.7687375556711654
40,2.0,-0.45999999999999996,2,16108166665311063383,0.2613805824173199
40,2.0,-0.43999999999999995,2,16108166665311063383,0.08006971559282118
40,2.0,-0.41999999999999993,2,16108166665311063383,0.048673098955805356
40,2.0,-0.3999999999999999,2,16108166665311063383,0.04433030281840104
40,2.0,-0.3800000000000001,2,16108166665311063383,0.05854414487697487
40,2.0,-0.3600000000000001,2,16108166665311063383,0.13055180294204727
40,2.0,-0.3400000000000001,2,16108166665311063383,0.6666928752677477
40,2.0,-0.32000000000000006,2,16108166665311063383,0.15855278132081158
40,2.0,-0.30000000000000004,2,16108166665311063383,0.03744124681854191
40,2.0,-0.28,2,16108166665311063383,0.016160051763828964
40,2.0,-0.26,2,16108166665311063383,0.009485582286619219
40,2.0,-0.24,2,16108166665311063383,0.006780730946355483
40,2.0,-0.21999999999999997,2,16108166665311063383,0.00561390071168841
40,2.0,-0.19999999999999996,2,16108166665311063383,0.005244620946413326
40,2.0,-0.17999999999999994,2,16108166665311063383,0.005450112880874725
40,2.0,-0.15999999999999992,2,16108166665311063383,0.006249867162075181
40,2.0,-0.1399999999999999,2,16108166665311063383,0.007869308788634328
40,2.0,-0.1200000000000001,2,16108166665311063383,0.0108126444429076
40,2.0,-0.10000000000000009,2,16108166665311063383,0.015954411812646414
40,2.0,-0.08000000000000007,2,16108166665311063383,0.02416372970696626
40,2.0,-0.06000000000000005,2,16108166665311063383,0.03409594484396102
40,2.0,-0.040000000000000036,2,16108166665311063383,0.040197923677605954
40,2.0,-0.020000000000000018,2,16108166665311063383,0.03980141071466852
40,2.0,0.0,2,16108166665311063383,0.03703253271718123
40,2.0,0.020000000000000018,2,16108166665311063383,0.035606957037543394
40,2.0,0.040000000000000036,2,16108166665311063383,0.03705465628981613
40,2.0,0.06000000000000005,2,16108166665311063383,0.04269095809335665
40,2.0,0.08000000000000007,2,16108166665311063383,0.05556604251927239
40,2.0,0.10000000000000009,2,16108166665311063383,0.08435236908405552
40,2.0,0.11999999999999988,2,16108166665311063383,0.15804016875258525
40,2.0,0.1399999999999999,2,16108166665311063383,0.3845114751774452
40,2.0,0.15999999999999992,2,16108166665311063383,0.6570163945252033
40,2.0,0.17999999999999994,2,16108166665311063383,0.28079675589738406
40,2.0,0.19999999999999996,2,16108166665311063383,0.11201781378900086
40,2.0,0.21999999999999997,2,16108166665311063383,0.05621235421513147
40,2.0,0.24,2,16108166665311063383,0.03275047955013718
40,2.0,0.26,2,16108166665311063383,0.020848273057409637
40,2.0,0.28,2,16108166665311063383,0.01400642846372831
40,2.0,0.30000000000000004,2,16108166665311063383,0.00975399330886755
40,2.0,0.32000000000000006,2,16108166665311063383,0.006992755605864506
40,2.0,0.3400000000000001,2,16108166665311063383,0.0051641159452586885
40,2.0,0.3600000000000001,2,16108166665311063383,0.003950120533885913
40,2.0,0.3800000000000001,2,16108166665311063383,0.0031564585621546037
40,2.0,0.40000000000000013,2,16108166665311063383,0.0026632603563195804
40,2.0,0.42000000000000015,2,16108166665311063383,0.002403968665287623
40,2.0,0.44000000000000017,2,16108166665311063383,0.0023613073850747837
40,2.0,0.4600000000000002,2,16108166665311063383,0.00258799490375168
40,2.0,0.4800000000000002,2,16108166665311063383,0.0033031802395395446
40,2.0,0.5000000000000002,2,16108166665311063383,0.005363765999942649
40,2.0,0.5199999999999998,2,16108166665311063383,0.014196727449930916
40,2.0,0.5399999999999998,2,16108166665311063383,0.2453910346365273
40,2.0,0.5599999999999998,2,16108166665311063383,0.02308596661361084
40,2.0,0.5799999999999998,2,16108166665311063383,0.004253294592656373
40,2.0,0.5999999999999999,2,16108166665311063383,0.0016672447605036462
40,2.0,0.6199999999999999,2,16108166665311063383,0.0008948809335777702
40,2.0,0.6399999999999999,2,16108166665311063383,0.0005799407827586688
40,2.0,0.6599999999999999,2,16108166665311063383,0.0004306340009548133
40,2.0,0.6799999999999999,2,16108166665311063383,0.00035709418690110366
40,2.0,0.7,2,16108166665311063383,0.0003263237631701322
40,2.0,0.72,2,16108166665311063383,0.0003265776914708253
40,2.0,0.74,2,16108166665311063383,0.0003573826290722736
40,2.0,0.76,2,16108166665311063383,0.00042867522537896907
40,2.0,0.78,2,16108166665311063383,0.0005672092141269028
40,2.0,0.8,2,16108166665311063383,0.0008372939066320218
40,2.0,0.8200000000000001,2,16108166665311063383,0.0014043377605616203
40,2.0,0.8400000000000001,2,16108166665311063383,0.0027566034594584997
40,2.0,0.8600000000000001,2,16108166665311063383,0.006657323332903064
40,2.0,0.8800000000000001,2,16108166665311063383,0.021653912053656625
40,2.0,0.9000000000000001,2,16108166665311063383,0.11129435766479032
40,2.0,0.9200000000000002,2,16108166665311063383,0.6979987684257063
40,2.0,0.9400000000000002,2,16108166665311063383,0.8540464122837054
40,2.0,0.9600000000000002,2,16108166665311063383,0.9303978251919593
40,2.0,0.9800000000000002,2,16108166665311063383,0.4012471434006303
40,2.0,1.0000000000000002,2,16108166665311063383,0.13984218175309013
40,2.0,1.0199999999999998,2,16108166665311063383,0.07659670845921179
40,2.0,1.0399999999999998,2,16108166665311063383,0.061371767572994514
40,2.0,1.0599999999999998,2,16108166665311063383,0.060811828964289834
40,2.0,1.0799999999999998,2,16108166665311063383,0.04838890591962539
40,2.0,1.0999999999999999,2,16108166665311063383,0.023741246086032015
40,2.0,1.1199999999999999,2,16108166665311063383,0.010894120117904383
40,2.0,1.14,2,16108166665311063383,0.005973828176006833
40,2.0,1.16,2,16108166665311063383,0.004057815778268022
40,2.0,1.18,2,16108166665311063383,0.0034407932401305354
40,2.0,1.2,2,16108166665311063383,0.00377486050131875
40,2.0,1.22,2,16108166665311063383,0.006001898572224401
40,2.0,1.24,2,16108166665311063383,0.019493940831501345
40,2.0,1.26,2,16108166665311063383,0.028279602716154588
40,2.0,1.28,2,16108166665311063383,0.0038753783497091276
40,2.0,1.3,2,16108166665311063383,0.0012475026548671511
40,2.0,1.32,2,16108166665311063383,0.0006257639164091265
40,2.0,1.34,2,16108166665311063383,0.0004198877519128864
40,2.0,1.36,2,16108166665311063383,0.000362921451994468
40,2.0,1.3800000000000001,2,16108166665311063383,0.00041604371647989744
40,2.0,1.4000000000000001,2,16108166665311063383,0.0007203054431218988
40,2.0,1.4200000000000002,2,16108166665311063383,0.00275467712633665
40,2.0,1.4400000000000002,2,16108166665311063383,0.002081144320838679
40,2.0,1.4600000000000002,2,16108166665311063383,0.0003489038756484598
40,2.0,1.4800000000000002,2,16108166665311063383,0.00012841171419789447
40,2.0,1.5000000000000002,2,16108166665311063383,7.154252266804749e-05
40,2.0,1.5200000000000002,2,16108166665311063383,5.3386947036407425e-05
40,2.0,1.5399999999999998,2,16108166665311063383,5.2251839987580365e-05
40,2.0,1.5599999999999998,2,16108166665311063383,7.085577958991511e-05
40,2.0,1.5799999999999998,2,16108166665311063383,0.0001659521379316842
40,2.0,1.5999999999999999,2,16108166665311063383,0.0023876145513184966
40,2.0,1.6199999999999999,2,16108166665311063383,0.00032155917626461983
40,2.0,1.64,2,16108166665311063383,6.312226525372259e-05
40,2.0,1.66,2,16108166665311063383,2.986461680378195e-05
40,2.0,1.68,2,16108166665311063383,2.1822748984908523e-05
40,2.0,1.7,2,16108166665311063383,2.2620233755102413e-05
40,2.0,1.72,2,16108166665311063383,3.4676093838009904e-05
40,2.0,1.74,2,16108166665311063383,9.937887831400621e-05
40,2.0,1.76,2,16108166665311063383,0.002758486329816069
40,2.0,1.78,2,16108166665311063383,0.0004032985781472175
40,2.0,1.8,2,16108166665311063383,0.00015947409026089798
40,2.0,-1.8,3,6404431494475800918,1.2140460210001323e-06
40,2.0,-1.78,3,6404431494475800918,2.154794844141478e-06
40,2.0,-1.76,3,6404431494475800918,4.757636193348226e-06
40,2.0,-1.74,3,6404431494475800918,1.4113793194075587e-05
40,2.0,-1.72,3,6404431494475800918,7.091362347613113e-05
40,2.0,-1.7,3,6404431494475800918,0.0026482915315382163
40,2.0,-1.6800000000000002,3,6404431494475800918,0.0007385450255668551
40,2.0,-1.6600000000000001,3,6404431494475800918,0.00028380955466003187
40,2.0,-1.6400000000000001,3,6404431494475800918,0.0002828800134679192
40,2.0,-1.62,3,6404431494475800918,0.00044509394251534043
40,2.0,-1.6,3,6404431494475800918,0.001022012696765236
40,2.0,-1.58,3,6404431494475800918,0.003698637209393347
40,2.0,-1.56,3,6404431494475800918,0.030727940697322043
40,2.0,-1.54,3,6404431494475800918,0.25064012162898885
40,2.0,-1.52,3,6404431494475800918,0.07054688593271712
40,2.0,-1.5,3,6404431494475800918,0.07833173043482608
40,2.0,-1.48,3,6404431494475800918,0.18828726570580964
40,2.0,-1.46,3,6404431494475800918,0.7118794966535961
40,2.0,-1.44,3,6404431494475800918,0.814699734901419
40,2.0,-1.42,3,6404431494475800918,0.6042211828106571
40,2.0,-1.4,3,6404431494475800918,0.5836145144148165
40,2.0,-1.3800000000000001,3,6404431494475800918,0.4805458512434251
40,2.0,-1.36,3,6404431494475800918,0.3563049750949186
40,2.0,-1.34,3,6404431494475800918,0.33008535071243367
40,2.0,-1.32,3,6404431494475800918,0.42466560443533236
40,2.0,-1.3,3,6404431494475800918,0.6189495862076619
40,2.0,-1.28,3,6404431494475800918,0.49207302310630013
40,2.0,-1.26,3,6404431494475800918,0.2614367210385364
40,2.0,-1.24,3,6404431494475800918,0.17034749524092144
40,2.0,-1.2200000000000002,3,6404431494475800918,0.14684779126436606
40,2.0,-1.2000000000000002,3,6404431494475800918,0.1524623882337814
40,2.0,-1.1800000000000002,3,6404431494475800918,0.1475607422054333
40,2.0,-1.1600000000000001,3,6404431494475800918,0.10248794513440959
40,2.0,-1.1400000000000001,3,6404431494475800918,0.06052053845104922
40,2.0,-1.12,3,6404431494475800918,0.03911785043314191
40,2.0,-1.1,3,6404431494475800918,0.030107444688754884
40,2.0,-1.08,3,6404431494475800918,0.02812294784911612
40,2.0,-1.06,3,6404431494475800918,0.032551702588467735
40,2.0,-1.04,3,6404431494475800918,0.049487914182149775
40,2.0,-1.02,3,6404431494475800918,0.11703506411613894
40,2.0,-1.0,3,6404431494475800918,0.6808796186012901
40,2.0,-0.98,3,6404431494475800918,0.27317568063716674
40,2.0,-0.9600000000000001,3,6404431494475800918,0.058319300630076364
40,2.0,-0.9400000000000001,3,6404431494475800918,0.02439339570008432
40,2.0,-0.92,3,6404431494475800918,0.013852636842541117
40,2.0,-0.9,3,6404431494475800918,0.00934403079042216
40,2.0,-0.88,3,6404431494475800918,0.007031834945631835
40,2.0,-0.86,3,6404431494475800918,0.005704659275418209
40,2.0,-0.8400000000000001,3,6404431494475800918,0.004894237540434007
40,2.0,-0.8200000000000001,3,6404431494475800918,0.004399798504897034
40,2.0,-0.8,3,6404431494475800918,0.004135368026808551
40,2.0,-0.78,3,6404431494475800918,0.004073797461111596
40,2.0,-0.76,3,6404431494475800918,0.004228675476298402
40,2.0,-0.74,3,6404431494475800918,0.0046584287140404934
40,2.0,-0.72,3,6404431494475800918,0.005494752643748349
40,2.0,-0.7,3,6404431494475800918,0.007018790021879875
40,2.0,-0.6799999999999999,3,6404431494475800918,0.009865055974405157
40,2.0,-0.6599999999999999,3,6404431494475800918,0.015640463048376657
40,2.0,-0.6400000000000001,3,6404431494475800918,0.02921422433949198
40,2.0,-0.6200000000000001,3,6404431494475800918,0.07009992234868583
40,2.0,-0.6000000000000001,3,6404431494475800918,0.2593746435953736
40,2.0,-0.5800000000000001,3,6404431494475800918,0.9522967315841129
40,2.0,-0.56,3,6404431494475800918,0.33663448130036755
40,2.0,-0.54,3,6404431494475800918,0.14893290930861183
40,2.0,-0.52,3,6404431494475800918,0.0994962312214726
40,2.0,-0.5,3,6404431494475800918,0.0850930714519197
40,2.0,-0.48,3,6404431494475800918,0.08648309127964147
40,2.0,-0.45999999999999996,3,6404431494475800918,0.1008096576578179
40,2.0,-0.43999999999999995,3,6404431494475800918,0.1320179272144073
40,2.0,-0.41999999999999993,3,6404431494475800918,0.18988395088834417
40,2.0,-0.3999999999999999,3,6404431494475800918,0.2853610460765149
40,2.0,-0.3800000000000001,3,6404431494475800918,0.40207554375681953
40,2.0,-0.3600000000000001,3,6404431494475800918,0.4698137412271569
40,2.0,-0.3400000000000001,3,6404431494475800918,0.46246338213875937
40,2.0,-0.32000000000000006,3,6404431494475800918,0.4349844715915264
40,2.0,-0.30000000000000004,3,6404431494475800918,0.4151466272652634
40,2.0,-0.28,3,6404431494475800918,0.3711035021429438
40,2.0,-0.26,3,6404431494475800918,0.2636407936483578
40,2.0,-0.24,3,6404431494475800918,0.14845502702379745
40,2.0,-0.21999999999999997,3,6404431494475800918,0.07857181381525383
40,2.0,-0.19999999999999996,3,6404431494475800918,0.04396811918579411
40,2.0,-0.17999999999999994,3,6404431494475800918,0.026983337329480626
40,2.0,-0.15999999999999992,3,6404431494475800918,0.01823002375745392
40,2.0,-0.1399999999999999,3,6404431494475800918,0.013498210541512623
40,2.0,-0.1200000000000001,3,6404431494475800918,0.010900107526501227
40,2.0,-0.10000000000000009,3,6404431494475800918,0.009568507014742354
40,2.0,-0.08000000000000007,3,6404431494475800918,0.009121337208164234
40,2.0,-0.06000000000000005,3,6404431494475800918,0.0094541645497759
40,2.0,-0.040000000000000036,3,6404431494475800918,0.010693081597574294
40,2.0,-0.020000000000000018,3,6404431494475800918,0.013271166328963918
40,2.0,0.0,3,6404431494475800918,0.018168194402863956
40,2.0,0.020000000000000018,3,6404431494475800918,0.027305394190660442
40,2.0,0.040000000000000036,3,6404431494475800918,0.04293424700077886
40,2.0,0.06000000000000005,3,6404431494475800918,0.060324648731034866
40,2.0,0.08000000000000007,3,6404431494475800918,0.06225247181673253
40,2.0,0.10000000000000009,3,6404431494475800918,0.05068920691159529
40,2.0,0.11999999999999988,3,6404431494475800918,0.040408206079172296
40,2.0,0.1399999999999999,3,6404431494475800918,0.03512457256273785
40,2.0,0.15999999999999992,3,6404431494475800918,0.03424024470281805
40,2.0,0.17999999999999994,3,6404431494475800918,0.03761727443502201
40,2.0,0.19999999999999996,3,6404431494475800918,0.046691781645650916
40,2.0,0.21999999999999997,3,6404431494475800918,0.06584665385106585
40,2.0,0.24,3,6404431494475800918,0.10640237419768311
40,2.0,0.26,3,6404431494475800918,0.19732680338589115
40,2.0,0.28,3,6404431494475800918,0.39889380635942484
40,2.0,0.30000000000000004,3,6404431494475800918,0.6993378560890184
40,2.0,0.32000000000000006,3,6404431494475800918,0.7871001712503826
40,2.0,0.3400000000000001,3,6404431494475800918,0.6534098428241728
40,2.0,0.3600000000000001,3,6404431494475800918,0.5011112198136002
40,2.0,0.3800000000000001,3,6404431494475800918,0.3649250235237436
40,2.0,0.40000000000000013,3,6404431494475800918,0.2531656349792358
40,2.0,0.42000000000000015,3,6404431494475800918,0.1762242783446386
40,2.0,0.44000000000000017,3,6404431494475800918,0.1306300793573692
40,2.0,0.4600000000000002,3,6404431494475800918,0.10718380178847528
40,2.0,0.4800000000000002,3,6404431494475800918,0.09960922123660075
40,2.0,0.5000000000000002,3,6404431494475800918,0.10690917738507932
40,2.0,0.5199999999999998,3,6404431494475800918,0.13590412622083545
40,2.0,0.5399999999999998,3,6404431494475800918,0.21195070741588856
40,2.0,0.5599999999999998,3,6404431494475800918,0.41307189872934036
40,2.0,0.5799999999999998,3,6404431494475800918,0.7993124293294593
40,2.0,0.5999999999999999,3,6404431494475800918,0.7844344970915641
40,2.0,0.6199999999999999,3,6404431494475800918,0.5646311384144991
40,2.0,0.6399999999999999,3,6404431494475800918,0.49210364125678674
40,2.0,0.6599999999999999,3,6404431494475800918,0.31638684061837946
40,2.0,0.6799999999999999,3,6404431494475800918,0.09586879097806984
40,2.0,0.7,3,6404431494475800918,0.028462073324373557
40,2.0,0.72,3,6404431494475800918,0.010587849801130991
40,2.0,0.74,3,6404431494475800918,0.004805522677313016
40,2.0,0.76,3,6404431494475800918,0.0025535010232189607
40,2.0,0.78,3,6404431494475800918,0.0015437517803550936
40,2.0,0.8,3,6404431494475800918,0.001042641402317886
40,2.0,0.8200000000000001,3,6404431494475800918,0.0007778468536099662
40,2.0,0.8400000000000001,3,6404431494475800918,0.0006368405771700087
40,2.0,0.8600000000000001,3,6404431494475800918,0.0005705649781284209
40,2.0,0.8800000000000001,3,6404431494475800918,0.0005595461427715788
40,2.0,0.9000000000000001,3,6404431494475800918,0.0006026816099189338
40,2.0,0.9200000000000002,3,6404431494475800918,0.0007179177571148153
40,2.0,0.9400000000000002,3,6404431494475800918,0.0009568720618029721
40,2.0,0.9600000000000002,3,6404431494475800918,0.0014538874580376946
40,2.0,0.9800000000000002,3,6404431494475800918,0.002595988531849309
40,2.0,1.0000000000000002,3,6404431494475800918,0.005740602862942684
40,2.0,1.0199999999999998,3,6404431494475800918,0.017374483273299116
40,2.0,1.0399999999999998,3,6404431494475800918,0.0884369398630683
40,2.0,1.0599999999999998,3,6404431494475800918,0.6060633086959617
40,2.0,1.0799999999999998,3,6404431494475800918,0.5046758438989041
40,2.0,1.0999999999999999,3,6404431494475800918,0.716767942636182
40,2.0,1.1199999999999999,3,6404431494475800918,0.5421989826714878
40,2.0,1.14,3,6404431494475800918,0.11879185871715957
40,2.0,1.16,3,6404431494475800918,0.04769513329733729
40,2.0,1.18,3,6404431494475800918,0.03026475410333733
40,2.0,1.2,3,6404431494475800918,0.02663290057173558
40,2.0,1.22,3,6404431494475800918,0.030400979444190505
40,2.0,1.24,3,6404431494475800918,0.042361022452038224
40,2.0,1.26,3,6404431494475800918,0.06568983278043594
40,2.0,1.28,3,6404431494475800918,0.10704569039309537
40,2.0,1.3,3,6404431494475800918,0.22371236628767646
40,2.0,1.32,3,6404431494475800918,0.8354220314105476
40,2.0,1.34,3,6404431494475800918,0.2588840907277935
40,2.0,1.36,3,6404431494475800918,0.07008368942554064
40,2.0,1.3800000000000001,3,6404431494475800918,0.040199994477467
40,2.0,1.4000000000000001,3,6404431494475800918,0.040987907601232575
40,2.0,1.4200000000000002,3,6404431494475800918,0.0708510169825213
40,2.0,1.4400000000000002,3,6404431494475800918,0.0936368942100039
40,2.0,1.4600000000000002,3,6404431494475800918,0.05175011482397943
40,2.0,1.4800000000000002,3,6404431494475800918,0.06377025556053328
40,2.0,1.5000000000000002,3,6404431494475800918,0.8092734238174977
40,2.0,1.5200000000000002,3,6404431494475800918,0.014066492501530694
40,2.0,1.5399999999999998,3,6404431494475800918,0.004264713057552456
40,2.0,1.5599999999999998,3,6404431494475800918,0.009325405020595158
40,2.0,1.5799999999999998,3,6404431494475800918,0.0014691533837212223
40,2.0,1.5999999999999999,3,6404431494475800918,6.916623796089327e-05
40,2.0,1.6199999999999999,3,6404431494475800918,1.072623725051707e-05
40,2.0,1.64,3,6404431494475800918,2.6563249586617483e-06
40,2.0,1.66,3,6404431494475800918,8.784921873071012e-07
40,2.0,1.68,3,6404431494475800918,3.6096374332980355e-07
40,2.0,1.7,3,6404431494475800918,1.7818288202671086e-07
40,2.0,1.72,3,6404431494475800918,1.0420389843767022e-07
40,2.0,1.74,3,6404431494475800918,7.21714904414019e-08
40,2.0,1.76,3,6404431494475800918,5.99602534660234e-08
40,2.0,1.78,3,6404431494475800918,6.159159104654048e-08
40,2.0,1.8,3,6404431494475800918,8.312939707384896e-08
