energy,clean,single_barrier,finite_well,double_barrier
-1.98,1.0000000000000033,0.0341689560439561,0.207591375028788,4.014401419626728e-07
-1.97835,0.9999999999999966,0.03686919409433734,0.2139592721686522,4.4599314294026306e-07
-1.9767,1.0000000000000007,0.03955214342059681,0.21969017048094402,4.929652741615597e-07
-1.97505,0.9999999999999929,0.04221796675880997,0.22486955158517027,5.425477409386576e-07
-1.9734,0.9999999999999939,0.04486682480502384,0.22956970593222503,5.94948712015848e-07
-1.97175,0.9999999999999937,0.047498876247111764,0.2338521455868051,6.503951611618651e-07
-1.9701,0.9999999999999998,0.05011427779603836,0.23776950923299514,7.09134939478229e-07
-1.96845,1.000000000000002,0.0527131842165441,0.24136707966296453,7.714391119009875e-07
-1.9667999999999999,1.0000000000000042,0.055295748357255974,0.24468400253846692,8.376045968898784e-07
-1.96515,1.0000000000000002,0.05786212118024241,0.24775427271447653,9.079571548409042e-07
-1.9635,1.0000000000000016,0.06041245179002385,0.25060753813051784,9.828547785385734e-07
-1.96185,1.0000000000000009,0.0629468874620482,0.2532697593564965,1.0626915482434951e-06
-1.9602,1.0000000000000064,0.06546557367064533,0.25576375406379487,1.1479020251140361e-06
-1.95855,1.0000000000000009,0.06796865411646615,0.25810964910684264,1.2389662699865866e-06
-1.9569,0.9999999999999994,0.0704562707534322,0.26032525793552896,1.336415590587251e-06
-1.95525,1.0000000000000009,0.07292856381518124,0.26242639728332773,1.4408391396387162e-06
-1.9536,0.9999999999999992,0.07538567184104397,0.2644271541816096,1.5528915098426354e-06
-1.95195,0.9999999999999966,0.07782773170154828,0.26634011211456854,1.6733015003406007e-06
-1.9503,0.9999999999999981,0.080254878623464,0.26817654338927,1.8028822642304713e-06
-1.94865,0.9999999999999977,0.08266724621439708,0.26994657343226885,1.9425430896201653e-06
-1.947,1.0000000000000087,0.08506496648694659,0.27165932164938994,2.0933031195563354e-06
-1.94535,0.9999999999999987,0.0874481698824252,0.2733230226325168,2.2563073815619254e-06
-1.9437,1.0000000000000009,0.08981698529416483,0.27494513081687194,2.4328455787997543e-06
-1.94205,0.9999999999999997,0.09217154009040228,0.27653241114618016,2.6243741963867313e-06
-1.9404,1.0000000000000024,0.09451196013676244,0.27809101786283247,2.8325426037771765e-06
-1.93875,0.999999999999999,0.09683836981834537,0.27962656318306806,3.0592239948490534e-06
-1.9371,0.999999999999994,0.09915089206142472,0.28114417732648445,3.3065522111812403e-06
-1.93545,0.9999999999999994,0.10144964835476596,0.28264856113116205,3.576965754061029e-06
-1.9338,0.9999999999999987,0.10373475877056904,0.28414403229022855,3.873260624492032e-06
-1.93215,0.999999999999999,0.10600634198505006,0.2856345660842635,4.1986540614614765e-06
-1.9304999999999999,1.0000000000000002,0.10826451529866382,0.28712383135026287,4.556861809007361e-06
-1.92885,1.0000000000000013,0.11050939465597279,0.28861522231666564,4.952192276094725e-06
-1.9272,1.000000000000002,0.11274109466517823,0.2901118868411254,5.3896619205894555e-06
-1.9255499999999999,1.0000000000000027,0.11495972861730906,0.2916167515099274,5.8751374742099634e-06
-1.9239,1.0000000000000062,0.11716540850508508,0.29313254399259747,6.41551234814021e-06
-1.92225,1.000000000000004,0.11935824504145512,0.2946618129900879,7.018926887956894e-06
-1.9206,1.0000000000000009,0.12153834767781822,0.29620694606834785,7.69504532432378e-06
-1.91895,1.0,0.12370582462193648,0.29777018562941776,8.455406645005076e-06
-1.9173,1.0000000000000004,0.1258607828555395,0.2993536432386039,9.313872712278209e-06
-1.91565,0.9999999999999993,0.12800332815163518,0.3009593124974858,1.0287205539266391e-05
-1.914,1.0000000000000036,0.1301335650915258,0.30258908062791445,1.139581788360142e-05
-1.91235,0.9999999999999997,0.13225159708153506,0.3042447389110673,1.2664759001109448e-05
-1.9107,1.0,0.13435752636946036,0.305927992107475,1.4125023302117544e-05
-1.90905,0.9999999999999943,0.13645145406074422,0.30764046696822783,1.5815308163358438e-05
-1.9074,1.0000000000000033,0.13853348013437608,0.30938371993408526,1.7784405355985002e-05
-1.90575,0.999999999999998,0.14060370345852777,0.31115924410742696,2.0094500113174453e-05
-1.9041,0.9999999999999978,0.1426622218059413,0.31296847557186025,2.2825792381411437e-05
-1.90245,1.0000000000000004,0.14470913186903947,0.31481279912531945,2.60830800330817e-05
-1.9008,0.9999999999999997,0.14674452927480844,0.3166935534848517,3.0005313436802637e-05
-1.89915,0.9999999999999974,0.14876850859942112,0.3186120360144662,3.477975337570855e-05
-1.8975,1.0000000000000002,0.15078116338262737,0.32056950702147524,4.0663443944975034e-05
-1.89585,1.0000000000000007,0.15278258614190623,0.3225671936615669,4.801664630952808e-05
-1.8941999999999999,1.0000000000000013,0.1547728683863854,0.32460629348825615,5.735647458318001e-05
-1.89255,0.9999999999999989,0.15675210063053607,0.3266879776783076,6.944594476434416e-05
-1.8909,1.0000000000000007,0.15872037240764472,0.32881339396113946,8.54478275589145e-05
-1.88925,0.9999999999999981,0.16067777228306648,0.33098366927705225,0.00010720321616977053
-1.8876,1.0000000000000016,0.16262438786726238,0.3331999121863286,0.00013776492966877967
-1.88595,1.0000000000000002,0.16456030582862943,0.33546321504869825,0.0001824908326617207
-1.8843,1.0000000000000009,0.16648561190612085,0.3377746559904778,0.000251483172062006
-1.88265,1.0000000000000009,0.16840039092167106,0.3401353006746701,0.00036565748443641077
-1.881,1.0000000000000038,0.1703047267924094,0.3425462038875008,0.0005742137712789735
-1.87935,1.0000000000000004,0.17219870254269307,0.3450084109533102,0.001016547710202284
-1.8777,0.9999999999999992,0.17408240031593927,0.34752295898821634,0.002226491830527973
-1.87605,0.9999999999999982,0.1759559013862726,0.350090878001687,0.00793866783147005
-1.8744,0.9999999999999991,0.17781928616998796,0.3527131918539705,0.3462723292695176
-1.87275,0.9999999999999999,0.17967263423683208,0.3553909190762339,0.014486318516189083
-1.8711,0.9999999999999984,0.1815160243211095,0.358125073559346,0.0031852801093605505
-1.86945,1.0000000000000016,0.18334953433261103,0.3609166651162417,0.0013744196590221077
-1.8678,0.9999999999999943,0.18517324136737345,0.3637666999221086,0.0007690708329676028
-1.86615,1.0000000000000013,0.18698722171827106,0.36667618083579084,0.0004943860068024758
-1.8645,1.000000000000003,0.18879155088543884,0.36964610760515915,0.0003465072744297115
-1.86285,0.999999999999999,0.190586303586538,0.3726774769585774,0.0002576433510899681
-1.8612,1.0000000000000004,0.1923715537668625,0.3757712825839685,0.000199977122679612
-1.85955,0.9999999999999984,0.19414737460928472,0.3789285149964461,0.000160368441594994
-1.8578999999999999,0.9999999999999972,0.19591383854405167,0.38215016129503504,0.00013194675289107923
-1.85625,1.0000000000000004,0.1976710172584304,0.3854372048084262,0.00011083225520037643
-1.8546,1.0000000000000004,0.1994189817062042,0.3887906246293967,9.469746663366649e-05
-1.8529499999999999,0.9999999999999927,0.20115780211702172,0.39221139503703356,8.20762892846528e-05
-1.8513,0.9999999999999983,0.20288754800561032,0.39570048480557335,7.200727091545992e-05
-1.84965,0.9999999999999984,0.2046082881808382,0.39925885639829833,6.383822328816417e-05
-1.8479999999999999,1.0000000000000009,0.2063200907546523,0.40288746504465117,5.7113821251578725e-05
-1.84635,0.9999999999999989,0.20802302315086615,0.40658725769835735,5.1508190332992045e-05
-1.8447,1.0000000000000016,0.20971715211382927,0.4103591718741881,4.678300490542048e-05
-1.84305,0.9999999999999982,0.21140254371695374,0.41420413436063425,4.276062218128807e-05
-1.8414,1.0000000000000009,0.21307926337112304,0.4181230598056624,3.930638162021371e-05
-1.83975,0.9999999999999986,0.21474737583296463,0.42211684917240827,3.631665906993907e-05
-1.8381,0.9999999999999941,0.21640694521300807,0.4261863880616577,3.371063013974663e-05
-1.83645,0.9999999999999994,0.21805803498371734,0.43033254489766376,3.142448097528699e-05
-1.8348,1.000000000000001,0.21970070798739635,0.4345561689738708,2.9407268161125885e-05
-1.83315,1.0000000000000004,0.22133502644399453,0.43885808835501394,2.761791115057626e-05
-1.8315,1.0000000000000009,0.2229610519587815,0.44323910763200336,2.6022975973212318e-05
-1.82985,0.9999999999999993,0.22457884552991184,0.4477000055260185,2.4595020554753186e-05
-1.8282,0.9999999999999984,0.22618846755588437,0.45224153233832537,2.3311344424129375e-05
-1.82655,1.000000000000003,0.22778997784288335,0.45686440724233646,2.2153033478005212e-05
-1.8249,1.0000000000000016,0.22938343561201824,0.4615693154146601,2.1104222676222787e-05
-1.82325,1.0000000000000033,0.2309688995064556,0.46635690500199106,2.0151521531425126e-05
-1.8216,0.9999999999999974,0.23254642759844332,0.47122778392098563,1.9283562488014616e-05
-1.81995,1.0000000000000056,0.23411607739624365,0.4761825164885683,1.8490642977294255e-05
-1.8183,1.0000000000000053,0.2356779058509481,0.48122161988040735,1.7764439533575434e-05
-1.81665,1.000000000000002,0.23723196936320834,0.4863455604158468,1.7097777817884275e-05
-1.815,1.0000000000000009,0.238778323789869,0.49155474966797713,1.6484446364629097e-05
-1.81335,0.9999999999999994,0.24031702445049177,0.4968495403981383,1.5919044779567296e-05
-1.8117,1.0000000000000024,0.24184812613380152,0.5022302223148677,1.5396859275793568e-05
-1.81005,0.9999999999999982,0.24337168310402835,0.5076970176579405,1.4913760048017329e-05
-1.8084,0.9999999999999982,0.2448877491071688,0.5132500766091177,1.4466116201786254e-05
-1.80675,0.9999999999999996,0.24639637737714584,0.5188894725320303,1.405072487858905e-05
-1.8051,0.9999999999999997,0.247897620641893,0.5246151970447595,1.3664751925354407e-05
-1.80345,0.9999999999999944,0.24939153112934342,0.5304271549297517,1.330568200240345e-05
-1.8018,0.9999999999999993,0.25087816057334056,0.5363251588870046,1.2971276447364063e-05
-1.80015,0.9999999999999972,0.25235756021945627,0.5423089241377471,1.2659537543335714e-05
-1.7985,0.9999999999999969,0.25382978083073726,0.5483780628874075,1.2368678099559572e-05
-1.79685,1.0,0.25529487269336626,0.5545320786581714,1.2097095458344738e-05
-1.7952,0.9999999999999968,0.25675288562223636,0.5607703605031757,1.1843349205338655e-05
-1.79355,0.9999999999999993,0.25820386896646375,0.5670921771162003,1.160614199073599e-05
-1.7919,0.9999999999999977,0.2596478716148069,0.5734966708526444,1.1384302973828663e-05
-1.79025,0.9999999999999997,0.2610849420010176,0.5799828516796631,1.1176773487866867e-05
-1.7886,0.999999999999997,0.26251512810912,0.586549591075422,1.0982594590756777e-05
-1.78695,1.0000000000000024,0.2639384774786104,0.5931956158997675,1.0800896222937231e-05
-1.7852999999999999,1.0000000000000029,0.26535503720958875,0.5999195022609018,1.0630887739421265e-05
-1.78365,0.9999999999999986,0.266764853967817,0.6067196694050742,1.0471849620455963e-05
-1.782,1.0000000000000002,0.26816797398971426,0.6135943736588793,1.0323126196139341e-05
-1.7803499999999999,0.9999999999999993,0.26956444308726973,0.6205417024561773,1.0184119245882618e-05
-1.7787,0.9999999999999962,0.2709543066529039,0.6275595684843359,1.0054282354818588e-05
-1.77705,0.999999999999998,0.27233760966424975,0.6346457039870557,9.933115926933776e-06
-1.7753999999999999,0.999999999999995,0.27371439668888076,0.6417976552636016,9.820162769476316e-06
-1.77375,1.0000000000000013,0.2750847118889631,0.6490127774068201,9.715004175585568e-06
-1.7721,1.0000000000000022,0.2764485990258513,0.6562882293248309,9.617256442514348e-06
-1.77045,1.0000000000000064,0.2778061014646217,0.6636209690935766,9.526567771614978e-06
-1.7688,0.999999999999998,0.2791572621785386,0.6710077496896792,9.44261550370492e-06
-1.76715,1.0000000000000002,0.2805021237534733,0.6784451151551183,9.365103649749839e-06
-1.7655,1.0000000000000007,0.28184072839224344,0.6859293972469795,9.293760682180408e-06
-1.76385,1.000000000000004,0.2831731179189125,0.6934567126271798,9.228337556749522e-06
-1.7622,1.0000000000000002,0.28449933378302006,0.701022960648175,9.16860593876537e-06
-1.76055,1.0000000000000013,0.28581941706376396,0.7086238217916366,9.114356610903885e-06
-1.7589,0.9999999999999934,0.28713340847411856,0.7162547568174109,9.065398042701351e-06
-1.75725,1.0,0.2884413483649048,0.7239110066801357,9.021555104326555e-06
-1.7556,0.9999999999999937,0.28974327672879646,0.7315875932702591,8.982667909387817e-06
-1.75395,0.9999999999999972,0.2910392332042932,0.73927932103516,8.948590773401119e-06
-1.7523,1.0000000000000042,0.29232925707961166,0.7469807795342499,8.919191276166505e-06
-1.75065,0.9999999999999951,0.2936133872965492,0.7546863469795986,8.89434941771275e-06
-1.7489999999999999,0.9999999999999962,0.294891662454297,0.7623901948105348,8.873956858701244e-06
-1.74735,0.9999999999999972,0.2961641208131749,0.7700862933467115,8.857916237255527e-06
-1.7457,0.9999999999999972,0.29743080029835534,0.7777684185597751,8.8461405551277e-06
-1.74405,1.0000000000000016,0.2986917385035097,0.7854301599981256,8.838552626939555e-06
-1.7424,0.9999999999999928,0.29994697269442144,0.7930649298933159,8.835084586966274e-06
-1.74075,1.0000000000000002,0.30119653981255107,0.8006659734695872,8.835677448574811e-06
-1.7391,0.9999999999999964,0.30244047647854205,0.8082263804702967,8.840280711997357e-06
-1.73745,0.9999999999999962,0.3036788189957022,0.8157390979067073,8.848852016627499e-06
-1.7358,1.0000000000000004,0.3049116033534232,0.8231969440251623,8.861356834475625e-06
-1.73415,1.0000000000000016,0.3061388652305587,0.8305926234791609,8.877768201822426e-06
-1.7325,0.9999999999999986,0.307360639998769,0.8379187436822643,8.898066486469743e-06
-1.73085,0.9999999999999986,0.308576962725809,0.8451678323069836,8.922239188311048e-06
-1.7292,1.0000000000000049,0.3097878681787838,0.8523323558835395,8.950280771237344e-06
-1.72755,0.9999999999999942,0.31099339082735605,0.8594047394408048,8.982192524658587e-06
-1.7259,1.0000000000000022,0.312193564846921,0.8663773871202073,9.017982453163897e-06
-1.72425,0.9999999999999963,0.31338842412172474,0.873242703681501,9.05766519306347e-06
-1.7226,1.0000000000000009,0.3145780022479646,0.8799931168080849,9.101261954761856e-06
-1.72095,1.0000000000000064,0.31576233253683283,0.8866211001080883,9.148800490100002e-06
-1.7193,1.0000000000000018,0.31694144801752455,0.8931191966969658,9.200315083982095e-06
-1.71765,0.999999999999997,0.3181153814402206,0.899480043237211,9.255846569768993e-06
-1.716,1.000000000000009,0.3192841652790166,0.905696394301569,9.315442368080162e-06
-1.71435,0.9999999999999983,0.3204478317348129,0.9117611469180331,9.37915654879583e-06
-1.7127,0.9999999999999976,0.32160641273819807,0.9176673651478093,9.4470499162003e-06
-1.71105,1.0,0.32275993995225394,0.9234083045416881,9.519190117348191e-06
-1.7094,1.0000000000000029,0.3239084447753585,0.9289774363160564,9.595651773878575e-06
-1.7077499999999999,1.0000000000000018,0.3250519583439327,0.9343684710871115,9.676516637640421e-06
-1.7061,0.9999999999999969,0.3261905115351702,0.939575382000717,9.761873770635448e-06
-1.70445,1.0000000000000036,0.32732413496972496,0.9445924270962331,9.851819749925751e-06
-1.7027999999999999,0.9999999999999969,0.32845285901435417,0.9494141707449918,9.946458898299402e-06
-1.70115,0.9999999999999983,0.32957671378455355,0.954035504008734,1.0045903541639802e-05
-1.6995,1.0000000000000007,0.3306957291471378,0.9584516637691338,1.0150274294097138e-05
-1.6978499999999999,0.9999999999999991,0.33180993472279735,0.9626582504878357,1.0259700372326623e-05
-1.6962,1.000000000000002,0.3329193598886304,0.9666512444657951,1.0374319940229108e-05
-1.69455,1.0000000000000024,0.3340240337806278,0.9704270204821741,1.0494280485811628e-05
-1.6928999999999998,0.9999999999999998,0.33512398529614607,0.973982360705557,1.0619739231980335e-05
-1.69125,1.000000000000004,0.33621924309633466,0.9773144657844947,1.0750863583285322e-05
-1.6896,0.9999999999999999,0.33730983560854233,0.9804209640393522,1.0887831610860874e-05
-1.68795,0.9999999999999962,0.3383957910286901,0.9832999186936793,1.103083257804579e-05
-1.6863,0.9999999999999977,0.33947713732362184,0.9859498331000006,1.1180067509427927e-05
-1.68465,0.999999999999996,0.34055390223341225,0.9883696539323251,1.1335749806343734e-05
-1.683,0.9999999999999991,0.34162611327366627,0.9905587723351115,1.1498105912169215e-05
-1.6813500000000001,1.0000000000000033,0.3426937977377717,0.9925170230359706,1.166737603107799e-05
-1.6797,1.0000000000000004,0.34375698269913874,0.9942446814467303,1.1843814904311755e-05
-1.67805,1.000000000000003,0.34481569501340714,0.9957424587942089,1.2027692648411227e-05
-1.6764000000000001,0.9999999999999998,0.3458699613206221,0.9970114953381882,1.2219295660303636e-05
-1.67475,1.0000000000000016,0.34691980804739647,0.9980533517493759,1.2418927594631154e-05
-1.6731,1.0000000000000036,0.34796526140902995,0.9988699987341068,1.262691041924503e-05
-1.67145,1.0000000000000004,0.34900634741162107,0.9994638050055604,1.2843585555388767e-05
-1.6698,1.0000000000000004,0.3500430918541401,0.9998375237126267,1.3069315109752742e-05
-1.66815,0.9999999999999991,0.3510755203304859,0.9999942774476103,1.3304483206314384e-05
-1.6665,0.9999999999999991,0.35210365823151196,0.9999375419622544,1.3549497426691614e-05
-1.66485,0.9999999999999977,0.35312753074703235,0.9996711287283956,1.3804790368637115e-05
-1.6632,0.9999999999999993,0.35414716286780434,0.9991991664844875,1.4070821333305415e-05
-1.66155,1.0000000000000024,0.3551625793874843,0.9985260819127423,1.4348078153043733e-05
-1.6599,1.0000000000000024,0.35617380490456524,0.9976565795933195,1.4637079172702847e-05
-1.65825,1.0000000000000002,0.3571808638242836,0.9965956213820856,1.4938375398857973e-05
-1.6566,0.9999999999999972,0.3581837803605161,0.9953484053572277,1.525255283288903e-05
-1.65495,1.0000000000000024,0.35918257853764574,0.9939203444770843,1.558023500561297e-05
-1.6533,0.9999999999999981,0.3601772821923962,0.9923170450875217,1.5922085733118834e-05
-1.65165,1.0000000000000002,0.36116791497567435,0.9905442854118846,1.6278812115656427e-05
-1.65,0.9999999999999999,0.36215450035435887,0.9886079941501896,1.6651167803898957e-05
-1.64835,0.9999999999999993,0.3631370616130878,0.9865142293069975,1.703995655968672e-05
-1.6467,1.0000000000000007,0.36411562185601964,0.9842691573593677,1.7446036141500995e-05
-1.64505,1.0000000000000013,0.36509020400857417,0.9818790328677184,1.787032254846216e-05
-1.6434,1.000000000000001,0.3660608308191503,0.9793501786232266,1.8313794660664487e-05
-1.64175,1.0000000000000027,0.367027524860829,0.9766889664161186,1.8777499318204303e-05
-1.6401,1.0000000000000029,0.3679903085330592,0.9739017984994158,1.926255688642376e-05
-1.63845,0.9999999999999968,0.3689492040633083,0.9709950898132234,1.977016736075443e-05
-1.6368,0.9999999999999981,0.3699042335087181,0.9679752510248533,2.0301617071231268e-05
-1.6351499999999999,1.0000000000000004,0.370855418757721,0.9648486724307125,2.0858286054358514e-05
-1.6335,1.0000000000000016,0.37180278153164464,0.9616217087567095,2.144165616871754e-05
-1.63185,0.9999999999999946,0.3727463433863019,0.95830066488501,2.20533200406673e-05
-1.6301999999999999,0.9999999999999991,0.3736861257135648,0.9548917825265953,2.2694990937904896e-05
-1.62855,1.0000000000000009,0.374622149742906,0.9514012278510867,2.33685136817757e-05
-1.6269,1.0000000000000027,0.3755544365429383,0.9478350800779052,2.4075876724325912e-05
-1.6252499999999999,0.9999999999999998,0.3764830070229314,0.9441993210259073,2.4819225533494377e-05
-1.6236,0.9999999999999948,0.3774078819343088,0.9404998256123654,2.5600877449972604e-05
-1.62195,0.9999999999999996,0.3783290818721316,0.9367423532865258,2.6423338202555545e-05
-1.6202999999999999,0.9999999999999993,0.37924662727656405,0.9329325403777318,2.7289320295852675e-05
-1.61865,0.9999999999999987,0.3801605384343193,0.929075893333841,2.820176351567269e-05
-1.617,0.9999999999999994,0.38107083548009985,0.9251777828215548,2.916385783406792e-05
-1.61535,1.000000000000002,0.381977538398009,0.9212434386570723,3.0179069038855498e-05
-1.6137,1.0000000000000029,0.38288066702294943,0.9172779455327078,3.125116746261923e-05
-1.61205,0.9999999999999973,0.38378024104201347,0.9132862395028234,3.238426024512248e-05
-1.6104,0.9999999999999986,0.3846762799958554,0.9092731051907421,3.3582827632439746e-05
-1.60875,1.000000000000001,0.3855688032800392,0.9052431736769392,3.485176389800874e-05
-1.6071,1.0000000000000004,0.3864578301463811,0.9012009210280695,3.619642356776018e-05
-1.60545,0.9999999999999974,0.38734337970427496,0.8971506674258349,3.7622673746575674e-05
-1.6038000000000001,0.999999999999999,0.38822547092200893,0.8930965768546579,3.9136953480361085e-05
-1.60215,0.9999999999999969,0.38910412262804506,0.8890426573072322,4.074634125170164e-05
-1.6005,1.0000000000000042,0.3899793535123204,0.8849927614677399,4.2458631903170305e-05
-1.59885,0.9999999999999968,0.3908511821274949,0.8809505878329891,4.428242451810177e-05
-1.5972,1.0000000000000022,0.3917196268902277,0.8769196822329903,4.622722307299961e-05
-1.59555,1.0000000000000029,0.3925847060823928,0.8729034397133294,4.8303552019954495e-05
-1.5939,1.0000000000000024,0.3934464378523242,0.868905106743315,5.0523089375687404e-05
-1.59225,0.9999999999999982,0.3943048402160188,0.864927783715055,5.289882040388791e-05
-1.5906,1.0000000000000022,0.3951599310583395,0.8609744277002742,5.544521560215129e-05
-1.58895,0.9999999999999974,0.39601172813420255,0.857047855433251,5.8178437472854564e-05
-1.5873,0.9999999999999979,0.39686024906975026,0.8531507464899063,6.111658150581841e-05
-1.58565,1.0,0.39770551136351007,0.8492856466347974,6.42799579772955e-05
-1.584,0.9999999999999937,0.3985475323875459,0.8454549713093823,6.769142263648972e-05
-1.58235,1.0000000000000009,0.39938632938859847,0.8416610092367836,7.137676618792394e-05
-1.5807,1.0000000000000018,0.40022191948919744,0.8379059261197797,7.53651747910562e-05
-1.57905,0.9999999999999977,0.40105431968878263,0.8341917684105571,7.968977672664782e-05
-1.5774,1.0000000000000002,0.40188354686480576,0.8305204671323626,8.43882941070739e-05
-1.57575,1.0000000000000047,0.4027096177738096,0.8268938417346594,8.950382328177797e-05
-1.5741,1.0000000000000002,0.403532549052509,0.8233136039651155,9.508577374132839e-05
-1.57245,0.9999999999999947,0.40435235721886026,0.8197813617430554,0.00010119100330425443
-1.5708,0.9999999999999993,0.4051690586731089,0.8162986230205049,0.00010788519779552876
-1.56915,0.9999999999999992,0.40598266969883245,0.8128667996182731,0.0001152445571424543
-1.5675,1.0000000000000029,0.40679320646397715,0.809487211025798,0.00012335786800259397
-1.56585,1.0000000000000053,0.40760068502187097,0.8061610881547173,0.0001323290673553342
-1.5642,1.0000000000000038,0.4084051213122351,0.8028895770371981,0.00014228043428147994
-1.5625499999999999,0.999999999999997,0.4092065311621933,0.7996737424612126,0.00015335659178749455
-1.5609,1.000000000000003,0.4100049302872449,0.7965145715358514,0.00016572956187584613
-1.55925,0.9999999999999977,0.41080033429224994,0.7934129771807861,0.00017960520226441393
-1.5575999999999999,0.9999999999999996,0.4115927586724015,0.7903698015348165,0.00019523147282380707
-1.55595,1.0000000000000038,0.41238221881417353,0.7873858192792069,0.00021290914989683865
-1.5543,0.9999999999999939,0.4131687299962743,0.7844617408723079,0.00023300585156977888
-1.5526499999999999,0.999999999999998,0.4139523073905889,0.7815982156926287,0.000255974594498591
-1.551,1.0000000000000024,0.4147329660630961,0.778795835088075,0.0002823786327150004
-1.54935,0.9999999999999988,0.415510720974793,0.7760551353297597,0.0003129251267926776
-1.5476999999999999,0.9999999999999992,0.4162855869826034,0.7733766004691839,0.000348511414897505
-1.54605,1.0000000000000058,0.41705757884028005,0.7707606650981107,0.0003902895685300861
-1.5444,0.9999999999999997,0.41782671119928344,0.7682077170108577,0.00043975796592684625
-1.54275,0.9999999999999956,0.4185929986096771,0.765718099769146,0.0004988935979560768
-1.5411,1.0000000000000024,0.419356455520992,0.7632921151698921,0.0005703471698486366
-1.53945,0.9999999999999998,0.4201170962830854,0.7609300256166753,0.0006577374576776925
-1.5378,0.9999999999999979,0.4208749351470003,0.7586320563959636,0.0007661070081192326
-1.53615,0.9999999999999996,0.4216299862658136,0.7563983978591574,0.0009026485773526645
-1.5345,1.0000000000000022,0.42238226369546167,0.7542292075120229,0.0010779026845768912
-1.53285,0.9999999999999982,0.42313178139557595,0.752124612012999,0.0013078100719669994
-1.5312000000000001,0.9999999999999963,0.4238785532303025,0.7500847090821506,0.001617393451610624
-1.52955,1.0000000000000018,0.4246225929691126,0.7481095693225932,0.0020477300915627055
-1.5279,1.0,0.42536391428759834,0.7461992379563398,0.0026700535623236208
-1.52625,1.000000000000001,0.426102530768278,0.7443537364766181,0.003616691832609552
-1.5246,0.9999999999999981,0.42683845590137365,0.7425730642186895,0.005156357234988679
-1.52295,0.9999999999999978,0.4275717030855969,0.7408571998513594,0.007904304271546623
-1.5213,0.9999999999999986,0.4283022856289134,0.7392061027912823,0.013532679483064762
-1.51965,1.000000000000011,0.42903021674931174,0.7376197145422766,0.027978364979109382
-1.518,0.9999999999999936,0.42975550957554404,0.7360979599618052,0.08539458826056974
-1.51635,0.9999999999999919,0.4304781771479025,0.7346407484568542,0.6879464285692027
-1.5147,1.0000000000000038,0.43119823241893057,0.7332479751112562,0.21638959157906054
-1.51305,0.9999999999999994,0.43191568825416193,0.7319195217467227,0.047938860228414676
-1.5114,1.0000000000000047,0.4326305574328628,0.7306552579196515,0.02007504266387657
-1.50975,0.9999999999999946,0.433342852648726,0.7294550418557417,0.010974293884397022
-1.5081,0.9999999999999978,0.4340525865106013,0.7283187213245398,0.006923974875894785
-1.50645,0.9999999999999928,0.4347597715431876,0.7272461344558194,0.004776433438805655
-1.5048,0.9999999999999984,0.43546442018773623,0.7262371104998017,0.0035018401673422082
-1.50315,1.0000000000000009,0.4361665448027315,0.7252914705330825,0.002683348312028136
-1.5015,0.9999999999999968,0.4368661576645866,0.7244090281121023,0.002126264914652342
-1.49985,1.0000000000000018,0.43756327096830927,0.7235895898759589,0.0017297583274878006
-1.4982,1.0000000000000004,0.43825789682817845,0.7228329561002342,0.0014373548082990475
-1.49655,1.0000000000000027,0.4389500472784025,0.722138921203591,0.001215419171528102
-1.4949,1.0000000000000082,0.439639734273777,0.7215072742086346,0.0010429000499985479
-1.49325,0.999999999999997,0.4403269696903313,0.7209377991586905,0.000906072121488071
-1.4916,1.000000000000004,0.4410117653259872,0.7204302754919129,0.0007956743370698829
-1.4899499999999999,1.0000000000000033,0.44169413290117204,0.7199844783741685,0.0007052727640054607
-1.4883,0.9999999999999978,0.44237408405947,0.7196001789920932,0.0006302836837028846
-1.48665,1.0000000000000027,0.4430516303682362,0.7192771448075975,0.0005673692005184644
-1.4849999999999999,0.9999999999999998,0.44372678331922044,0.7190151397750915,0.0005140513943340844
-1.48335,0.9999999999999993,0.4443995543291771,0.7188139245226233,0.0004684591242184331
-1.4817,1.000000000000003,0.44506995474047384,0.7186732564980974,0.00042915779106276444
-1.4800499999999999,0.9999999999999989,0.4457379958216887,0.7185928900816287,0.00039503237415804853
-1.4784,0.9999999999999988,0.4464036887682124,0.7185725766651095,0.0003652054966564984
-1.47675,0.9999999999999988,0.4470670447028318,0.7186120646999645,0.0003389790171784557
-1.4750999999999999,0.9999999999999983,0.4477280746763151,0.718711099714058,0.00031579172769243387
-1.4734500000000001,0.9999999999999998,0.4483867896679872,0.7188694242986221,0.0002951882713434463
-1.4718,0.9999999999999969,0.44904320058630726,0.7190867780661125,0.0002767960012293363
-1.4701499999999998,1.0000000000000033,0.4496973182694353,0.7193628975797834,0.0002603075415900656
-1.4685000000000001,0.9999999999999971,0.4503491534857839,0.7196975162557477,0.0002454674989181096
-1.46685,1.0000000000000044,0.45099871693459215,0.7200903642383256,0.0002320622305642916
-1.4651999999999998,0.9999999999999976,0.45164601924645464,0.7205411682493041,0.0002199118917814988
-1.4635500000000001,1.0000000000000049,0.4522910709838884,0.7210496514118977,0.00020886419869217874
-1.4619,1.0000000000000004,0.4529338826418545,0.7216155330499509,0.00019878949631293058
-1.4602499999999998,0.999999999999998,0.4535744646483087,0.722238528463116,0.0001895768282966327
-1.4586000000000001,0.9999999999999969,0.4542128273647222,0.7229183486785109,0.00018113078218339365
-1.45695,0.9999999999999983,0.4548489810866085,0.7236547001795222,0.0001733689398808832
-1.4553,1.000000000000001,0.45548293604404316,0.7244472846122536,0.00016621980406299213
-1.45365,0.9999999999999977,0.45611470240218127,0.7252957984702317,0.0001596211014721401
-1.452,0.9999999999999989,0.45674429026176716,0.7261999327578459,0.00015351838671635295
-1.45035,1.0000000000000004,0.45737170965963525,0.7271593726330811,0.0001478638871623227
-1.4487,0.9999999999999998,0.45799697056921873,0.7281737970300822,0.0001426155424275057
-1.44705,1.0000000000000044,0.4586200829010386,0.7292428782620294,0.0001377362018340276
-1.4454,0.9999999999999987,0.45924105650319513,0.7303662816048468,0.0001331929507758781
-1.44375,0.9999999999999991,0.4598599011618632,0.7315436648623125,0.00012895654283129467
-1.4421,1.0000000000000062,0.46047662660176586,0.7327746779130075,0.00012500091903825148
-1.44045,1.0000000000000033,0.4610912424866495,0.734058962239711,0.00012130279934935826
-1.4388,1.0000000000000036,0.4617037584197675,0.7353961504417581,0.00011784133412239487
-1.43715,0.9999999999999996,0.46231418394434093,0.7367858657309012,0.00011459780575648379
-1.4355,0.9999999999999984,0.46292252854402594,0.7382277214112756,0.00011155537238196104
-1.43385,1.0000000000000002,0.46352880164337534,0.7397213203440374,0.00010869884695376546
-1.4322,1.0000000000000029,0.4641330126082895,0.7412662543973237,0.00010601450625983507
-1.43055,0.9999999999999909,0.4647351707464659,0.7428621038821563,0.00010348992529630857
-1.4289,0.9999999999999966,0.4653352853078677,0.7445084369749956,0.00010111383322583081
-1.42725,1.0000000000000004,0.4659333654851332,0.7462048091275681,9.887598775950378e-05
-1.4256,1.0000000000000038,0.4665294204140428,0.7479507624648759,9.67670653147929e-05
-1.42395,0.9999999999999937,0.4671234591739377,0.7497458251719832,9.47785647228976e-05
-1.4223,0.9999999999999968,0.46771549078816427,0.7515895108705661,9.290272260710272e-05
-1.42065,1.0000000000000013,0.4683055242244899,0.7534813179859937,9.113243884215452e-05
-1.419,0.9999999999999972,0.4688935683955318,0.7554207291059227,8.946121074478897e-05
-1.4173499999999999,1.0000000000000062,0.469479632159178,0.7574072103313828,8.788307484597763e-05
-1.4157,0.9999999999999968,0.4700637243189893,0.7594402106213136,8.639255526332472e-05
-1.41405,1.0000000000000009,0.47064585362464234,0.7615191611317677,8.498461783310893e-05
-1.4123999999999999,1.000000000000002,0.4712260287722976,0.7636434745507901,8.365462928031526e-05
-1.41075,1.000000000000002,0.4718042584050362,0.765812544430295,8.239832080548934e-05
-1.4091,0.9999999999999969,0.47238055111324007,0.7680257445161708,8.121175555237825e-05
-1.4074499999999999,0.9999999999999927,0.47295491543500257,0.7702824280779597,8.009129949271435e-05
-1.4058,1.0000000000000016,0.47352735985651623,0.7725819272395679,7.90335953261612e-05
-1.40415,0.9999999999999957,0.4740978928124564,0.7749235523124298,7.803553904613121e-05
-1.4024999999999999,1.0000000000000033,0.4746665226863812,0.7773065911328011,7.709425886732327e-05
-1.4008500000000002,1.0000000000000029,0.4752332578111006,0.7797303084046705,7.62070962495603e-05
-1.3992,1.0000000000000009,0.4757981064690675,0.7821939450501917,7.53715887858548e-05
-1.3975499999999998,0.999999999999999,0.47636107689274565,0.7846967175692675,7.458545475139186e-05
-1.3959000000000001,0.9999999999999964,0.47692217726498687,0.7872378174102707,7.384657913496887e-05
-1.39425,1.0000000000000044,0.47748141571940106,0.7898164103538187,7.315300099597852e-05
-1.3925999999999998,0.9999999999999986,0.47803880034071033,0.7924316359116241,7.25029020087046e-05
-1.3909500000000001,0.9999999999999997,0.47859433916513244,0.7950826067425933,7.189459607198062e-05
-1.3893,1.0000000000000004,0.4791480401807242,0.7977684080882866,7.132651987641719e-05
-1.3876499999999998,0.9999999999999964,0.4796999113277408,0.8004880972300759,7.079722433380562e-05
-1.3860000000000001,1.0000000000000033,0.4802499604989979,0.803240702970301,7.030536678412343e-05
-1.38435,1.0000000000000007,0.4807981955402037,0.8060252251398561,6.984970390507945e-05
-1.3827,1.000000000000004,0.4813446242503289,0.808840634134709,6.942908525747248e-05
-1.38105,0.999999999999994,0.48188925438192465,0.8116858704838359,6.904244740697938e-05
-1.3794,1.000000000000008,0.4824320936414969,0.8145598444512957,6.868880856947245e-05
-1.37775,1.0000000000000013,0.4829731496898006,0.8174614356749339,6.836726373266364e-05
-1.3761,0.9999999999999996,0.48351243014221507,0.8203894928446659,6.807698021196012e-05
-1.37445,0.9999999999999964,0.48404994256905337,0.8233428334228498,6.781719360287164e-05
-1.3728,1.0000000000000004,0.4845856944959001,0.8263202434097339,6.758720409631477e-05
-1.37115,0.9999999999999992,0.4851196934039266,0.8293204771566896,6.738637312669634e-05
-1.3695,0.9999999999999977,0.4856519467302287,0.8323422572301203,6.721412032581413e-05
-1.36785,1.000000000000003,0.4861824618681409,0.8353842743289078,6.706992075844604e-05
-1.3662,0.9999999999999994,0.48671124616754635,0.838445187258178,6.695330241801361e-05
-1.36455,1.000000000000003,0.48723830693520637,0.8415236229623423,6.686384396298908e-05
-1.3629,0.9999999999999916,0.48776365143505523,0.8446181766200941,6.680117267673404e-05
-1.36125,1.0000000000000033,0.48828728688853534,0.8477274118042983,6.676496263531791e-05
-1.3596,0.999999999999999,0.4888092204748651,0.8508498607093188,6.675493306950274e-05
-1.35795,1.000000000000003,0.48932945933138455,0.8539840244486677,6.677084690860656e-05
-1.3563,0.9999999999999994,0.48984801055382493,0.8571283734253639,6.681250949530992e-05
-1.35465,1.0000000000000002,0.4903648811966274,0.8602813477776673,6.68797674617313e-05
-1.353,0.999999999999999,0.4908800782732284,0.8634413579024313,6.697250775822576e-05
-1.35135,0.9999999999999968,0.4913936087563561,0.8666067850584764,6.709065682742757e-05
-1.3497,0.999999999999999,0.4919054795783246,0.8697759820519785,6.723417991701148e-05
-1.34805,0.9999999999999949,0.49241569763131815,0.8729472740059252,6.740308052555525e-05
-1.3464,1.0000000000000078,0.49292426976767983,0.8761189592153649,6.759739997672313e-05
-1.34475,1.0000000000000056,0.49343120280019004,0.8792893100900304,6.781721711777176e-05
-1.3431,0.999999999999994,0.4939365035023546,0.8824565741857842,6.806264813912393e-05
-1.34145,0.9999999999999986,0.4944401786086902,0.8856189753259098,6.83338465124609e-05
-1.3397999999999999,1.0000000000000018,0.49494223481497607,0.888774714813194,6.863100304544798e-05
-1.33815,0.9999999999999958,0.4954426787785518,0.8919219727334362,6.895434605187005e-05
-1.3365,1.0000000000000007,0.4959415171185821,0.8950589093506899,6.93041416365685e-05
-1.3348499999999999,0.9999999999999966,0.49643875641632057,0.8981836665942451,6.968069409519375e-05
-1.3332,0.9999999999999983,0.49693440321538385,0.9012943696371133,7.008434642939311e-05
-1.33155,1.000000000000004,0.49742846402201474,0.9043891285653564,7.05154809786545e-05
-1.3298999999999999,1.0000000000000064,0.4979209453053409,0.9074660401372933,7.097452017063267e-05
-1.32825,1.0000000000000029,0.4984118534976404,0.9105231896312529,7.146192739239608e-05
-1.3266,0.9999999999999962,0.4989011949945962,0.9135586527801989,7.197820798565091e-05
-1.3249499999999999,1.0000000000000044,0.499388976155559,0.9165704977910716,7.252391036964323e-05
-1.3233000000000001,1.0000000000000016,0.499875203303787,0.9195567874464272,7.30996272960867e-05
-1.32165,0.9999999999999976,0.5003598827267137,0.922515581285479,7.370599724116839e-05
-1.3199999999999998,0.9999999999999982,0.5008430206761904,0.9254449378612434,7.434370594037623e-05
-1.3183500000000001,1.000000000000007,0.5013246233687334,0.9283429170701054,7.501348807266908e-05
-1.3167,1.000000000000001,0.5018046969857595,0.9312075825497296,7.57161291012932e-05
-1.3150499999999998,0.9999999999999964,0.5022832476738556,0.9340370041408128,7.645246727940009e-05
-1.3134000000000001,1.0000000000000029,0.5027602815449967,0.9368292604077366,7.722339582952614e-05
-1.31175,0.9999999999999974,0.5032358046767885,0.9395824412128959,7.802986530695648e-05
-1.3100999999999998,1.0000000000000024,0.5037098231127193,0.9422946503389793,7.887288615804642e-05
-1.3084500000000001,0.9999999999999978,0.5041823428623722,0.9449640081531626,7.975353148568128e-05
-1.3068,1.0000000000000007,0.5046533699016849,0.9475886543068636,8.067294003528197e-05
-1.30515,0.9999999999999956,0.5051229101731576,0.9501667504642044,8.16323194160671e-05
-1.3035,1.0000000000000058,0.5055909695860997,0.9526964830522884,8.263294957372006e-05
-1.30185,0.9999999999999972,0.5060575540168414,0.9551760660257754,8.367618653215591e-05
-1.3002,0.9999999999999999,0.5065226693089802,0.9576037436382951,8.476346642379351e-05
-1.29855,1.0000000000000016,0.5069863212735836,0.9599777932126964,8.589630982957328e-05
-1.2969,1.0000000000000053,0.5074485156894263,0.9622965279022148,8.707632645201544e-05
-1.29525,0.9999999999999978,0.5079092583032008,0.9645582994342025,8.830522014682128e-05
-1.2936,0.9999999999999936,0.5083685548297439,0.9667615008281581,8.95847943409842e-05
-1.29195,1.0000000000000033,0.5088264109522516,0.9689045690794891,9.091695786804795e-05
-1.2903,1.0000000000000029,0.5092828323224834,0.9709859878005276,9.230373125413556e-05
-1.28865,1.0000000000000022,0.5097378245609896,0.9730042898102865,9.374725349162729e-05
-1.287,0.9999999999999983,0.5101913932573156,0.9749580596643316,9.524978934097752e-05
-1.28535,1.0000000000000009,0.5106435439702163,0.9768459361164099,9.681373720515668e-05
-1.2837,1.0000000000000029,0.5110942822278581,0.9786666145034126,9.844163762562227e-05
-1.28205,1.0000000000000018,0.5115436135280232,0.9804188490455141,0.00010013618245361533
-1.2804,0.9999999999999996,0.5119915433383263,0.9821014550535119,0.00010190022475602823
-1.27875,0.9999999999999908,0.5124380770964048,0.9837133110355322,0.0001037367895211157
-1.2771,0.9999999999999986,0.5128832202101311,0.9852533606957569,0.00010564908523605193
-1.27545,1.000000000000001,0.5133269780577995,0.9867206148178865,0.00010764051641581895
-1.2738,0.9999999999999977,0.5137693559883328,0.9881141530266998,0.00010971469717126856
-1.27215,1.0000000000000009,0.5142103593214805,0.9894331254212857,0.00011187546591351244
-1.2705,1.0000000000000016,0.5146499933480086,0.9906767540740051,0.00011412690130223225
-1.26885,0.9999999999999879,0.5150882633298896,0.991844334389789,0.00011647333955717663
-1.2671999999999999,0.9999999999999949,0.5155251745005102,0.9929352363208686,0.00011891939326519029
-1.26555,0.9999999999999991,0.51596073206484,0.9939489054324055,0.00012146997182981356
-1.2639,0.9999999999999986,0.5163949411996321,0.9948848638154181,0.00012413030372702754
-1.2622499999999999,1.0000000000000044,0.5168278070536148,0.9957427108435876,0.00012690596074927058
-1.2606,1.000000000000001,0.5172593347476624,0.996522123771397,0.00012980288444084694
-1.25895,0.9999999999999934,0.5176895293749936,0.99722285817161,0.00013282741495149398
-1.2572999999999999,0.9999999999999999,0.5181183960013541,0.9978447482106788,0.00013598632256161042
-1.25565,0.9999999999999987,0.5185459396651789,0.998387706761351,0.0001392868421629532
-1.254,0.9999999999999941,0.5189721653777957,0.9988517253524487,0.0001427367110129631
-1.2523499999999999,0.9999999999999968,0.5193970781235909,0.9992368739563243,0.00014634421011986443
-1.2507000000000001,0.999999999999999,0.5198206828601906,0.9995433006151417,0.00015011820966010596
-1.24905,0.9999999999999986,0.5202429845186266,0.9997712309079448,0.0001540682188802844
-1.2473999999999998,0.9999999999999929,0.5206639880035262,0.9999209672607938,0.00015820444099342158
-1.2457500000000001,0.9999999999999999,0.5210836981932784,0.9999928881031214,0.00016253783364554556
-1.2441,1.0000000000000033,0.5215021199401987,0.9999874468738259,0.00016708017560413687
-1.2424499999999998,0.9999999999999983,0.5219192580707036,0.9999051708813607,0.00017184414040687695
-1.2408000000000001,1.0000000000000075,0.5223351173854892,0.999746660022459,0.00017684337780897962
-1.23915,1.0000000000000016,0.5227497026596762,0.9995125853646737,0.00018209260398244968
-1.2374999999999998,0.9999999999999978,0.5231630186430011,0.9992036875984481,0.00018760770155345087
-1.2358500000000001,0.9999999999999927,0.5235750700599647,0.9988207753647408,0.00019340583071766565
-1.2342,0.9999999999999958,0.5239858616100033,0.9983647234647081,0.0001995055528517217
-1.23255,1.0000000000000033,0.5243953979676448,0.9978364709582906,0.00020592696824576082
-1.2309,0.9999999999999961,0.524803683782667,0.9972370191588119,0.00021269186982342465
-1.22925,1.0000000000000004,0.5252107236802774,0.996567429531065,0.00021982391499693134
-1.2276,0.9999999999999986,0.525616522261243,0.9958288215004225,0.0002273488181342487
-1.22595,1.0000000000000002,0.5260210841020714,0.995022370180962,0.0002352945665017673
-1.2243,1.0000000000000064,0.5264244137551539,0.9941493040304173,0.00024369166300011594
-1.22265,0.9999999999999952,0.5268265157489149,0.9932109024401532,0.00025257339954649075
-1.221,0.9999999999999997,0.5272273945879933,0.9922084932682885,0.00026197616559034886
-1.21935,1.0000000000000042,0.5276270547533584,0.9911434503240102,0.00027193979700021616
-1.2177,0.999999999999996,0.5280255007024851,0.9900171908113952,0.00028250797145262086
-1.21605,0.9999999999999954,0.5284227368694973,0.9888311727407029,0.00029372865751937753
-1.2144,1.0000000000000009,0.5288187676653175,0.9875868923151141,0.0003056546259241701
-1.21275,0.9999999999999977,0.5292135974778077,0.9862858813008321,0.0003183440329694909
-1.2111,0.9999999999999986,0.5296072306719308,0.9849297043881844,0.00033186108797812335
-1.20945,0.9999999999999999,0.5299996715898824,0.9835199565512304,0.0003462768188209445
-1.2078,1.0000000000000069,0.5303909245512388,0.9820582604131222,0.000361669952305289
-1.20615,0.9999999999999998,0.5307809938531006,0.9805462636242642,0.0003781279294888174
-1.2045,1.0,0.5311698837702421,0.9789856362600002,0.00039574808000658064
-1.20285,1.0,0.5315575985552412,0.9773780682442361,0.00041463898443687793
-1.2012,1.000000000000001,0.5319441424386259,0.9757252668051954,0.0004349220598186585
-1.19955,0.9999999999999932,0.5323295196290061,0.9740289539690291,0.0004567334109701597
-1.1979,1.000000000000005,0.5327137343132293,0.9722908640968252,0.00048022599963436636
-1.19625,0.9999999999999959,0.5330967906564882,0.9705127414700103,0.0005055721951964703
-1.1945999999999999,0.9999999999999963,0.5334786928024859,0.9686963379289975,0.0005329667854424541
-1.19295,0.9999999999999974,0.533859444873555,0.9668434105693472,0.0005626305444241348
-1.1913,1.0000000000000049,0.5342390509707913,0.9649557194994881,0.0005948144781143598
-1.1896499999999999,1.000000000000008,0.5346175151741897,0.9630350256636175,0.0006298048987069619
-1.188,0.9999999999999887,0.5349948415427724,0.9610830887330123,0.0006679295171949682
-1.18635,1.000000000000002,0.5353710341147422,0.9591016650686486,0.0007095647940242527
-1.1846999999999999,1.0000000000000016,0.5357460969075633,0.9570925057575776,0.0007551448529513517
-1.18305,0.9999999999999957,0.5361200339181396,0.9550573547253263,0.0008051723489305263
-1.1814,0.9999999999999982,0.5364928491229176,0.9529979469260063,0.0008602317941133693
-1.1797499999999999,1.0000000000000007,0.5368645464780167,0.9509160066116389,0.0009210059969280874
-1.1781000000000001,0.9999999999999931,0.5372351299193527,0.9488132456818178,0.000988296471918445
-1.17645,1.0000000000000016,0.53760460336278,0.9466913621145481,0.0010630489528193517
-1.1747999999999998,1.0000000000000002,0.5379729707041843,0.944552038478669,0.0011463855174230356
-1.1731500000000001,1.000000000000003,0.5383402358196352,0.9423969405281841,0.0012396453527249837
-1.1715,0.9999999999999934,0.5387064025654872,0.9402277158783273,0.001344436915481123
-1.1698499999999998,1.000000000000002,0.5390714747785257,0.9380459927631312,0.0014627052706666576
-1.1682000000000001,1.0000000000000049,0.5394354562760546,0.9358533788737761,0.0015968198609965256
-1.16655,0.9999999999999982,0.5397983508560381,0.9336514602770862,0.0017496900942183128
-1.1648999999999998,0.9999999999999972,0.5401601622972209,0.9314418004129873,0.0019249192749452991
-1.1632500000000001,0.999999999999998,0.5405208943592313,0.929225939169787,0.0021270121016005324
-1.1616,1.0000000000000002,0.5408805507827089,0.9270053920358331,0.0023616580847161573
-1.15995,1.0000000000000022,0.5412391352894151,0.9247816493259956,0.0026361242916261482
-1.1583,1.0000000000000069,0.5415966515823526,0.9225561754812148,0.002959808276822911
-1.15665,1.0000000000000018,0.5419531033458732,0.9203304084392665,0.0033450302434466323
-1.155,1.0000000000000027,0.5423084942458014,0.9181057590747892,0.0038081901146722053
-1.15335,1.0000000000000047,0.5426628279295366,0.9158836107063988,0.004371494445878121
-1.1517,1.0000000000000027,0.5430161080261674,0.9136653186688068,0.005065596881950943
-1.15005,1.0000000000000013,0.5433683381465871,0.911452209947622,0.005933747139121605
-1.1484,0.999999999999997,0.5437195218836005,0.9092455828745134,0.007038515999138989
-1.14675,1.0000000000000036,0.5440696628120335,0.9070467068804013,0.008473091367399608
-1.1451,0.9999999999999983,0.5444187644888373,0.9048568223041795,0.010381053422837619
-1.14345,0.9999999999999949,0.5447668304532035,0.9026771402546336,0.01299271444476179
-1.1418,1.0000000000000007,0.5451138642266711,0.9005088425229754,0.016695865017186323
-1.14015,0.9999999999999996,0.545459869313217,0.8983530815436105,0.022183443328768548
-1.1385,0.9999999999999988,0.5458048491993874,0.8962109804006265,0.03078934570272673
-1.13685,0.9999999999999992,0.54614880735438,0.8940836328775396,0.045338694390039486
-1.1352,0.9999999999999977,0.5464917472301565,0.8919721035478907,0.07261662689012702
-1.13355,1.0000000000000027,0.546833672261549,0.8898774279042323,0.13189016337570966
-1.1319,0.9999999999999987,0.5471745858663529,0.887800612523137,0.2900361809146959
-1.13025,1.0000000000000018,0.5475144914454411,0.8857426352639014,0.7542587444136856
-1.1286,1.000000000000002,0.5478533923828508,0.8837044454985938,0.8527062981128221
-1.12695,0.9999999999999931,0.5481912920458899,0.8816869643712372,0.3395873028004138
-1.1253,1.0000000000000058,0.5485281937852484,0.8796910850839109,0.15157677782490755
-1.12365,1.000000000000003,0.5488641009350694,0.8777176732075606,0.08274512216739281
-1.1219999999999999,0.9999999999999994,0.5491990168130729,0.8757675670155609,0.05164481641558205
-1.12035,0.9999999999999964,0.5495329447206423,0.8738415778378622,0.035230765698063896
-1.1187,0.9999999999999953,0.5498658879429207,0.8719404904338444,0.025573883951140988
-1.1170499999999999,0.9999999999999984,0.5501978497489087,0.8700650633819595,0.019428703073557776
-1.1154,0.9999999999999996,0.5505288333915539,0.8682160294843183,0.015281098433955746
-1.11375,0.9999999999999977,0.5508588421078553,0.8663940961844999,0.0123510499366759
-1.1120999999999999,0.9999999999999912,0.5511878791189523,0.8645999459968362,0.010204557655336186
-1.11045,1.0000000000000056,0.5515159476302169,0.8628342369456083,0.008584882791991613
-1.1088,1.0000000000000058,0.5518430508313412,0.86109760301253,0.007332384357139408
-1.1071499999999999,1.0000000000000038,0.5521691918964383,0.8593906545911447,0.00634361113911573
-1.1055000000000001,0.9999999999999953,0.5524943739841297,0.8577139789465895,0.005549152942399334
-1.10385,0.9999999999999953,0.5528186002376408,0.856068140679501,0.004901037869307682
-1.1021999999999998,0.9999999999999963,0.5531418737848779,0.8544536821926613,0.004365251763072433
-1.1005500000000001,0.9999999999999952,0.5534641977385282,0.8528711241593058,0.00391713345339126
-1.0989,0.9999999999999999,0.5537855751961454,0.8513209659918363,0.0035384490833088936
-1.0972499999999998,1.0,0.554106009240236,0.8498036863098969,0.0032154808841843596
-1.0956000000000001,0.9999999999999986,0.5544255029383509,0.848319743406797,0.002937747575303056
-1.09395,1.0000000000000069,0.5547440593431726,0.8468695757132966,0.0026971286742158204
-1.0922999999999998,1.0000000000000047,0.5550616814925828,0.8454536022578466,0.0024872533346382295
-1.0906500000000001,0.9999999999999992,0.55537837240978,0.8440722231224856,0.0023030661814527832
-1.089,0.9999999999999969,0.5556941351033416,0.8427258198935292,0.002140513891935386
-1.08735,1.0,0.5560089725673142,0.8414147561063503,0.0019963156108632717
-1.0857,0.9999999999999968,0.5563228877812938,0.8401393776835456,0.001867792512632832
-1.08405,1.0000000000000009,0.5566358837105169,0.8389000133658991,0.0017527397107773319
-1.0824,1.0000000000000056,0.5569479633059362,0.8376969751354554,0.0016493288991486026
-1.08075,1.000000000000001,0.5572591295043001,0.8365305586302285,0.0015560335747423267
-1.0791,1.000000000000003,0.5575693852282491,0.8354010435500314,0.001471571045896811
-1.07745,0.999999999999998,0.5578787333863737,0.8343086940529323,0.0013948570515632584
-1.0758,0.9999999999999896,0.5581871768733166,0.8332537591419278,0.0013249699502179027
-1.07415,0.9999999999999944,0.5584947185698432,0.8322364730414938,0.0012611222382318246
-1.0725,0.9999999999999991,0.5588013613429116,0.8312570555635393,0.0012026377308743245
-1.07085,0.9999999999999964,0.5591071080457614,0.8303157124626085,0.0011489331539238734
-1.0692,0.9999999999999957,0.5594119615179972,0.8294126357799255,0.0010995031970329413
-1.06755,1.0000000000000013,0.5597159245856561,0.8285480041760602,0.001053908303718921
-1.0659,0.9999999999999971,0.5600190000612815,0.8277219832520182,0.001011764639450235
-1.06425,1.000000000000005,0.5603211907440148,0.8269347258585228,0.000972735804413755
-1.0626,0.999999999999997,0.5606224994196503,0.826186372393315,0.0009365259522718857
-1.06095,1.0000000000000013,0.5609229288607344,0.8254770510863908,0.0009028740484770745
-1.0593,0.9999999999999942,0.5612224818266187,0.8248068782729141,0.0008715490572319499
-1.05765,0.9999999999999991,0.5615211610635527,0.824175958653873,0.0008423458891350015
-1.056,1.0000000000000084,0.5618189693047388,0.823584385544241,0.0008150819749954569
-1.05435,1.000000000000003,0.5621159092704183,0.8230322411086809,0.0007895943575031004
-1.0527,1.0000000000000049,0.5624119836679486,0.8225195965847231,0.0007657372130870166
-1.05105,1.000000000000004,0.562707195191857,0.822046512493348,0.0007433797326608116
-1.0493999999999999,1.0000000000000044,0.5630015465239323,0.8216130388370065,0.0007224043029890934
-1.04775,1.0000000000000004,0.5632950403332819,0.8212192152850788,0.0007027049408494762
-1.0461,0.9999999999999962,0.5635876792764111,0.8208650713467502,0.0006841859405654746
-1.0444499999999999,1.0000000000000044,0.5638794659972916,0.820550626531386,0.0006667607022772182
-1.0428,0.9999999999999996,0.5641704031274231,0.8202758904963832,0.0006503507138323027
-1.04115,1.0000000000000029,0.5644604932859185,0.8200408631826541,0.0006348846636771795
-1.0394999999999999,0.9999999999999941,0.5647497390795584,0.8198455349376746,0.0006202976658130178
-1.03785,1.0000000000000047,0.5650381431028687,0.8196898866263068,0.0006065305809085325
-1.0362,1.0000000000000029,0.5653257079381776,0.8195738897293847,0.0005935294201614951
-1.0345499999999999,1.0000000000000027,0.5656124361557,0.8194975064302116,0.0005812448205710808
-1.0329000000000002,1.0000000000000058,0.5658983303135919,0.8194606896890768,0.0005696315820038248
-1.03125,0.9999999999999952,0.5661833929580117,0.8194633833058684,0.0005586482578713537
-1.0295999999999998,1.0000000000000042,0.5664676266232076,0.8195055219709708,0.0005482567924390629
-1.0279500000000001,1.0000000000000038,0.5667510338315604,0.8195870313044921,0.0005384221987928728
-1.0263,0.9999999999999992,0.5670336170936637,0.8197078278840825,0.0005291122723402361
-1.0246499999999998,1.0000000000000013,0.5673153789083825,0.8198678192613785,0.0005202973354382322
-1.0230000000000001,1.0000000000000044,0.5675963217629163,0.8200669039673092,0.0005119500093485983
-1.02135,0.999999999999999,0.5678764481328671,0.820304971506406,0.0005040450102351119
-1.0196999999999998,0.9999999999999964,0.5681557604823018,0.8205819023403006,0.0004965589663576119
-1.0180500000000001,1.0000000000000027,0.5684342612638157,0.8208975678605769,0.0004894702539915667
-1.0164,1.0000000000000018,0.5687119529185873,0.821251830351208,0.0004827588499228441
-1.01475,1.0000000000000053,0.5689888378764583,0.8216445429407596,0.0004764061986423548
-1.0131000000000001,1.0000000000000029,0.5692649185559702,0.8220755495445523,0.0004703950926017399
-1.01145,0.9999999999999988,0.5695401973644509,0.8225446847970648,0.00046470956409521834
-1.0098,0.9999999999999971,0.5698146766980622,0.8230517739747542,0.0004593347875087048
-1.00815,1.0000000000000018,0.570088358941863,0.8235966329095461,0.00045425699082977955
-1.0065,0.9999999999999973,0.5703612464698611,0.8241790678932706,0.000449463375444307
-1.00485,1.0000000000000004,0.5706333416450919,0.8247988755733034,0.00044494204336044374
-1.0032,1.0000000000000018,0.5709046468196632,0.8254558428396453,0.0004406819311008159
-1.00155,0.9999999999999948,0.571175164334812,0.8261497467037849,0.0004366727495911061
-0.9999,1.000000000000005,0.5714448965209818,0.8268803541696089,0.0004329049294495714
-0.99825,1.0000000000000009,0.5717138456978492,0.8276474220966601,0.0004293695711489669
-0.9966,1.0000000000000073,0.5719820141744214,0.8284506970561173,0.00042605839958107216
-0.99495,1.0000000000000027,0.5722494042490514,0.8292899151797557,0.00042296372260558084
-0.9933,0.9999999999999972,0.5725160182095327,0.8301648020023309,0.00042007839321065967
-0.99165,1.0000000000000069,0.5727818583331367,0.8310750722976802,0.0004173957749524813
-0.99,0.9999999999999948,0.5730469268866573,0.8320204299089187,0.0004149097103765752
-0.98835,0.9999999999999993,0.5733112261265014,0.8330005675732414,0.0004126144921551866
-0.9867,0.999999999999993,0.5735747582987131,0.8340151667415412,0.00041050483670259557
-0.98505,1.0000000000000009,0.5738375256390412,0.8350638973935016,0.00040857586005518766
-0.9833999999999999,1.0000000000000027,0.5740995303729912,0.8361464178484023,0.00040682305582494515
-0.98175,0.9999999999999976,0.5743607747158836,0.8372623745722604,0.0004052422750546908
-0.9801,0.9999999999999983,0.5746212608729091,0.838411401981708,0.0004038297078209101
-0.97845,0.9999999999999971,0.5748809910391707,0.8395931222451025,0.0004025818664456251
-0.9767999999999999,1.0000000000000044,0.5751399673997543,0.8408071450814497,0.0004014955701928204
-0.97515,1.0000000000000007,0.5753981921297613,0.8420530675576018,0.0004005679313375454
-0.9735,0.9999999999999976,0.5756556673943849,0.8433304738843729,0.00039979634250712656
-0.9718499999999999,1.000000000000001,0.5759123953489457,0.8446389352120749,0.00039917846520411804
-0.9702,1.0000000000000007,0.5761683781389404,0.8459780094261116,0.0003987122194299257
-0.96855,1.0000000000000009,0.5764236179001153,0.84734724094328,0.00039839577433631394
-0.9669000000000001,0.9999999999999968,0.5766781167584923,0.84874616050934,0.0003982275398396373
-0.9652499999999999,1.0000000000000033,0.5769318768304392,0.8501742849986194,0.00039820615913955387
-0.9636,0.9999999999999997,0.5771849002227022,0.8516311172162234,0.00039833050209025735
-0.9619500000000001,1.000000000000005,0.5774371890324778,0.8531161457036895,0.00039859965937806747
-0.9602999999999999,1.0000000000000009,0.5776887453474425,0.8546288445486702,0.00039901293746451364
-0.95865,1.000000000000002,0.5779395712458151,0.8561686731995081,0.00039956985425895617
-0.9570000000000001,1.0,0.5781896687964023,0.8577350762854155,0.0004002701354893091
-0.9553499999999999,0.9999999999999988,0.5784390400586478,0.8593274834430409,0.0004011137117436834
-0.9537,0.9999999999999966,0.5786876870826783,0.8609453091502782,0.00040210071615970393
-0.9520500000000001,0.9999999999999992,0.5789356119093583,0.862587952568093,0.0004032314827419345
-0.9503999999999999,1.0000000000000042,0.5791828165703315,0.8642547973912482,0.0004045065452914298
-0.94875,0.9999999999999972,0.5794293030880687,0.8659452117087718,0.00040592663693471024
-0.9471,0.9999999999999982,0.5796750734759256,0.8676585478750913,0.0004074926902426888
-0.9454499999999999,1.0000000000000027,0.5799201297381771,0.8693941423926526,0.0004092058379331361
-0.9438,0.9999999999999974,0.5801644738700675,0.8711513158070108,0.00041106741415332984
-0.94215,1.0000000000000036,0.5804081078578655,0.8729293726153129,0.0004130789563423782
-0.9404999999999999,0.9999999999999989,0.580651033678894,0.8747276011890244,0.0004152422076756745
-0.93885,1.0000000000000009,0.5808932533015969,0.8765452737119878,0.00041755912009679814
-0.9372,0.9999999999999959,0.5811347686855675,0.8783816461346274,0.00042003185794501133
-0.9355499999999999,1.0000000000000002,0.5813755817815995,0.8802359581453656,0.00042266280218945844
-0.9339,1.0000000000000022,0.5816156945317359,0.8821074331601665,0.000425454555284114
-0.93225,1.0000000000000053,0.5818551088693089,0.8839952783311915,0.0004284099466605097
-0.9306000000000001,1.0000000000000009,0.5820938267189829,0.8858986845755308,0.0004315320388784165
-0.9289499999999999,1.0000000000000047,0.582331849996811,0.8878168266249796,0.0004348241344578934
-0.9273,0.9999999999999979,0.5825691806102589,0.8897488630978014,0.0004382897834194128
-0.9256500000000001,1.0000000000000024,0.5828058204582672,0.8916939365934811,0.00044193279156239156
-0.9239999999999999,0.9999999999999986,0.5830417714312818,0.89365117381133,0.00044575722951609756
-0.92235,0.9999999999999993,0.583277035411308,0.8956196856939158,0.00044976744260087913
-0.9207000000000001,0.9999999999999951,0.5835116142719415,0.8975985675962346,0.00045396806154182287
-0.9190499999999999,1.0000000000000013,0.5837455098784246,0.8995868994814538,0.00045836401408147503
-0.9174,0.9999999999999978,0.5839787240876706,0.9015837461441323,0.0004629605375429133
-0.9157500000000001,1.0000000000000058,0.5842112587483264,0.9035881574617309,0.00046776319239978333
-0.9140999999999999,1.0000000000000036,0.5844431157007951,0.9055991686751784,0.0004727778769152712
-0.91245,1.0000000000000033,0.5846742967772928,0.907615800699297,0.0004780108429180929
-0.9108,0.9999999999999944,0.5849048038018776,0.9096370604637608,0.0004834687127899876
-0.9091499999999999,1.0000000000000018,0.585134638590508,0.9116619412852766,0.0004891584977462882
-0.9075,0.9999999999999946,0.5853638029510574,0.9136894232715637,0.0004950876174987043
-0.90585,0.999999999999999,0.5855922986833788,0.9157184737577796,0.0005012639213978997
-0.9041999999999999,1.0000000000000042,0.5858201275793306,0.9177480477757705,0.0005076957111623937
-0.90255,1.0000000000000036,0.5860472914228215,0.9197770885566993,0.0005143917653103313
-0.9009,0.9999999999999994,0.5862737919898523,0.9218045280673443,0.0005213613654215356
-0.8992499999999999,0.9999999999999973,0.586499631048552,0.9238292875803855,0.0005286143243690818
-0.8976,1.0000000000000004,0.5867248103592193,0.9258502782789034,0.0005361610166727834
-0.89595,1.0000000000000095,0.5869493316743607,0.9278664018952169,0.000544012411141302
-0.8943000000000001,1.0000000000000013,0.5871731967387178,0.9298765513840944,0.0005521801059853974
-0.8926499999999999,0.999999999999998,0.5873964072893335,0.931879611630372,0.0005606763666022457
-0.891,1.0000000000000047,0.5876189650555649,0.9338744601906915,0.0005695141662499009
-0.8893500000000001,1.000000000000008,0.5878408717591304,0.9358599680693036,0.0005787072298522862
-0.8876999999999999,0.9999999999999921,0.5880621291141388,0.9378350005274654,0.0005882700811984043
-0.88605,0.9999999999999938,0.5882827388271546,0.9397984179260994,0.000598218093825477
-0.8844000000000001,1.000000000000002,0.5885027025972017,0.9417490766010264,0.0006085675459044308
-0.8827499999999999,1.0000000000000013,0.5887220221158114,0.9436858297702834,0.000619335679478071
-0.8811,0.9999999999999992,0.5889406990670681,0.9456075284726446,0.0006305407644376373
-0.8794500000000001,0.9999999999999967,0.5891587351276406,0.9475130225364863,0.0006422021676629103
-0.8777999999999999,1.000000000000002,0.5893761319668182,0.9494011615780069,0.0006543404277947898
-0.87615,1.0000000000000002,0.5895928912465379,0.9512707960276812,0.0006669773361581803
-0.8745,1.0000000000000018,0.5898090146214396,0.9531207781837004,0.000680136024407663
-0.8728499999999999,1.0000000000000033,0.5900245037388858,0.9549499632910757,0.0006938410595291965
-0.8712,0.9999999999999957,0.5902393602389999,0.9567572106448824,0.0007081185468994289
-0.86955,0.9999999999999952,0.5904535857547102,0.9585413847161208,0.0007229962421806486
-0.8678999999999999,0.9999999999999974,0.5906671819117731,0.9603013562984265,0.0007385036729149059
-0.86625,0.9999999999999992,0.5908801503288157,0.9620360036738514,0.0007546722707772771
-0.8646,1.0000000000000049,0.5910924926173675,0.9637442137958039,0.0007715355155565497
-0.8629499999999999,0.9999999999999994,0.59130421038189,0.9654248834870376,0.0007891290920533365
-0.8613,1.0000000000000075,0.5915153052198291,0.9670769206506612,0.0008074910612234445
-0.85965,1.000000000000006,0.5917257787216225,0.9686992454917966,0.0008266620470495562
-0.8580000000000001,1.0000000000000018,0.5919356324707522,0.9702907917477024,0.0008466854408001089
-0.85635,0.999999999999997,0.5921448680437756,0.9718505079238006,0.0008676076245333688
-0.8547,0.9999999999999992,0.5923534870103556,0.9733773585331964,0.000889478215930741
-0.8530500000000001,0.9999999999999981,0.5925614909332894,0.974870325337065,0.0009123503368001611
-0.8513999999999999,0.9999999999999988,0.5927688813685501,0.9763284085832733,0.000936280907882798
-0.84975,1.0000000000000024,0.5929756598653171,0.9777506282405359,0.0009613309729297235
-0.8481000000000001,1.0000000000000004,0.5931818279660003,0.9791360252253096,0.0009875660553961155
-0.8464499999999999,1.0000000000000056,0.5933873872062899,0.9804836626186695,0.0010150565515362872
-0.8448,1.0000000000000004,0.5935923391151634,0.9817926268702745,0.0010438781641825075
-0.8431500000000001,1.000000000000002,0.5937966852149501,0.9830620289866274,0.001074112382064478
-0.8414999999999999,1.0000000000000013,0.5940004270213284,0.9842910057006783,0.0011058470101863668
-0.83985,1.0000000000000016,0.5942035660433844,0.985478720619963,0.0011391767575399708
-0.8382000000000001,0.999999999999992,0.5944061037836242,0.9866243653503317,0.0011742038893118255
-0.8365499999999999,0.9999999999999947,0.5946080417380232,0.9877271605925176,0.0012110389517605707
-0.8349,0.9999999999999932,0.5948093813960378,0.9887863572085915,0.001249801579122086
-0.83325,0.9999999999999998,0.5950101242406559,0.9898012372556418,0.0012906213932739607
-0.8315999999999999,1.0000000000000067,0.595210271748408,0.9907711149838568,0.0013336390084912628
-0.82995,1.0000000000000104,0.5954098253894072,0.9916953377964272,0.0013790071554962951
-0.8283,1.0000000000000007,0.5956087866273808,0.992573287168586,0.00142689194119443
-0.8266499999999999,1.0000000000000002,0.5958071569197083,0.993404379523388,0.0014774742630588083
-0.825,0.9999999999999982,0.5960049377174274,0.9941880670616896,0.0015309514001522293
-0.82335,0.9999999999999988,0.5962021304652874,0.9949238385441402,0.0015875388063445425
-0.8217000000000001,1.0000000000000013,0.5963987366017631,0.9956112200229612,0.0016474721355080049
-0.82005,0.9999999999999997,0.5965947575590949,0.9962497755214148,0.001711009533486135
-0.8184,0.999999999999993,0.5967901947633085,0.9968391076591109,0.001778434237597188
-0.8167500000000001,0.9999999999999948,0.5969850496342557,0.9973788582213362,0.0018500575315549025
-0.8150999999999999,1.0000000000000013,0.5971793235856342,0.9978687086707628,0.0019262221122171238
-0.81345,1.0000000000000042,0.5973730180250088,0.9983083806001019,0.0020073059348185963
-0.8118000000000001,1.0000000000000047,0.5975661343538595,0.9986976361244434,0.0020937266156942566
-0.8101499999999999,0.9999999999999986,0.5977586739675974,0.9990362782120448,0.002185946486439803
-0.8085,0.999999999999995,0.5979506382555936,0.9993241509527651,0.002284478411594564
-0.8068500000000001,0.999999999999997,0.5981420286012121,0.9995611397632663,0.0023898925040370883
-0.8051999999999999,1.0000000000000007,0.5983328463818293,0.9997471715284585,0.0025028238993284944
-0.80355,1.0000000000000029,0.5985230929688679,0.9998822146788126,0.0026239817834627912
-0.8019000000000001,1.0000000000000018,0.5987127697278211,0.9999662792033303,0.0027541599094722865
-0.8002499999999999,0.999999999999999,0.5989018780182847,0.9999994165981277,0.0028942488891288147
-0.7986,1.0000000000000082,0.5990904191939823,0.9999817197509082,0.003045250609215158
-0.79695,0.9999999999999977,0.599278394602781,0.9999133227615816,0.0032082952009416777
-0.7952999999999999,1.000000000000006,0.5994658055867459,0.9997944006997459,0.0033846610905348936
-0.79365,1.0000000000000044,0.5996526534821305,0.9996251692995949,0.0035757987847193275
-0.792,0.9999999999999982,0.5998389396194305,0.9994058845933652,0.003783359204560981
-0.7903499999999999,1.0000000000000004,0.6000246653234048,0.9991368424843221,0.004009227585334509
-0.7887,1.000000000000002,0.6002098319130927,0.9988183782605874,0.0042555642226763425
-0.78705,1.0000000000000009,0.6003944407018458,0.9984508660512545,0.004524853685150031
-0.7854000000000001,1.000000000000003,0.6005784929973532,0.9980347182264567,0.004819964556165656
-0.78375,0.9999999999999951,0.6007619901016684,0.9975703847430192,0.00514422234922411
-0.7821,1.0000000000000038,0.6009449333112404,0.997058352437737,0.005501499008517321
-0.7804500000000001,1.000000000000006,0.601127323916918,0.9964991442701878,0.00589632343019446
-0.7787999999999999,0.9999999999999949,0.6013091632039969,0.9958933185173436,0.006334018814231081
-0.77715,0.9999999999999994,0.6014904524522459,0.995241467922204,0.006820874519693433
-0.7755000000000001,0.9999999999999998,0.6016711929359134,0.9945442187987857,0.007364362644208957
-0.7738499999999999,1.000000000000001,0.601851385923762,0.9938022300960669,0.007973413068129907
-0.7722,1.0000000000000007,0.6020310326790959,0.9930161924233205,0.008658765616909264
-0.7705500000000001,1.0,0.6022101344597854,0.9921868270395569,0.009433424930076295
-0.7688999999999999,0.9999999999999949,0.6023886925182834,0.9913148848096748,0.010313253531012109
-0.76725,1.0000000000000098,0.6025667081016658,0.9904011451302164,0.011317752922197147
-0.7656000000000001,1.0000000000000042,0.6027441824516249,0.9894464148272966,0.012471103545951755
-0.7639499999999999,0.9999999999999969,0.6029211168045306,0.9884515270297437,0.01380356572197117
-0.7623,0.9999999999999984,0.6030975123914321,0.9874173400201331,0.015353390939845812
-0.76065,1.0000000000000013,0.6032733704380852,0.9863447360665599,0.017169465543253378
-0.7589999999999999,0.9999999999999964,0.6034486921649727,0.9852346202380776,0.019315022578958823
-0.75735,1.000000000000003,0.6036234787873432,0.9840879192065225,0.02187293914177512
-0.7557,0.9999999999999944,0.6037977315152085,0.9829055800375345,0.024953432555198864
-0.7540499999999999,1.0000000000000022,0.6039714515533923,0.9816885689736254,0.028705462450508784
-0.7524,0.999999999999997,0.6041446401015361,0.9804378702118346,0.03333398972487123
-0.75075,1.000000000000003,0.6043172983541343,0.979154484678862,0.039126724150676286
-0.7491000000000001,0.9999999999999946,0.6044894275005361,0.9778394288060471,0.046496663674317366
-0.74745,0.9999999999999976,0.6046610287250053,0.9764937333069552,0.05605168713742513
-0.7458,1.000000000000001,0.6048321032066987,0.9751184419598412,0.06871192954427123
-0.7441500000000001,0.9999999999999978,0.6050026521197206,0.9737146103975312,0.08591419024792016
-0.7424999999999999,1.0000000000000016,0.6051726766331329,0.9722833049069068,0.1099793198768244
-0.74085,1.0000000000000033,0.6053421779109739,0.9708256012402402,0.14478975001448893
-0.7392000000000001,1.0000000000000022,0.6055111571122903,0.9693425834405021,0.19704555075539182
-0.7375499999999999,1.0000000000000033,0.6056796153911497,0.9678353426825881,0.2784520321662538
-0.7359,0.9999999999999943,0.6058475538966624,0.9663049761324386,0.4083591547466939
-0.7342500000000001,0.999999999999999,0.6060149737730185,0.964752585825771,0.6094675301114567
-0.7325999999999999,1.0000000000000002,0.6061818761594844,0.9631792775681423,0.8619255414532628
-0.73095,1.0000000000000004,0.6063482621904407,0.9615861598579031,0.9999910471708057
-0.7293000000000001,1.000000000000003,0.6065141329954011,0.9599743428335041,0.8672684590547586
-0.7276499999999999,1.0,0.60667948969903,0.9583449372464483,0.6203407255466161
-0.726,1.0000000000000018,0.606844333421167,0.9566990534611929,0.42202296201344547
-0.72435,1.0000000000000013,0.6070086652768455,0.9550378004830148,0.292557335499727
-0.7226999999999999,0.9999999999999934,0.6071724863763076,0.953362285014907,0.21051588540379162
-0.72105,0.9999999999999983,0.6073357978250445,0.9516736105443745,0.15727718047740996
-0.7194,1.0000000000000016,0.6074986007237887,0.9499728764608397,0.12144300518360769
-0.7177499999999999,1.0000000000000002,0.6076608961685573,0.9482611772044072,0.09642462851446217
-0.7161,1.000000000000002,0.6078226852506592,0.9465396014465004,0.07837115434464528
-0.71445,1.000000000000004,0.6079839690567228,0.9448092313027753,0.06496279068575203
-0.7128000000000001,0.9999999999999991,0.6081447486687096,0.943071141578734,0.05475328318732654
-0.71115,1.0000000000000033,0.6083050251639415,0.941326399048262,0.046810412843998825
-0.7095,1.0000000000000018,0.6084647996151136,0.9395760617651993,0.040514563721993614
-0.7078500000000001,1.0000000000000029,0.6086240730903143,0.9378211784080805,0.03544233556142177
-0.7061999999999999,1.0000000000000009,0.6087828466530517,0.9360627876579486,0.03129714826994773
-0.70455,1.0000000000000087,0.6089411213622663,0.9343019176092102,0.02786660391792374
-0.7029000000000001,0.9999999999999961,0.6090988982723454,0.9325395852132515,0.02499554819937443
-0.7012499999999999,0.9999999999999962,0.6092561784331652,0.9307767957546654,0.0225686097737579
-0.6996,1.0000000000000013,0.6094129628900794,0.9290145423596345,0.020498615569629307
-0.6979500000000001,1.0000000000000038,0.6095692526839559,0.9272538055361674,0.0187187394093141
-0.6962999999999999,0.9999999999999952,0.6097250488511912,0.9254955527456795,0.017177076658970905
-0.69465,0.999999999999999,0.6098803524237391,0.9237407380054257,0.015832828311780234
-0.6930000000000001,1.0000000000000013,0.6100351644291052,0.9219903015211414,0.014653573228002226
-0.6913499999999999,0.9999999999999953,0.6101894858903933,0.9202451693493809,0.013613289034989854
-0.6897,0.999999999999998,0.6103433178263069,0.9185062530888076,0.012690896449425351
-0.68805,0.9999999999999954,0.6104966612511685,0.9167744495997038,0.0118691750106967
-0.6863999999999999,0.9999999999999933,0.6106495171749439,0.9150506407510566,0.011133945997017312
-0.68475,0.9999999999999959,0.6108018866032578,0.9133356931943495,0.010473450001606122
-0.6831,1.0000000000000024,0.6109537705374115,0.9116304581632638,0.009877868014133434
-0.6814499999999999,1.0000000000000044,0.6111051699743962,0.9099357712985127,0.009338949463596828
-0.6798,0.9999999999999964,0.6112560859069175,0.9082524524968912,0.008849720805464818
-0.67815,1.0000000000000036,0.6114065193234158,0.9065813057837152,0.008404255343835845
-0.6764999999999999,0.9999999999999986,0.6115564712080687,0.9049231192076966,0.00799749002775731
-0.67485,1.0000000000000069,0.6117059425408312,0.9032786647574734,0.007625078586462105
-0.6732,0.9999999999999991,0.6118549342974254,0.9016486982987265,0.007283272999359737
-0.6715500000000001,0.999999999999996,0.6120034474493841,0.9000339595311405,0.006968827224785277
-0.6698999999999999,0.9999999999999925,0.6121514829640561,0.8984351719641426,0.006678918537654827
-0.66825,0.9999999999999964,0.612299041804619,0.8968530429106081,0.0064110828902523755
-0.6666000000000001,1.0000000000000073,0.6124461249301054,0.8952882634975563,0.006163161510863242
-0.6649499999999999,0.999999999999998,0.6125927332954036,0.893741508692954,0.005933256561888799
-0.6633,0.9999999999999938,0.6127388678513038,0.8922134373477387,0.005719694142641777
-0.6616500000000001,1.0000000000000053,0.6128845295444912,0.8907046922520985,0.005520993278587614
-0.6599999999999999,1.0000000000000036,0.6130297193175571,0.889215900205188,0.005335839814898135
-0.65835,1.0000000000000027,0.6131744381090419,0.887747672097401,0.0051630643473315925
-0.6567000000000001,1.0000000000000018,0.6133186868534275,0.8863006030042924,0.00500162349212526
-0.6550499999999999,0.9999999999999992,0.613462466481167,0.8848752722913475,0.004850583929584474
-0.6534,1.0000000000000058,0.6136057779186961,0.8834722437287446,0.004709108761497478
-0.65175,1.0000000000000016,0.6137486220884442,0.8820920656152985,0.004576445806547188
-0.6500999999999999,1.0000000000000013,0.6138909999088626,0.8807352709108149,0.004451917525213616
-0.64845,1.000000000000003,0.6140329122944314,0.8794023773760272,0.004334912319844021
-0.6468,1.0000000000000056,0.614174360155678,0.878093887719392,0.004224876999384658
-0.6451499999999999,0.9999999999999969,0.6143153443991833,0.8768102897499995,0.004121310233853371
-0.6435,1.0000000000000002,0.614455865927628,0.8755520565358987,0.004023756852658025
-0.64185,0.999999999999997,0.6145959256397614,0.8743196465670702,0.00393180286463552
-0.6401999999999999,1.000000000000002,0.614735524430463,0.8731135039224642,0.003845071097231771
-0.63855,0.9999999999999958,0.6148746631907216,0.8719340584403649,0.0037632173683707056
-0.6369,1.0000000000000004,0.6150133428076782,0.870781725891538,0.0036859271179202602
-0.6352500000000001,0.9999999999999999,0.61515156416462,0.8696569081544239,0.0036129124367679758
-0.6335999999999999,1.0000000000000029,0.6152893281410099,0.8685599933919268,0.0035439094407787846
-0.63195,1.0000000000000036,0.6154266356124943,0.8674913562291362,0.0034786759446561286
-0.6303000000000001,0.9999999999999964,0.6155634874509172,0.8664513579314441,0.0034169893972308893
-0.6286499999999999,1.000000000000009,0.615699884524352,0.8654403465825983,0.003358645045177887
-0.627,1.0000000000000049,0.6158358276970777,0.8644586572620674,0.0033034542967816855
-0.6253500000000001,0.9999999999999964,0.6159713178296372,0.8635066122214002,0.003251243261288686
-0.6236999999999999,0.9999999999999987,0.6161063557788321,0.8625845210589489,0.003201851442705133
-0.62205,0.9999999999999969,0.6162409423977315,0.8616926808926019,0.003155130569730086
-0.6204000000000001,0.9999999999999944,0.6163750785356923,0.8608313765301193,0.0031109435459275923
-0.6187499999999999,0.9999999999999977,0.6165087650383829,0.8600008806366296,0.0030691635063080677
-0.6171,1.000000000000002,0.6166420027477773,0.8592014538988857,0.003029672968261312
-0.61545,1.000000000000003,0.6167747925021914,0.8584333451860015,0.002992363066307051
-0.6137999999999999,0.9999999999999987,0.6169071351362762,0.8576967917062108,0.002957132861442176
-0.61215,0.9999999999999948,0.6170390314810544,0.8569920191594399,0.002923888716997057
-0.6105,1.0000000000000009,0.6171704823639159,0.8563192418852679,0.002892543733895221
-0.6088499999999999,1.0000000000000033,0.6173014886086367,0.8556786630060669,0.0028630172390614068
-0.6072,1.0000000000000016,0.6174320510353946,0.8550704745650242,0.002835234321462839
-0.60555,1.000000000000007,0.6175621704607873,0.8544948576587809,0.0028091254109125535
-0.6038999999999999,0.9999999999999976,0.6176918476978315,0.8539519825644137,0.002784625895325736
-0.60225,1.000000000000005,0.6178210835560016,0.8534420088606253,0.0027616757726113728
-0.6006,0.9999999999999908,0.6179498788412062,0.8529650855428058,0.0027402193338115803
-0.5989500000000001,1.000000000000005,0.6180782343558532,0.852521351131905,0.00272020487447903
-0.5972999999999999,0.999999999999993,0.6182061508987974,0.8521109337767669,0.0027015844316142434
-0.59565,0.9999999999999977,0.6183336292654212,0.8517339513499754,0.002684313543777476
-0.5940000000000001,0.9999999999999999,0.6184606702475973,0.8513905115368189,0.002668351032247003
-0.5923499999999999,0.9999999999999888,0.6185872746337218,0.8510807119174184,0.0026536588013244848
-0.5907,0.9999999999999927,0.6187134432087397,0.850804640041825,0.0026402016560888608
-0.5890500000000001,1.0000000000000084,0.6188391767541349,0.8505623734979079,0.002627947136079905
-0.5873999999999999,0.9999999999999976,0.6189644760479399,0.8503539799720488,0.0026168653635511062
-0.58575,0.9999999999999964,0.6190893418647854,0.850179517302498,0.0026069289050733796
-0.5841000000000001,0.9999999999999943,0.6192137749758748,0.8500390335252719,0.002598112645396853
-0.5824499999999999,1.0000000000000033,0.6193377761490162,0.8499325669125968,0.0025903936725910318
-0.5808,0.9999999999999982,0.6194613461486208,0.849860146003799,0.002583751173584308
-0.57915,1.0000000000000029,0.6195844857357384,0.8498217896286536,0.002578166339314525
-0.5774999999999999,1.0000000000000047,0.6197071956680447,0.8498175069230701,0.002573622278782946
-0.57585,0.999999999999999,0.6198294766998665,0.8498472973371916,0.0025701039413780786
-0.5742,1.0000000000000038,0.6199513295822004,0.849911150635855,0.0025675980469012315
-0.5725499999999999,1.0000000000000033,0.620072755062711,0.8500090468913949,0.0025660930227856264
-0.5709,1.000000000000002,0.6201937538857449,0.850140956468877,0.002565578948055415
-0.56925,0.9999999999999912,0.6203143267923562,0.8503068400037048,0.002566047503620127
-0.5675999999999999,1.000000000000003,0.6204344745203106,0.8505066483717133,0.0025674919285451356
-0.56595,1.000000000000001,0.6205541978040819,0.8507403226517318,0.0025699069819800314
-0.5643,1.0000000000000109,0.6206734973748984,0.8510077940807589,0.0025732889104652062
-0.5626500000000001,0.9999999999999984,0.6207923739607107,0.8513089840017146,0.0025776354203710795
-0.5609999999999999,0.9999999999999916,0.62091082828625,0.8516438038040154,0.002582945655257966
-0.55935,0.9999999999999944,0.621028861073011,0.8520121548568732,0.0025892201779740536
-0.5577000000000001,1.0000000000000009,0.6211464730392656,0.8524139284355966,0.0025964609573378666
-0.5560499999999999,1.000000000000003,0.6212636649000769,0.8528490056409378,0.0026046713592779696
-0.5544,0.9999999999999954,0.6213804373673167,0.8533172573116419,0.0026138561423283803
-0.5527500000000001,1.0000000000000002,0.6214967911496788,0.8538185439303557,0.002624021457402014
-0.5510999999999999,0.9999999999999953,0.6216127269526691,0.8543527155230131,0.002635174851787791
-0.54945,1.000000000000001,0.6217282454786522,0.8549196115519796,0.0026473252773399447
-0.5478000000000001,0.9999999999999957,0.6218433474268206,0.8555190608030026,0.0026604831028493293
-0.5461499999999999,0.999999999999992,0.6219580334932485,0.8561508812663293,0.0026746601306087614
-0.5445,1.000000000000003,0.6220723043708729,0.8568148800120894,0.0026898696172053273
-0.54285,0.9999999999999996,0.6221861607495092,0.8575108530602288,0.0027061262985942553
-0.5411999999999999,1.0000000000000016,0.6222996033158777,0.8582385852452832,0.0027234464195302756
-0.53955,0.9999999999999989,0.6224126327535978,0.8589978500761855,0.002741847767454139
-0.5379,1.000000000000002,0.6225252497432092,0.8597884095914651,0.0027613497109544036
-0.5362499999999999,0.9999999999999982,0.6226374549621729,0.8606100142100566,0.0027819732429472553
-0.5346,1.0000000000000022,0.6227492490848955,0.8614624025781596,0.002803741028741004
-0.53295,1.0000000000000018,0.6228606327827269,0.8623453014123503,0.0028266774591765085
-0.5312999999999999,0.9999999999999956,0.6229716067239748,0.8632584253394046,0.0028508087090605926
-0.52965,1.000000000000002,0.6230821715739244,0.864201476733168,0.002876162801136937
-0.528,1.0000000000000038,0.623192327994835,0.8651741455488322,0.00290276967586758
-0.5263500000000001,0.9999999999999976,0.6233020766459547,0.8661761091551149,0.002930661267328809
-0.5246999999999999,0.9999999999999977,0.6234114181835406,0.86720703216469,0.0029598715855582393
-0.52305,0.9999999999999997,0.6235203532608583,0.8682665662633594,0.002990436805724426
-0.5214000000000001,1.0000000000000084,0.6236288825281936,0.8693543500384561,0.003022395364528368
-0.5197499999999999,1.0000000000000067,0.6237370066328602,0.8704700088069134,0.0030557880642866912
-0.5181,1.0000000000000022,0.623844726219222,0.8716131544435871,0.0030906581851902868
-0.5164500000000001,1.0000000000000024,0.6239520419286928,0.8727833852103178,0.00312705160627924
-0.5147999999999999,1.0000000000000073,0.6240589543997507,0.8739802855862846,0.003165016935726947
-0.51315,1.0000000000000049,0.6241654642679384,0.8752034261002524,0.0032046056510822043
-0.5115000000000001,0.9999999999999962,0.624271572165887,0.8764523631653157,0.0032458722501788346
-0.5098499999999999,0.9999999999999949,0.6243772787233235,0.8777266389167213,0.0032888744134896637
-0.5082,0.9999999999999976,0.6244825845670727,0.8790257810534566,0.003333673178774121
-0.5065500000000001,0.9999999999999958,0.6245874903210663,0.8803493026842022,0.0033803331289488092
-0.5048999999999999,0.9999999999999998,0.6246919966063684,0.881696702178435,0.0034289225941980003
-0.50325,1.0000000000000087,0.6247961040411663,0.8830674630232459,0.003479513869437027
-0.5016,1.0,0.6248998132407836,0.8844610536867249,0.003532183448347214
-0.4999499999999999,0.9999999999999951,0.6250031248177103,0.8858769274886003,0.003587012275317819
-0.49829999999999997,1.0000000000000047,0.625106039381586,0.8873145224788397,0.0036440860167581348
-0.49665000000000004,1.0000000000000022,0.625208557539214,0.8887732613250984,0.003703495353384806
-0.4949999999999999,1.0000000000000062,0.6253106798945888,0.8902525512097689,0.00376533629524623
-0.49334999999999996,0.9999999999999984,0.6254124070488818,0.891751783737371,0.0038297105214178595
-0.4917,1.0000000000000029,0.625513739600473,0.8932703348532622,0.003896725746495374
-0.4900500000000001,0.9999999999999976,0.6256146781449379,0.8948075647743551,0.003966496116223551
-0.48839999999999995,1.0000000000000082,0.6257152232750777,0.8963628179328277,0.004039142634836046
-0.48675,1.0000000000000033,0.625815375580906,0.8979354229335831,0.004114793626941923
-0.4851000000000001,0.9999999999999994,0.6259151356496803,0.8995246925264458,0.004193585237087881
-0.48344999999999994,1.000000000000004,0.6260145040659022,0.9011299235938959,0.004275661970448517
-0.4818,1.000000000000003,0.6261134814113164,0.9027503971552462,0.004361177278460096
-0.4801500000000001,1.0000000000000044,0.6262120682649357,0.9043853783882375,0.004450294193617932
-0.4784999999999999,0.9999999999999932,0.6263102652030356,0.906034116668814,0.004543186018108797
-0.47685,0.9999999999999964,0.6264080727991803,0.9076958456301388,0.0046400370714567716
-0.47520000000000007,1.0000000000000049,0.626505491624216,0.9093697832415719,0.004741043502927904
-0.4735499999999999,0.9999999999999971,0.6266025222462752,0.9110551319086653,0.004846414175075812
-0.4719,1.0000000000000024,0.6266991652308127,0.9127510785949601,0.004956371625525399
-0.47025000000000006,0.9999999999999954,0.6267954211405807,0.9144567949664629,0.005071153114897242
-0.4685999999999999,1.000000000000008,0.6268912905356687,0.9161714375597193,0.00519101176968169
-0.46695,0.9999999999999994,0.6269867739734759,0.9178941479742198,0.005316217829894878
-0.46530000000000005,1.0000000000000013,0.6270818720087602,0.9196240530901256,0.005447060012505904
-0.4636499999999999,1.0000000000000007,0.6271765851936175,0.9213602653118824,0.005583847002931065
-0.46199999999999997,1.0000000000000036,0.6272709140774989,0.923101882838725,0.005726909088374732
-0.46035000000000004,0.9999999999999931,0.627364859207215,0.9248479899626123,0.005876599948478792
-0.4586999999999999,1.0000000000000038,0.6274584211269651,0.9265976573944575,0.00603329862065447
-0.45704999999999996,0.9999999999999983,0.6275516003783059,0.9283499426191415,0.006197411659647754
-0.4554,1.0000000000000049,0.6276443975002046,0.9301038902801269,0.0063693755133742225
-0.4537500000000001,1.0000000000000082,0.6277368130290074,0.93185853259404,0.006549659139892037
-0.45209999999999995,0.9999999999999987,0.627828847498468,0.9336128897958905,0.00673876689363085
-0.45045,0.999999999999998,0.6279205014397655,0.9353659706153372,0.006937241712711199
-0.4488000000000001,0.9999999999999959,0.6280117753814851,0.9371167727843441,0.007145668643461788
-0.44714999999999994,0.999999999999995,0.6281026698496507,0.9388642835766908,0.007364678743155527
-0.4455,1.0000000000000058,0.6281931853677181,0.9406074803794665,0.007594953407647602
-0.4438500000000001,1.00000000000001,0.6282833224565825,0.9423453312968372,0.007837229177140742
-0.4421999999999999,0.9999999999999921,0.6283730816345922,0.944076795786181,0.008092303080868418
-0.44055,1.0000000000000027,0.6284624634175742,0.9458008253266323,0.008361038590261839
-0.43890000000000007,1.0000000000000029,0.6285514683187955,0.9475163641198951,0.008644372260361183
-0.4372499999999999,0.9999999999999987,0.6286400968490113,0.9492223498233852,0.008943321151102164
-0.4356,1.0000000000000104,0.6287283495164688,0.9509177143152774,0.009258991133961194
-0.43395000000000006,1.0000000000000129,0.628816226826884,0.9526013844912173,0.009592586205645239
-0.4322999999999999,0.999999999999997,0.6289037292834806,0.954272283092298,0.009945418949507612
-0.43065,0.999999999999998,0.628990857387004,0.9559293295637309,0.010318922307692909
-0.42900000000000005,0.9999999999999886,0.6290776116356837,0.9575714409435666,0.01071466285331233
-0.4273499999999999,1.0000000000000016,0.6291639925252956,0.9591975327808061,0.011134355783011099
-0.42569999999999997,0.9999999999999963,0.6292500005491207,0.9608065200819434,0.011579881887067203
-0.42405000000000004,0.9999999999999947,0.6293356361979898,0.9623973182851279,0.012053306797835407
-0.4223999999999999,1.0000000000000002,0.6294208999602721,0.9639688442607325,0.012556902869341503
-0.42074999999999996,0.9999999999999941,0.629505792321878,0.9655200173372348,0.01309317410292146
-0.41910000000000003,0.9999999999999991,0.6295903137662912,0.9670497603511293,0.013664884608149394
-0.4174500000000001,0.9999999999999962,0.6296744647745414,0.9685570007193907,0.014275091177602336
-0.41579999999999995,1.0000000000000013,0.629758245825242,0.9700406715330643,0.014927180661619457
-0.41415,1.0000000000000064,0.6298416573945764,0.9714997126702863,0.015624912959280089
-0.4125000000000001,1.000000000000007,0.6299246999563132,0.9729330719270586,0.016372470599570237
-0.41084999999999994,0.9999999999999933,0.6300073739818111,0.9743397061638831,0.017174516078655822
-0.4092,1.0000000000000089,0.6300896799400472,0.9757185824663849,0.018036258353579318
-0.4075500000000001,0.9999999999999921,0.6301716182975651,0.9770686793177402,0.01896353017995033
-0.4058999999999999,0.9999999999999992,0.6302531895185636,0.9783889877810362,0.019962878334538175
-0.40425,0.9999999999999989,0.6303343940648308,0.9796785126889842,0.021041669199934006
-0.40260000000000007,0.9999999999999968,0.6304152323957882,0.9809362738389875,0.022208212729224408
-0.4009499999999999,0.9999999999999986,0.630495704968497,0.9821613071909752,0.02347190848157662
-0.3993,1.0000000000000062,0.6305758122376525,0.9833526660656169,0.024843418260564427
-0.39765000000000006,1.0000000000000084,0.6306555546555936,0.9845094223403448,0.02633487094225134
-0.3959999999999999,1.0000000000000022,0.6307349326723105,0.9856306676406178,0.027960106409736396
-0.39435,0.9999999999999998,0.6308139467354629,0.9867155145237865,0.029734967193717154
-0.39270000000000005,1.0000000000000087,0.6308925972903696,0.9877630976528123,0.03167764855776765
-0.3910499999999999,0.9999999999999977,0.6309708847800107,0.9887725749571749,0.03380912049811452
-0.38939999999999997,1.0000000000000018,0.631048809645069,0.9897431287782517,0.036153638629876646
-0.38775000000000004,1.0000000000000036,0.6311263723238882,0.990673966996271,0.038739365442112504
-0.3860999999999999,1.000000000000001,0.6312035732525163,0.9915643241362277,0.04159912923728567
-0.38444999999999996,0.9999999999999962,0.6312804128646943,0.9924134624499132,0.044771355645002724
-0.38280000000000003,0.9999999999999929,0.6313568915918701,0.9932206729713169,0.04830121647064223
-0.3811500000000001,0.9999999999999997,0.6314330098632035,0.993985276542702,0.052242053543436105
-0.37949999999999995,1.0000000000000007,0.6315087681055608,0.9947066248086394,0.056657152138022915
-0.37785,0.9999999999999956,0.6315841667435372,0.9953841011754224,0.06162196072982212
-0.3762000000000001,0.9999999999999949,0.6316592061994608,0.9960171217332231,0.06722688294354479
-0.37454999999999994,0.9999999999999964,0.631733886893386,0.996605136138491,0.07358080561126584
-0.3729,1.0000000000000038,0.6318082092431144,0.9971476284542304,0.08081557630123225
-0.3712500000000001,1.0000000000000062,0.6318821736641872,0.9976441179457183,0.08909170711220896
-0.36959999999999993,1.0000000000000056,0.6319557805699041,0.9980941598295358,0.09860566107696633
-0.36795,0.9999999999999913,0.632029030371319,0.9984973459736914,0.10959917323256792
-0.36630000000000007,0.9999999999999984,0.632101923477262,0.9988533055469316,0.12237116463575284
-0.3646499999999999,0.9999999999999973,0.6321744602943157,0.9991617056152338,0.13729290510471748
-0.363,0.9999999999999963,0.6322466412268516,0.9994222516839082,0.1548271199740771
-0.36135000000000006,1.000000000000005,0.6323184666770187,0.9996346881835814,0.17555160451983587
-0.3596999999999999,1.000000000000004,0.6323899370447519,0.9997987988987076,0.20018736234098375
-0.35805,1.0000000000000009,0.6324610527277842,0.9999144073372941,0.22962981399142973
-0.35640000000000005,1.0000000000000062,0.6325318141216455,0.9999813770407583,0.2649782208150211
-0.3547499999999999,0.9999999999999969,0.6326022216196671,0.9999996118329476,0.3075512312252478
-0.35309999999999997,0.9999999999999998,0.6326722756129992,0.9999690560076213,0.358862082215645
-0.35145000000000004,0.999999999999999,0.6327419764905994,0.9998896944537239,0.42050069182143057
-0.3497999999999999,1.0000000000000058,0.6328113246392512,0.9997615527181644,0.49382775901029674
-0.34814999999999996,1.0000000000000002,0.6328803204435609,0.9995846970057798,0.5793357418316651
-0.34650000000000003,1.0000000000000067,0.632948964285977,0.9993592341165636,0.6755227289286279
-0.3448500000000001,0.999999999999995,0.6330172565467693,0.9990853113202004,0.777300872191968
-0.34319999999999995,1.000000000000006,0.6330851976040719,0.9987631161684135,0.8745511911171555
-0.34155,1.0000000000000036,0.6331527878338474,0.9983928762454399,0.9524148169029075
-0.3399000000000001,0.999999999999991,0.6332200276099224,0.9979748588575845,0.9951746635098728
-0.33824999999999994,1.0000000000000002,0.6332869173039898,0.9975093706625756,0.9931727743841394
-0.3366,1.0000000000000007,0.6333534572855904,0.9969967572397948,0.9480503872681396
-0.3349500000000001,1.0000000000000069,0.6334196479221476,0.9964374026027368,0.8715670969508109
-0.33329999999999993,0.9999999999999918,0.6334854895789461,0.995831728654966,0.7792457548245899
-0.33165,1.000000000000001,0.6335509826191769,0.9951801945912185,0.6843143159816221
-0.33000000000000007,0.9999999999999929,0.6336161274038831,0.9944832962452209,0.595187796930282
-0.3283499999999999,1.000000000000007,0.6336809242920274,0.9937415653862895,0.5158711749123776
-0.3267,1.0000000000000082,0.6337453736404468,0.9929555689664384,0.4474294500622381
-0.32505000000000006,1.0,0.6338094758038844,0.9921259083203057,0.38934885886348203
-0.3233999999999999,1.0000000000000056,0.6338732311349968,0.991253218320024,0.3404424473063085
-0.32175,1.0000000000000024,0.6339366399843428,0.9903381664873172,0.2993513632519116
-0.32010000000000005,1.0000000000000044,0.6339997027004003,0.9893814520653883,0.2647834956674201
-0.3184499999999999,1.0000000000000022,0.6340624196295614,0.9883838050529363,0.23560627714458193
-0.31679999999999997,1.000000000000002,0.6341247911161526,0.9873459852030052,0.21086712391590048
-0.31515000000000004,0.9999999999999982,0.6341868175024218,0.9862687809892676,0.18978201477071305
-0.3134999999999999,1.000000000000007,0.6342484991285574,0.9851530085424082,0.17171266120591752
-0.31184999999999996,1.0000000000000058,0.6343098363326828,0.9839995105593827,0.15614178926482625
-0.31020000000000003,1.0000000000000024,0.6343708294508664,0.9828091551883283,0.14265049283509804
-0.3085500000000001,1.0000000000000069,0.6344314788171308,0.9815828348918707,0.13089895228985687
-0.30689999999999995,1.0000000000000024,0.6344917847634414,0.9803214652916357,0.12061062250344118
-0.30525,1.0000000000000082,0.6345517476197347,0.9790259839968158,0.11155952424879154
-0.3036000000000001,0.9999999999999938,0.634611367713893,0.9776973494194637,0.10356013719627823
-0.30194999999999994,0.999999999999999,0.6346706453717877,0.9763365395794072,0.09645940116180259
-0.3003,0.9999999999999927,0.634729580917242,0.9749445509013641,0.0901303944797096
-0.2986500000000001,0.9999999999999989,0.6347881746720718,0.97352239700711,0.08446733340311255
-0.29699999999999993,0.999999999999997,0.634846426956057,0.9720711075051736,0.07938160715284992
-0.29535,0.9999999999999997,0.6349043380869791,0.9705917267807909,0.07479862371600388
-0.29370000000000007,1.000000000000002,0.6349619083805955,0.9690853127885021,0.07065529076541747
-0.2920499999999999,0.9999999999999994,0.6350191381506654,0.9675529358499433,0.06689799515382877
-0.2904,1.0000000000000022,0.6350760277089461,0.9659956774591182,0.06348097497278674
-0.28875000000000006,0.9999999999999982,0.6351325773651956,0.9644146290974652,0.0603650018287105
-0.2870999999999999,0.9999999999999966,0.6351887874271785,0.9628108910609214,0.05751630924898207
-0.28545,0.9999999999999959,0.6352446582006747,0.9611855713010115,0.05490571720386578
-0.28380000000000005,0.999999999999995,0.6353001899894732,0.9595397842820331,0.05250791358087312
-0.2821499999999999,1.0000000000000024,0.6353553830953896,0.9578746498561654,0.05030086182906933
-0.28049999999999997,1.0000000000000042,0.6354102378182579,0.9561912921583016,0.04826531048062462
-0.27885000000000004,0.9999999999999922,0.6354647544559358,0.9544908385222811,0.046384385298285896
-0.2771999999999999,0.9999999999999962,0.635518933304331,0.9527744184200727,0.044643248727577224
-0.27554999999999996,0.9999999999999968,0.6355727746573687,0.9510431624253209,0.04302881440806372
-0.27390000000000003,0.9999999999999961,0.6356262788070223,0.949298201202652,0.041529506914386956
-0.2722499999999999,1.000000000000008,0.6356794460433146,0.9475406645238971,0.04013505880398701
-0.27059999999999995,1.0000000000000038,0.6357322766542993,0.9457716803123245,0.03883633855837764
-0.26895,1.0000000000000036,0.6357847709260993,0.943992373715949,0.03762520420583344
-0.2673000000000001,0.999999999999997,0.6358369291428849,0.942203866210681,0.036494378372506506
-0.26564999999999994,0.9999999999999891,0.6358887515868948,0.9404072747341383,0.03543734127810819
-0.264,1.0000000000000016,0.6359402385384284,0.9386037108507763,0.034448238811475546
-0.2623500000000001,0.9999999999999982,0.6359913902758415,0.93679427994881,0.03352180332176222
-0.26069999999999993,0.9999999999999989,0.6360422070755782,0.9349800804694962,0.032653285166998655
-0.25905,1.000000000000003,0.6360926892121483,0.9331622031689454,0.03183839339235858
-0.2574000000000001,1.000000000000005,0.6361428369581417,0.9313417304128269,0.031073244180686826
-0.2557499999999999,0.9999999999999948,0.6361926505842306,0.929519735504039,0.030354315939459853
-0.2541,0.9999999999999931,0.6362421303591821,0.9276972820434459,0.029678410070756157
-0.25245000000000006,0.9999999999999946,0.6362912765498433,0.9258754233235426,0.02904261662144391
-0.2507999999999999,1.0000000000000002,0.6363400894211576,0.924055201755041,0.028444284135600198
-0.24914999999999998,0.9999999999999909,0.6363885692361692,0.9222376483260721,0.027880993134905437
-0.24750000000000005,0.9999999999999927,0.6364367162560224,0.9204237820937986,0.02735053273924144
-0.2458499999999999,1.000000000000002,0.6364845307399674,0.9186146097079889,0.02685088001205182
-0.24419999999999997,1.0000000000000078,0.6365320129453564,0.9168111249662275,0.026380181675681173
-0.24255000000000004,1.0000000000000089,0.6365791631276561,0.9150143084002067,0.025936737892930856
-0.2408999999999999,0.9999999999999953,0.6366259815404467,0.9132251268925838,0.025518987854107757
-0.23924999999999996,1.0000000000000044,0.6366724684354427,0.9114445333237918,0.025125496945233937
-0.23760000000000003,1.0000000000000042,0.6367186240624567,0.9096734662481231,0.024754945303945494
-0.23594999999999988,1.0000000000000036,0.6367644486694435,0.9079128495984659,0.024406117595851217
-0.23429999999999995,1.0000000000000038,0.6368099425024794,0.9061635924188681,0.024077893866469458
-0.23265000000000002,0.9999999999999979,0.6368551058057728,0.9044265886241898,0.02376924134297024
-0.2310000000000001,1.0000000000000044,0.6368999388216764,0.9027027167860319,0.02347920707630129
-0.22934999999999994,0.999999999999996,0.6369444417906642,0.9009928399440925,0.02320691132831598
-0.2277,1.0000000000000024,0.6369886149513737,0.899297805442064,0.02295154162059643
-0.22605000000000008,0.9999999999999892,0.6370324585405677,0.897618444787214,0.022712347372072093
-0.22439999999999993,1.0000000000000013,0.6370759727931774,0.8959555735327283,0.022488635061533858
-0.22275,1.0000000000000058,0.637119157942266,0.8943099911818267,0.022279763858921536
-0.22110000000000007,0.9999999999999999,0.6371620142190597,0.8926824811128288,0.02208514167602582
-0.21944999999999992,0.999999999999999,0.6372045418529472,0.8910738105241254,0.021904221593109813
-0.2178,0.9999999999999991,0.637246741071476,0.8894847303981208,0.02173649862307461
-0.21615000000000006,1.0000000000000018,0.6372886121003544,0.887915975483211,0.021581506779253187
-0.2144999999999999,0.9999999999999986,0.6373301551634569,0.886368264292799,0.021438816416821514
-0.21284999999999998,0.9999999999999937,0.6373713704828323,0.8848422991204339,0.021308031821232646
-0.21120000000000005,1.0000000000000067,0.6374122582787085,0.8833387660700743,0.02118878902008006
-0.2095499999999999,0.999999999999993,0.6374528187694669,0.881858335100495,0.021080753797435473
-0.20789999999999997,1.0000000000000036,0.6374930521717002,0.8804016600830583,0.020983619892032606
-0.20625000000000004,0.9999999999999947,0.6375329587001514,0.8789693788716112,0.020897107362712837
-0.2045999999999999,0.9999999999999909,0.637572538567771,0.8775621133839469,0.0208209611063752
-0.20294999999999996,1.00000000000001,0.6376117919856976,0.8761804696936132,0.020754949515267844
-0.20130000000000003,1.0000000000000062,0.6376507191632355,0.874825038131304,0.02069886326189414
-0.19964999999999988,1.0000000000000024,0.6376893203079068,0.8734963933950225,0.020652514201075573
-0.19799999999999995,1.000000000000001,0.637727595625424,0.8721950946679646,0.020615734379840718
-0.19635000000000002,1.0,0.6377655453196964,0.870921685743415,0.02058837514682787
-0.1947000000000001,1.0000000000000095,0.6378031695928368,0.8696766951557819,0.020570306353790882
-0.19304999999999994,0.9999999999999983,0.6378404686451532,0.8684606363169249,0.02056141564261344
-0.19140000000000001,1.0000000000000024,0.6378774426751792,0.8672740076570659,0.020561607811970008
-0.18975000000000009,0.9999999999999963,0.6379140918796397,0.866117292769359,0.020570804258430584
-0.18809999999999993,1.0000000000000069,0.6379504164534886,0.8649909605575653,0.020588942487411156
-0.18645,1.0000000000000002,0.6379864165898766,0.8638954653858683,0.020615975689909735
-0.18480000000000008,1.0000000000000093,0.63802209248019,0.8628312472303555,0.02065187238147308
-0.18314999999999992,0.9999999999999979,0.6380574443140191,0.8617987318312491,0.02069661610028512
-0.1815,1.0000000000000053,0.6380924722791924,0.8607983308453925,0.0207502051616981
-0.17985000000000007,0.9999999999999987,0.638127176561748,0.8598304419981996,0.02081265246690442
-0.17819999999999991,1.000000000000004,0.6381615573459686,0.8588954492345734,0.020883985363817192
-0.17654999999999998,1.0000000000000053,0.6381956148143526,0.8579937228680439,0.020964245558556655
-0.17490000000000006,0.9999999999999947,0.6382293491476332,0.8571256197276511,0.02105348907626462
-0.1732499999999999,0.9999999999999993,0.6382627605247918,0.8562914833019646,0.021151786270262558
-0.17159999999999997,1.000000000000002,0.6382958491230325,0.8554916438796415,0.021259221878861766
-0.16995000000000005,0.9999999999999969,0.6383286151178021,0.8547264186860859,0.02137589512940822
-0.1682999999999999,1.0000000000000007,0.6383610586827956,0.8539961120156572,0.021501919889411834
-0.16664999999999996,1.0000000000000102,0.6383931799899492,0.853301015358912,0.02163742486487225
-0.16500000000000004,1.0000000000000038,0.6384249792094363,0.8526414075244556,0.021782553846172482
-0.16334999999999988,1.0000000000000044,0.6384564565096987,0.8520175547549712,0.021937466002166603
-0.16169999999999995,1.000000000000001,0.6384876120574134,0.8514297108369122,0.02210233622334424
-0.16005000000000003,0.9999999999999993,0.6385184460175158,0.8508781172035343,0.022277355515217263
-0.1584000000000001,1.0000000000000042,0.6385489585532035,0.8503630030308241,0.022462731443334022
-0.15674999999999994,0.9999999999999992,0.6385791498259195,0.8498845853259723,0.0226586886316007
-0.15510000000000002,1.0000000000000036,0.6386090199953754,0.8494430690080329,0.022865469315868223
-0.1534500000000001,1.0000000000000004,0.6386385692195444,0.8490386469803836,0.023083333955032745
-0.15179999999999993,1.0000000000000075,0.6386677976546633,0.8486715001947529,0.023312561902203793
-0.15015,1.0000000000000004,0.6386967054552255,0.8483417977064073,0.02355345213881082
-0.14850000000000008,1.0000000000000018,0.6387252927740121,0.8480496967202985,0.023806324074861027
-0.14684999999999993,0.9999999999999953,0.6387535597620576,0.8477953426278174,0.024071518418913085
-0.1452,1.0000000000000042,0.6387815065686823,0.8475788690339785,0.024349398121719174
-0.14355000000000007,1.000000000000006,0.6388091333414628,0.8474003977746901,0.024640349397891004
-0.14189999999999992,1.0000000000000089,0.6388364402262728,0.8472600389240345,0.02494478283038674
-0.14024999999999999,0.9999999999999964,0.638863427367243,0.847157890791167,0.025263134563082136
-0.13860000000000006,1.0000000000000009,0.6388900949068097,0.8470940399068336,0.025595867587201313
-0.1369499999999999,0.9999999999999966,0.6389164429856663,0.8470685609991446,0.02594347312792634
-0.13529999999999998,1.0000000000000009,0.6389424717428078,0.8470815169586063,0.02630647213810443
-0.13365000000000005,0.9999999999999897,0.6389681813155,0.8471329587921355,0.026685416906609458
-0.1319999999999999,1.000000000000006,0.6389935718393192,0.847222925566068,0.027080892789622595
-0.13034999999999997,1.000000000000001,0.6390186434480977,0.8473514443378697,0.027493520073850645
-0.12870000000000004,1.0000000000000073,0.6390433962739914,0.8475185300766713,0.027923955981543607
-0.12704999999999989,0.9999999999999967,0.6390678304474235,0.8477241855723318,0.028372896828065035
-0.12539999999999996,1.0000000000000062,0.6390919460971362,0.8479684013331873,0.028841080343775857
-0.12375000000000003,0.9999999999999971,0.6391157433501424,0.8482511554722362,0.02932928817306203
-0.1221000000000001,1.0000000000000056,0.639139222331779,0.8485724135819395,0.029838348564535017
-0.12044999999999995,0.9999999999999972,0.6391623831656557,0.8489321285974458,0.030369139267724155
-0.11880000000000002,1.0000000000000036,0.6391852259737071,0.8493302406484351,0.030922590653015385
-0.11715000000000009,1.0000000000000029,0.6392077508761567,0.8497666768994657,0.031499689073149685
-0.11549999999999994,1.000000000000001,0.6392299579915363,0.8502413513790048,0.0321014804863175
-0.11385,1.0000000000000062,0.6392518474366847,0.8507541647971552,0.03272907436277577
-0.11220000000000008,0.9999999999999961,0.6392734193267433,0.8513050043521887,0.03338364789899288
-0.11054999999999993,0.9999999999999997,0.6392946737751748,0.8518937435260694,0.03406645056561758
-0.1089,0.9999999999999969,0.6393156108937383,0.8525202418690315,0.03477880901808585
-0.10725000000000007,0.9999999999999971,0.6393362307925112,0.8531843447734859,0.03552213240146589
-0.10559999999999992,0.9999999999999963,0.6393565335798874,0.8538858832373823,0.03629791808419627
-0.10394999999999999,1.0000000000000007,0.6393765193625701,0.8546246736173173,0.03710775785875977
-0.10230000000000006,1.0000000000000033,0.6393961882455825,0.8554005173716197,0.03795334465106634
-0.1006499999999999,0.999999999999997,0.6394155403322596,0.8562132007937228,0.03883647978443516
-0.09899999999999998,1.0,0.6394345757242677,0.8570624947361509,0.03975908084862318
-0.09735000000000005,0.9999999999999976,0.6394532945215806,0.857948154325442,0.040723190229373665
-0.0956999999999999,1.0000000000000056,0.6394716968225024,0.8588699186684821,0.04173098435952443
-0.09404999999999997,1.0000000000000038,0.639489782723654,0.8598275105505544,0.042784783758855284
-0.09240000000000004,0.9999999999999984,0.6395075523199825,0.8608206361257206,0.04388706393666604
-0.09074999999999989,0.9999999999999967,0.6395250057047661,0.8618489845998937,0.045040467238583994
-0.08909999999999996,1.0000000000000038,0.6395421429696069,0.8629122279072283,0.0462478157274246
-0.08745000000000003,0.9999999999999888,0.6395589642044205,0.8640100203804008,0.04751212519712382
-0.0858000000000001,0.9999999999999889,0.639575469497479,0.8651419984154037,0.048836620428932255
-0.08414999999999995,1.0000000000000042,0.6395916589353718,0.8663077801314786,0.05022475181029421
-0.08250000000000002,0.999999999999997,0.6396075326030037,0.8675069650269721,0.05168021344925857
-0.08085000000000009,1.0000000000000089,0.6396230905836408,0.8687391336318758,0.05320696293098092
-0.07919999999999994,0.9999999999999964,0.6396383329588546,0.8700038471577399,0.05480924287797725
-0.07755000000000001,1.0000000000000016,0.6396532598085793,0.8713006471460267,0.05649160449247693
-0.07590000000000008,0.9999999999999999,0.6396678712110647,0.8726290551155766,0.05825893327753114
-0.07424999999999993,1.000000000000007,0.6396821672429053,0.8739885722103703,0.06011647715367962
-0.0726,1.0000000000000056,0.6396961479790283,0.8753786788484074,0.06206987721003263
-0.07095000000000007,0.9999999999999961,0.6397098134927062,0.8767988343729228,0.0641252013527532
-0.06929999999999992,1.0000000000000024,0.6397231638555495,0.8782484767069387,0.06628898114018496
-0.06764999999999999,1.0,0.6397361991375063,0.8797270220124065,0.06856825212238034
-0.06600000000000006,0.9999999999999988,0.6397489194068694,0.8812338643551245,0.07097059803355657
-0.06434999999999991,1.0000000000000002,0.6397613247302738,0.8827683753767354,0.07350419921899685
-0.06269999999999998,0.9999999999999988,0.639773415172693,0.8843299039751262,0.07617788571303272
-0.06105000000000005,1.0000000000000022,0.6397851907974543,0.8859177759946442,0.07900119542173216
-0.0593999999999999,1.0000000000000007,0.6397966516662191,0.8875312939275554,0.08198443790231405
-0.05774999999999997,0.9999999999999987,0.6398077978390052,0.8891697366282774,0.08513876427053634
-0.05610000000000004,0.9999999999999902,0.6398186293741651,0.8908323590419056,0.08847624380629401
-0.05444999999999989,0.999999999999996,0.6398291463284163,0.8925183919486835,0.09200994786506944
-0.05279999999999996,0.9999999999999967,0.6398393487568045,0.8942270417260282,0.09575404173668936
-0.05115000000000003,1.0000000000000044,0.6398492367127404,0.8959574901298843,0.09972388512038301
-0.0495000000000001,1.0000000000000098,0.6398588102479731,0.897708894097078,0.1039361419026009
-0.04784999999999995,1.0000000000000122,0.639868069412605,0.8994803855705652,0.10840889992658341
-0.04620000000000002,1.0000000000000067,0.6398770142550914,0.9012710713493327,0.11316180142343542
-0.04455000000000009,1.0000000000000067,0.6398856448222418,0.9030800329648818,0.11821618472473507
-0.04289999999999994,0.9999999999999921,0.6398939611592065,0.9049063265861793,0.12359523778471422
-0.04125000000000001,1.0000000000000033,0.6399019633095114,0.9067489829550512,0.12932416389057627
-0.03960000000000008,1.0000000000000036,0.6399096513150102,0.9086070073539302,0.13543035971258283
-0.03794999999999993,1.000000000000005,0.6399170252159232,0.9104793796080403,0.1419436055153506
-0.0363,0.9999999999999994,0.639924085050821,0.9123650541239133,0.14889626688504684
-0.03465000000000007,1.000000000000002,0.6399308308566358,0.9142629599663518,0.15632350668125372
-0.03299999999999992,0.9999999999999984,0.6399372626686468,0.9161720009757445,0.16426350504279685
-0.03134999999999999,1.0000000000000004,0.6399433805204968,0.9180910559278772,0.17275768409533687
-0.02970000000000006,1.0000000000000007,0.6399491844441766,0.9200189787380897,0.18185093243894118
-0.02804999999999991,1.000000000000009,0.6399546744700435,0.9219545987118931,0.19159182242970585
-0.02639999999999998,0.9999999999999988,0.639959850626798,0.9238967208438603,0.20203281058047484
-0.02475000000000005,0.9999999999999908,0.6399647129415125,0.9258441261668459,0.2132304079349989
-0.0230999999999999,1.0000000000000027,0.6399692614396152,0.9277955721532376,0.22524530283275418
-0.02144999999999997,0.9999999999999962,0.6399734961448803,0.9297497931701421,0.23814241286760465
-0.01980000000000004,1.000000000000003,0.6399774170794561,0.9317055009902567,0.25199083582187176
-0.01814999999999989,0.9999999999999991,0.6399810242638345,0.9336613853599512,0.26686366069345496
-0.01649999999999996,0.9999999999999871,0.6399843177168757,0.9356161146262775,0.2828375894169051
-0.01485000000000003,1.0000000000000029,0.6399872974558096,0.9375683364242652,0.2999923073724077
-0.0132000000000001,1.000000000000002,0.6399899634961992,0.9395166784258362,0.31840952629486957
-0.01154999999999995,1.0000000000000073,0.6399923158519898,0.9414597491516885,0.33817160702876586
-0.00990000000000002,1.0000000000000036,0.6399943545354708,0.9433961388470296,0.359359652463703
-0.00825000000000009,0.999999999999996,0.6399960795573044,0.9453244204222672,0.38205094437121456
-0.006599999999999939,1.000000000000008,0.6399974909265149,0.9472431504593211,0.40631558420671304
-0.00495000000000001,0.9999999999999993,0.6399985886504671,0.9491508702841316,0.43221219112093484
-0.0033000000000000806,0.9999999999999958,0.6399993727349064,0.9510461071058797,0.4597825161607928
-0.0016499999999999293,0.999999999999999,0.6399998431839317,0.9529273752229634,0.48904485784608415
0.0,1.0,0.64,0.9547931772958267,0.519986221204308
0.0016499999999999293,0.999999999999999,0.6399998431839312,0.9566420056863622,0.5525532619923808
0.0033000000000000806,0.9999999999999958,0.639999372734906,0.9584723438634288,0.5866422126655765
0.00495000000000001,0.9999999999999993,0.639998588650467,0.960282667873744,0.6220882064407255
0.006599999999999939,1.000000000000008,0.6399974909265153,0.9620714478772069,0.6586547025397892
0.00825000000000009,0.999999999999996,0.6399960795573051,0.9638371497453944,0.6960240563230745
0.00990000000000002,1.0000000000000036,0.6399943545354713,0.9655782367217675,0.7337906357392606
0.01154999999999995,1.0000000000000073,0.6399923158519891,0.9672931711417054,0.771458192270659
0.0132000000000001,1.000000000000002,0.6399899634961986,0.9689804162104267,0.8084433491523484
0.01485000000000003,1.0000000000000029,0.6399872974558094,0.9706384378363547,0.8440869479436579
0.01649999999999996,0.9999999999999871,0.639984317716876,0.9722657065172802,0.8776744774589611
0.01815000000000011,1.0000000000000007,0.6399810242638344,0.9738606992764481,0.9084658295877448
0.01980000000000004,1.000000000000003,0.6399774170794555,0.9754219016452049,0.9357332262580443
0.02145000000000019,0.999999999999996,0.6399734961448801,0.9769478096888502,0.9588045345960907
0.0230999999999999,1.0000000000000027,0.6399692614396156,0.9784369320717313,0.9771076786930966
0.02475000000000005,0.9999999999999908,0.6399647129415137,0.9798877921575175,0.9902108938769486
0.0264000000000002,0.9999999999999983,0.6399598506267976,0.98129893014037,0.9978535276943254
0.02804999999999991,1.000000000000009,0.6399546744700458,0.9826689052021793,0.9999631367973787
0.02970000000000006,1.0000000000000007,0.6399491844441776,0.9839962976911524,0.9966566142287226
0.03135000000000021,1.0000000000000007,0.6399433805204959,0.9852797113165139,0.9882255618197622
0.03299999999999992,0.9999999999999984,0.6399372626686465,0.986517775353896,0.9751084935866087
0.03465000000000007,1.000000000000002,0.6399308308566356,0.9877091468559481,0.9578541650365093
0.03630000000000022,0.9999999999999992,0.6399240850508199,0.9888525128622412,0.9370810496379925
0.03794999999999993,1.000000000000005,0.6399170252159235,0.9899465926026327,0.913437714546275
0.03960000000000008,1.0000000000000036,0.639909651315011,0.990990139687848,0.8875678289871526
0.04124999999999979,1.000000000000005,0.639901963309512,0.9919819442811417,0.8600821459701731
0.04289999999999994,0.9999999999999921,0.6398939611592062,0.9929208352445871,0.8315383964878958
0.04455000000000009,1.0000000000000067,0.6398856448222403,0.9938056822536746,0.802428884816757
0.0461999999999998,1.0000000000000058,0.6398770142550911,0.994635397873582,0.7731747963675982
0.04784999999999995,1.0000000000000122,0.6398680694126048,0.9954089395908199,0.7441258299775185
0.0495000000000001,1.0000000000000098,0.6398588102479726,0.9961253117935597,0.7155636746128637
0.05114999999999981,1.0000000000000036,0.6398492367127394,0.9967835676943351,0.6877079670220405
0.05279999999999996,0.9999999999999967,0.6398393487568053,0.9973828111886869,0.6607235963733377
0.05445000000000011,0.9999999999999963,0.6398291463284157,0.9979221986434712,0.6347284896086078
0.05609999999999982,0.9999999999999908,0.6398186293741647,0.9984009406087156,0.6098012679522807
0.05774999999999997,0.9999999999999987,0.6398077978390048,0.9988183034470927,0.5859883842496705
0.05940000000000012,1.0000000000000007,0.6397966516662185,0.9991736108751584,0.5633105228079519
0.06104999999999983,1.0000000000000018,0.6397851907974544,0.9994662454109655,0.5417681689423118
0.06269999999999998,0.9999999999999988,0.6397734151726931,0.9996956497226624,0.5213463407467245
0.06435000000000013,1.0000000000000016,0.6397613247302728,0.9998613278731895,0.5020185289941775
0.06599999999999984,0.999999999999999,0.6397489194068698,0.9999628464564154,0.48374992075313256
0.06764999999999999,1.0,0.6397361991375063,0.9999998356204338,0.4664999954265899
0.06930000000000014,1.0000000000000013,0.63972316385555,0.9999719899740628,0.4502245841641993
0.07094999999999985,0.9999999999999971,0.6397098134927048,0.9998790693731091,0.4348774792180059
0.0726,1.0000000000000056,0.6396961479790283,0.9997208995832602,0.42041167181993844
0.07425000000000015,1.000000000000007,0.6396821672429059,0.9994973728169224,0.4067802875801644
0.07589999999999986,0.9999999999999994,0.6396678712110637,0.9992084481419141,0.39393727852975424
0.07755000000000001,1.0000000000000016,0.6396532598085808,0.9988541517602076,0.3818379215231814
0.07920000000000016,0.9999999999999968,0.6396383329588557,0.9984345771554787,0.3704391641822957
0.08084999999999987,1.0000000000000087,0.63962309058364,0.9979498851087968,0.35969985207631283
0.08250000000000002,0.999999999999997,0.6396075326030037,0.9974003035821052,0.34958086442048614
0.08415000000000017,1.0000000000000058,0.639591658935372,0.9967861274698612,0.34004518018421614
0.08579999999999988,0.9999999999999878,0.6395754694974797,0.9961077182193953,0.3310578920290094
0.08745000000000003,0.9999999999999888,0.6395589642044202,0.9953655033214995,0.3225861818329866
0.08910000000000018,1.0000000000000049,0.6395421429696057,0.9945599756726761,0.3145992685835274
0.09074999999999989,0.9999999999999967,0.6395250057047651,0.9936916928114905,0.30706833702326725
0.09240000000000004,0.9999999999999984,0.6395075523199828,0.9927612760316169,0.29996645351747264
0.09405000000000019,1.0000000000000024,0.6394897827236533,0.9917694093746359,0.2932684740864874
0.0956999999999999,1.0000000000000056,0.6394716968225034,0.9907168385062659,0.2869509483418682
0.09735000000000005,0.9999999999999976,0.6394532945215805,0.9896043694799139,0.2809920221173974
0.0990000000000002,1.0000000000000016,0.639434575724268,0.9884328673919411,0.275371340845315
0.1006499999999999,0.999999999999997,0.6394155403322599,0.9872032549333353,0.27006995515207594
0.10230000000000006,1.0000000000000033,0.6393961882455818,0.9859165108429296,0.26507022970296507
0.10395000000000021,1.0000000000000002,0.6393765193625703,0.9845736682674274,0.2603557559833403
0.10559999999999992,0.9999999999999963,0.6393565335798868,0.9831758130340243,0.25591126944432885
0.10725000000000007,0.9999999999999971,0.6393362307925108,0.9817240818414006,0.2517225712448453
0.10890000000000022,0.9999999999999981,0.6393156108937389,0.980219660375303,0.24777645467581488
0.11054999999999993,0.9999999999999997,0.6392946737751755,0.9786637813549798,0.2440606362453945
0.11220000000000008,0.9999999999999961,0.6392734193267438,0.9770577225169321,0.2405636913270095
0.11384999999999978,1.0000000000000056,0.6392518474366848,0.9754028045425658,0.2372749942182499
0.11549999999999994,1.000000000000001,0.6392299579915359,0.9737003889363619,0.23418466242258848
0.11715000000000009,1.0000000000000029,0.6392077508761573,0.9719518758613908,0.23128350494339772
0.1187999999999998,1.0000000000000016,0.639185225973708,0.970158701938734,0.22856297436723302
0.12044999999999995,0.9999999999999972,0.6391623831656555,0.96832233801767,0.22601512250856257
0.1221000000000001,1.0000000000000056,0.6391392223317778,0.9664442869232496,0.2236325593887602
0.1237499999999998,0.9999999999999964,0.6391157433501419,0.9645260811877975,0.22140841532679717
0.12539999999999996,1.0000000000000062,0.6390919460971356,0.9625692807729729,0.21933630592653297
0.1270500000000001,0.999999999999998,0.6390678304474239,0.9605754707885806,0.21741029975474255
0.12869999999999981,1.0000000000000069,0.6390433962739908,0.9585462592145154,0.21562488851450742
0.13034999999999997,1.000000000000001,0.6390186434480974,0.956483274631704,0.2139749595296415
0.13200000000000012,1.0000000000000073,0.6389935718393187,0.9543881639680217,0.2124557703672339
0.13364999999999982,0.9999999999999885,0.6389681813154996,0.9522625902646399,0.21106292543663938
0.13529999999999998,1.0000000000000009,0.6389424717428083,0.9501082304683441,0.20979235441440935
0.13695000000000013,0.9999999999999976,0.6389164429856665,0.9479267732546943,0.20864029235529083
0.13859999999999983,0.9999999999999994,0.6388900949068086,0.9457199168871244,0.2076032613597349
0.14024999999999999,0.9999999999999964,0.6388634273672424,0.9434893671163377,0.20667805367798298
0.14190000000000014,1.0000000000000075,0.6388364402262727,0.9412368351243401,0.20586171614000243
0.14354999999999984,1.0000000000000036,0.6388091333414625,0.9389640355170478,0.2051515358090398
0.1452,1.0000000000000042,0.6387815065686816,0.9366726843691674,0.20454502676459407
0.14685000000000015,0.9999999999999966,0.6387535597620565,0.9343644973245866,0.20403991792795
0.14849999999999985,1.000000000000001,0.6387252927740128,0.9320411877554364,0.2036341418503277
0.15015,1.0000000000000004,0.6386967054552262,0.9297044649823867,0.20332582438997876
0.15180000000000016,1.000000000000007,0.6386677976546632,0.9273560325587152,0.20311327521042594
0.15344999999999986,1.000000000000012,0.6386385692195483,0.9249975866201255,0.20299497903734998
0.15510000000000002,1.0000000000000036,0.638609019995377,0.922630814302168,0.2029695876165685
0.15675000000000017,1.0000000000000007,0.6385791498259197,0.9202573922267285,0.2030359123200124
0.15839999999999987,1.0000000000000033,0.6385489585532034,0.9178789850587047,0.20319291735070177
0.16005000000000003,0.9999999999999993,0.6385184460175173,0.915497244133894,0.20343971350147358
0.16170000000000018,1.0000000000000036,0.638487612057414,0.9131138061586156,0.2037755524255866
0.16334999999999988,1.0000000000000044,0.6384564565096984,0.9107302919814625,0.2041998213804053
0.16500000000000004,1.0000000000000038,0.6384249792094371,0.9083483054373003,0.20471203840816987
0.1666500000000002,1.0000000000000004,0.6383931799899455,0.9059694322633403,0.2053118479203406
0.1682999999999999,1.0000000000000007,0.6383610586827959,0.9035952390869442,0.2059990166542849
0.16995000000000005,0.9999999999999969,0.6383286151178017,0.9012272724845548,0.20677342997307713
0.1716000000000002,1.0000000000000024,0.6382958491230327,0.8988670581109389,0.20763508848099818
0.1732499999999999,0.9999999999999993,0.638262760524793,0.8965160998977809,0.20858410492887688
0.17490000000000006,0.9999999999999947,0.6382293491476341,0.8941758793204512,0.2096207013848563
0.1765500000000002,1.0000000000000069,0.6381956148143523,0.8918478547315901,0.21074520664733026
0.17819999999999991,1.000000000000004,0.6381615573459694,0.8895334607600167,0.2119580538778619
0.17985000000000007,0.9999999999999987,0.638127176561747,0.887234107773394,0.2132597784327717
0.18150000000000022,1.000000000000006,0.6380924722791926,0.8849511814028143,0.21465101587276242
0.18314999999999992,0.9999999999999979,0.6380574443140182,0.8826860421274537,0.21613250013054386
0.18480000000000008,1.0000000000000093,0.6380220924801908,0.880440024917399,0.21770506181685328
0.18645000000000023,1.0000000000000009,0.6379864165898772,0.8782144389324629,0.21936962664548262
0.18809999999999993,1.0000000000000069,0.6379504164534893,0.8760105672749886,0.22112721395817012
0.18975000000000009,0.9999999999999963,0.6379140918796387,0.8738296667942952,0.22297893533012628
0.1913999999999998,1.0000000000000016,0.6378774426751779,0.8716729679406777,0.22492599323694315
0.19304999999999994,0.9999999999999983,0.6378404686451528,0.8695416746664815,0.22696967976333154
0.1947000000000001,1.0000000000000095,0.6378031695928369,0.8674369643720733,0.22911137533382847
0.1963499999999998,1.0000000000000009,0.6377655453196958,0.8653599878942287,0.23135254744508713
0.19799999999999995,1.000000000000001,0.6377275956254234,0.8633118695346789,0.2336947493788368
0.1996500000000001,1.000000000000003,0.6376893203079071,0.8612937071262875,0.23613961887380086
0.2012999999999998,1.0000000000000044,0.6376507191632342,0.8593065721346191,0.23868887673413447
0.20294999999999996,1.00000000000001,0.637611791985697,0.8573515097924124,0.241344325350945
0.20460000000000012,0.9999999999999917,0.637572538567771,0.8554295392646563,0.2441078471124425
0.20624999999999982,0.9999999999999946,0.6375329587001499,0.8535416538419136,0.24698140267715
0.20789999999999997,1.0000000000000036,0.637493052171701,0.8516888211595062,0.24996702908330684
0.20955000000000013,0.9999999999999857,0.6374528187694641,0.8498719834403516,0.25306683766633425
0.21119999999999983,1.0000000000000069,0.6374122582787074,0.8480920577592113,0.2562830117547896
0.21284999999999998,0.9999999999999937,0.6373713704828334,0.8463499363259163,0.2596178041136965
0.21450000000000014,0.9999999999999887,0.6373301551634538,0.8446464867857477,0.2630735341026917
0.21614999999999984,1.0000000000000002,0.6372886121003544,0.8429825525344484,0.26665258451469065
0.2178,0.9999999999999991,0.6372467410714764,0.8413589530460215,0.27035739805922543
0.21945000000000014,0.9999999999999957,0.6372045418529465,0.8397764842112198,0.27419047345289516
0.22109999999999985,1.0000000000000089,0.6371620142190626,0.8382359186846273,0.2781543610777106
0.22275,1.0000000000000058,0.637119157942265,0.8367380062384806,0.28225165816648123
0.22440000000000015,1.000000000000003,0.637075972793178,0.835283474121329,0.2864850034728242
0.22604999999999986,1.000000000000001,0.6370324585405703,0.8338730274195928,0.290857071381856
0.2277,1.0000000000000024,0.6369886149513735,0.8325073494203272,0.29537056541631396
0.22935000000000016,0.9999999999999972,0.6369444417906641,0.8311871019733721,0.3000282110916068
0.23099999999999987,1.0000000000000036,0.6368999388216753,0.8299129258512369,0.304832748072413
0.23265000000000002,0.9999999999999979,0.6368551058057715,0.8286854411050091,0.3097869215826882
0.23430000000000017,1.0000000000000042,0.6368099425024791,0.8275052474147868,0.3148934730206484
0.23594999999999988,1.0000000000000036,0.6367644486694443,0.8263729244329538,0.32015512973036553
0.23760000000000003,1.0000000000000042,0.6367186240624579,0.8252890321189486,0.32557459388219123
0.23925000000000018,0.9999999999999938,0.6366724684354392,0.8242541110638952,0.3311545304153179
0.2408999999999999,0.9999999999999953,0.6366259815404467,0.8232686828038519,0.33689755399765825
0.24255000000000004,1.0000000000000089,0.6365791631276551,0.8223332501201652,0.34280621496074876
0.2442000000000002,1.0000000000000038,0.6365320129453544,0.8214482973256756,0.34888298417082064
0.2458499999999999,1.000000000000002,0.6364845307399671,0.8206142905355018,0.3551302368016275
0.24750000000000005,0.9999999999999927,0.6364367162560229,0.8198316779210529,0.36155023498006694
0.2491500000000002,0.9999999999999921,0.6363885692361695,0.8191008899461711,0.3681451092823694
0.2507999999999999,1.0000000000000002,0.6363400894211589,0.818422339584125,0.3749168390666474
0.25245000000000006,0.9999999999999946,0.6362912765498424,0.8177964225143493,0.3818672316370451
0.2541000000000002,0.9999999999999951,0.6362421303591823,0.8172235172978448,0.38899790024574216
0.2557499999999999,0.9999999999999948,0.6361926505842302,0.8167039855300567,0.39631024095168177
0.2574000000000001,1.000000000000005,0.6361428369581421,0.8162381719702837,0.4038054083693398
0.2590500000000002,1.0000000000000044,0.6360926892121489,0.8158264046464718,0.41148429035691547
0.26069999999999993,0.9999999999999989,0.6360422070755791,0.8154689949344963,0.4193474817114963
0.2623500000000001,0.9999999999999982,0.6359913902758424,0.8151662376108811,0.427395256958536
0.2639999999999998,1.0000000000000098,0.6359402385384304,0.8149184108779901,0.4356275423447574
0.26564999999999994,0.9999999999999891,0.6358887515868946,0.8147257763607952,0.44404388716716436
0.2673000000000001,0.999999999999997,0.6358369291428848,0.8145885790743387,0.45264343459601886
0.2689499999999998,1.0000000000000016,0.6357847709260984,0.8145070473608561,0.461424892176306
0.27059999999999995,1.0000000000000038,0.6357322766542982,0.8144813927958761,0.4703865022203211
0.2722500000000001,1.0000000000000024,0.6356794460433125,0.8145118100623218,0.47952601233275227
0.2738999999999998,1.0000000000000049,0.6356262788070265,0.8145984767918519,0.48884064633935553
0.27554999999999996,0.9999999999999968,0.6355727746573686,0.8147415533725912,0.49832707591972536
0.2772000000000001,0.9999999999999989,0.6355189333043315,0.8149411827225207,0.5079813932739488
0.2788499999999998,0.9999999999999908,0.6354647544559359,0.8151974900277444,0.5177990851809299
0.28049999999999997,1.0000000000000042,0.635410237818257,0.8155105824449349,0.5277750088323875
0.2821500000000001,1.0000000000000049,0.6353553830953909,0.8158805487671718,0.5379033698500281
0.28379999999999983,0.9999999999999988,0.6353001899894742,0.8163074590526626,0.5481777029136131
0.28545,0.9999999999999959,0.6352446582006746,0.8167913642155309,0.5585908554430017
0.28710000000000013,0.9999999999999978,0.63518878742718,0.8173322955782009,0.5691349747874915
0.28874999999999984,0.9999999999999963,0.6351325773651946,0.8179302643847272,0.5798014993794988
0.2904,1.0000000000000022,0.635076027708947,0.8185852612746323,0.5905811543058741
0.29205000000000014,1.0000000000000013,0.6350191381506659,0.8192972557166819,0.6014639517379946
0.29369999999999985,0.9999999999999994,0.6349619083805957,0.8200661954022571,0.6124391966407734
0.29535,0.9999999999999997,0.6349043380869797,0.8208920055979078,0.6234954981493267
0.29700000000000015,0.9999999999999984,0.6348464269560571,0.8217745884567798,0.6346207869606091
0.29864999999999986,0.9999999999999989,0.6347881746720718,0.8227138222886983,0.6458023390349072
0.3003,0.9999999999999927,0.6347295809172431,0.8237095607887442,0.6570268058388595
0.30195000000000016,1.0000000000000007,0.6346706453717886,0.8247616322241952,0.6682802512877762
0.30359999999999987,0.9999999999999927,0.6346113677138927,0.8258698385798806,0.679548195461166
0.30525,1.0000000000000082,0.6345517476197343,0.8270339546620608,0.6908156650722234
0.3069000000000002,1.0000000000000044,0.6344917847634419,0.8282537271609489,0.7020672505709198
0.3085499999999999,1.0000000000000069,0.63443147881713,0.8295288736723454,0.7132871696533474
0.31020000000000003,1.0000000000000024,0.6343708294508672,0.8308590816786721,0.72445933683812
0.3118500000000002,1.000000000000009,0.6343098363326838,0.8322440074901257,0.7355674386574494
0.3134999999999999,1.000000000000007,0.6342484991285583,0.8336832751465552,0.7465950138976499
0.31515000000000004,0.9999999999999982,0.6341868175024217,0.835176475281074,0.7575255382145772
0.3168000000000002,1.0000000000000042,0.6341247911161528,0.8367231639463691,0.7683425123465467
0.3184499999999999,1.0000000000000022,0.634062419629562,0.8383228614049668,0.7790295530539002
0.32010000000000005,1.0000000000000044,0.6339997027004,0.8399750508849447,0.7895704858331156
0.3217500000000002,1.0000000000000053,0.633936639984344,0.8416791773026527,0.7999494383870372
0.3233999999999999,1.0000000000000056,0.6338732311349978,0.843434645954371,0.8101509337840472
0.32505000000000006,1.0,0.6338094758038834,0.8452408211789865,0.8201599822094734
0.3267000000000002,1.0000000000000093,0.6337453736404466,0.847097024994051,0.8299621702039839
0.3283499999999999,1.000000000000007,0.6336809242920287,0.8490025357078279,0.8395437462970317
0.33000000000000007,0.9999999999999929,0.6336161274038834,0.8509565865102693,0.8488917019789374
0.3316500000000002,1.0000000000000024,0.6335509826191777,0.8529583640461053,0.8579938470122885
0.33329999999999993,0.9999999999999918,0.6334854895789467,0.8550070069735062,0.8668388781614971
0.3349500000000001,1.0000000000000069,0.633419647922147,0.8571016045123157,0.8754164405164075
0.3365999999999998,0.9999999999999992,0.6333534572855907,0.8592411949857872,0.883717180699486
0.33824999999999994,1.0000000000000002,0.6332869173039889,0.8614247643606444,0.8917327913743095
0.3399000000000001,0.999999999999991,0.6332200276099211,0.863651244790113,0.8994560466111761
0.3415499999999998,0.9999999999999992,0.6331527878338465,0.8659195131653677,0.9068808278118893
0.34319999999999995,1.000000000000006,0.6330851976040723,0.8682283896809798,0.914002140044687
0.3448500000000001,0.999999999999995,0.6330172565467692,0.8705766364205015,0.9208161187896865
0.3464999999999998,1.0000000000000104,0.632948964285979,0.8729629559686206,0.9273200272403991
0.34814999999999996,1.0000000000000002,0.6328803204435609,0.8753859900567476,0.933512244444834
0.3498000000000001,1.0000000000000095,0.6328113246392518,0.8778443182495063,0.9393922446978032
0.3514499999999998,1.0000000000000053,0.6327419764906009,0.8803364566796346,0.9449605687105109
0.35309999999999997,0.9999999999999998,0.6326722756129977,0.8828608568396713,0.9502187871838058
0.3547500000000001,1.0000000000000004,0.6326022216196673,0.8854159044388882,0.955169457494282
0.35639999999999983,1.0000000000000047,0.6325318141216452,0.8879999183344826,0.9598160742682936
0.35805,1.0000000000000009,0.6324610527277831,0.8906111495464376,0.9641630146662887
0.35970000000000013,1.0000000000000044,0.6323899370447521,0.8932477803658663,0.9682154792294686
0.36134999999999984,1.000000000000003,0.6323184666770177,0.89590792356692,0.9719794291527202
0.363,0.9999999999999963,0.6322466412268509,0.8985896217328373,0.9754615208437023
0.36465000000000014,1.0000000000000024,0.6321744602943158,0.9012908467069346,0.9786690386083556
0.36629999999999985,0.9999999999999978,0.6321019234772616,0.9040094991796309,0.9816098262706935
0.36795,0.9999999999999913,0.6320290303713199,0.9067434084229411,0.9842922184903882
0.36960000000000015,1.0000000000000075,0.6319557805699049,0.9094903321839429,0.9867249724881272
0.37124999999999986,1.0000000000000036,0.6318821736641872,0.9122479567489561,0.9889172008274871
0.3729,1.0000000000000038,0.6318082092431138,0.9150138971903675,0.9908783058357434
0.37455000000000016,1.0000000000000007,0.6317338868933875,0.9177856978078307,0.9926179161756005
0.37619999999999987,0.999999999999993,0.631659206199459,0.9205608327758059,0.9941458260085336
0.37785,0.9999999999999956,0.6315841667435372,0.923336707009138,0.9954719371181934
0.37950000000000017,0.9999999999999994,0.6315087681055612,0.9261106572582254,0.996606204292211
0.3811499999999999,1.000000000000002,0.6314330098632036,0.9288799534450982,0.9975585841927297
0.38280000000000003,0.9999999999999929,0.6313568915918695,0.9316418002513304,0.9983389878820145
0.3844500000000002,0.9999999999999974,0.6312804128646952,0.9343933389682156,0.998957237109581
0.3860999999999999,1.000000000000001,0.6312035732525163,0.937131649619099,0.9994230244126995
0.38775000000000004,1.0000000000000036,0.6311263723238885,0.9398537533631255,0.9997458770329513
0.3894000000000002,1.0000000000000067,0.6310488096450702,0.9425566151887316,0.9999351246077192
0.3910499999999999,0.9999999999999977,0.6309708847800113,0.9452371469044591,0.9999998705577916
0.39270000000000005,1.0000000000000087,0.6308925972903691,0.9478922104335022,0.9999489670598932
0.3943500000000002,0.9999999999999989,0.6308139467354632,0.9505186214172737,0.999790993466239
0.3959999999999999,1.0000000000000022,0.6307349326723105,0.953113153132117,0.9995342380116494
0.39765000000000006,1.0000000000000084,0.6306555546555938,0.955672540721627,0.9991866826318874
0.3993000000000002,1.0000000000000082,0.630575812237654,0.9581934857457761,0.998755990704782
0.4009499999999999,0.9999999999999986,0.6304957049684978,0.960672661046272,0.998249497517343
0.40260000000000007,0.9999999999999968,0.6304152323957877,0.963106715925783,0.9976742032574334
0.4042500000000002,1.0000000000000004,0.6303343940648295,0.9654922816368661,0.9970367683271455
0.4058999999999999,0.9999999999999992,0.630253189518564,0.9678259771744455,0.9963435107761909
0.4075500000000001,0.9999999999999921,0.6301716182975656,0.9701044153636603,0.9956004056572672
0.4091999999999998,1.0000000000000058,0.630089679940046,0.9723242092326698,0.9948130861106708
0.41084999999999994,0.9999999999999933,0.6300073739818113,0.9744819786578836,0.9939868459925275
0.4125000000000001,1.000000000000007,0.6299246999563126,0.9765743572669453,0.9931266438693234
0.4141499999999998,1.000000000000003,0.6298416573945762,0.978597999582175,0.9922371082101787
0.41579999999999995,1.0000000000000013,0.6297582458252418,0.9805495883853356,0.991322543618569
0.4174500000000001,0.9999999999999962,0.6296744647745411,0.9824258422819382,0.990386937954824
0.4190999999999998,0.9999999999999988,0.6295903137662907,0.9842235234412201,0.989433970211509
0.42074999999999996,0.9999999999999941,0.6295057923218782,0.9859394454856906,0.9884670190138395
0.4224000000000001,1.0000000000000033,0.6294208999602735,0.987570481502052,0.9874891716277265
0.4240499999999998,1.000000000000003,0.6293356361979915,0.9891135721431208,0.9865032333679205
0.42569999999999997,0.9999999999999963,0.6292500005491214,0.9905657337887644,0.9855117373084543
0.4273500000000001,0.9999999999999999,0.629163992525296,0.9919240667317518,0.9845169542068117
0.4289999999999998,0.9999999999999959,0.6290776116356855,0.9931857633531469,0.9835209025619883
0.43065,0.999999999999998,0.6289908573870034,0.9943481162503865,0.9825253587350382
0.43230000000000013,0.9999999999999989,0.6289037292834814,0.9954085262799337,0.9815318670682872
0.43394999999999984,1.0000000000000082,0.6288162268268827,0.9963645104756981,0.9805417499468112
0.4356,1.0000000000000104,0.6287283495164684,0.9972137098035965,0.9795561177523595
0.43725000000000014,0.9999999999999993,0.6286400968490123,0.997953896712361,0.978575878666193
0.43889999999999985,1.0000000000000018,0.6285514683187944,0.9985829824406606,0.977601748282918
0.44055,1.0000000000000027,0.6284624634175743,0.9990990240407257,0.9766342590026206
0.44220000000000015,0.9999999999999939,0.6283730816345927,0.9995002310794854,0.9756737691734535
0.44384999999999986,1.0000000000000053,0.6282833224565816,0.9997849719789099,0.9747204719609975
0.4455,1.0000000000000058,0.6281931853677172,0.99995177995855,0.9737744039247096
0.44715000000000016,0.9999999999999963,0.6281026698496509,0.9999993585449966,0.9728354532854512
0.44879999999999987,0.9999999999999915,0.6280117753814847,0.999926586614582,0.9719033678710468
0.45045,0.999999999999998,0.6279205014397655,0.9997325229381053,0.9709777627300314
0.45210000000000017,1.000000000000002,0.62782884749847,0.9994164101987324,0.9700581274061953
0.4537499999999999,1.0000000000000064,0.6277368130290075,0.9989776784571163,0.9691438328690992
0.4554,1.0000000000000049,0.6276443975002054,0.998415948040668,0.9682341380978053
0.4570500000000002,1.0000000000000016,0.6275516003783078,0.9977310318373536,0.967328196317216
0.4586999999999999,1.0000000000000038,0.6274584211269656,0.996922936977813,0.9664250608881729
0.46035000000000004,0.9999999999999931,0.627364859207215,0.9959918658932093,0.9655236908542705
0.4620000000000002,1.000000000000005,0.6272709140774989,0.9949382167401761,0.9646229561499997
0.4636499999999999,1.0000000000000007,0.6271765851936166,0.9937625831878478,0.9637216424761467
0.46530000000000005,1.0000000000000013,0.6270818720087603,0.9924657535663326,0.9628184558502247
0.4669500000000002,0.9999999999999999,0.6269867739734762,0.9910487093795343,0.9619120268406577
0.4685999999999999,1.000000000000008,0.626891290535669,0.9895126231895812,0.9610009144951509
0.47025000000000006,0.9999999999999954,0.6267954211405804,0.9878588558837647,0.9600836099747815
0.4719000000000002,0.9999999999999963,0.6266991652308098,0.9860889533389777,0.9591585399067745
0.4735499999999999,0.9999999999999971,0.6266025222462754,0.9842046425020027,0.958224069470034
0.47520000000000007,1.0000000000000049,0.6265054916242164,0.9822078269079281,0.9572785052289501
0.4768500000000002,0.9999999999999978,0.6264080727991823,0.9801005816619395,0.9563200977320846
0.4784999999999999,0.9999999999999932,0.6263102652030355,0.9778851479130464,0.955347043893686
0.4801500000000001,1.0000000000000044,0.6262120682649358,0.9755639268510523,0.9543574891770883
0.4817999999999998,0.9999999999999988,0.6261134814113151,0.9731394732605533,0.9533495296003421
0.48344999999999994,1.000000000000004,0.6260145040659028,0.9706144886682442,0.9523212135856578
0.4851000000000001,0.9999999999999994,0.6259151356496803,0.9679918141213193,0.9512705436751835
0.4867499999999998,1.0000000000000107,0.6258153755809078,0.9652744226367516,0.9501954781370691
0.48839999999999995,1.0000000000000082,0.6257152232750772,0.9624654113621393,0.9490939324865356
0.4900500000000001,0.9999999999999976,0.6256146781449377,0.9595679934899636,0.9479637809480189
0.4916999999999998,0.999999999999998,0.6255137396004731,0.9565854899674424,0.9468028578850992
0.49334999999999996,0.9999999999999984,0.6254124070488825,0.9535213210444233,0.9456089592260561
0.4950000000000001,1.0000000000000007,0.625310679894588,0.9503789977017854,0.9443798439135442
0.4966499999999998,0.9999999999999994,0.6252085575392147,0.9471621130020611,0.9431132354076115
0.49829999999999997,1.0000000000000047,0.6251060393815862,0.943874333403572,0.9418068232717928
0.4999500000000001,0.9999999999999911,0.6250031248177078,0.9405193900780007,0.9404582648724186
0.5015999999999998,0.9999999999999957,0.6248998132407837,0.9371010702703731,0.9390651872215916
0.50325,1.0000000000000087,0.6247961040411657,0.9336232087384216,0.9376251889941151
0.5049000000000001,0.9999999999999963,0.6246919966063668,0.9300896793070244,0.9361358427487975
0.5065499999999998,0.9999999999999932,0.624587490321066,0.9265043865710714,0.9345946973839455
0.5082,0.9999999999999976,0.6244825845670713,0.9228712577780784,0.9329992808562676
0.5098500000000001,0.9999999999999989,0.624377278723324,0.9191942349197733,0.9313471031915893
0.5114999999999998,1.0000000000000038,0.6242715721658886,0.9154772670592372,0.9296356598145797
0.51315,1.0000000000000049,0.6241654642679383,0.9117243029179013,0.9278624352230869
0.5148000000000001,1.0000000000000029,0.6240589543997496,0.9079392837441469,0.9260249070310709
0.5164499999999999,1.0,0.6239520419286927,0.9041261364826396,0.9241205504017967
0.5181,1.0000000000000022,0.6238447262192207,0.9002887672610718,0.9221468428905544
0.5197500000000002,1.0000000000000098,0.6237370066328607,0.8964310552083496,0.9201012697133498
0.5213999999999999,1.0000000000000058,0.6236288825281922,0.8925568466158794,0.9179813294546769
0.52305,0.9999999999999997,0.6235203532608573,0.888669949451024,0.915784540224099
0.5247000000000002,0.9999999999999923,0.6234114181835405,0.8847741282295553,0.913508446267176
0.5263499999999999,1.0000000000000002,0.6233020766459554,0.8808730992515387,0.9111506250322432
0.528,1.0000000000000038,0.623192327994834,0.8769705262030277,0.908708694689659
0.5296500000000002,0.9999999999999951,0.623082171573923,0.8730700161237903,0.9061803220954034
0.5312999999999999,0.9999999999999956,0.6229716067239743,0.8691751157394068,0.9035632311854827
0.53295,1.0000000000000018,0.6228606327827263,0.8652893081541885,0.900855211782122
0.5346000000000002,1.000000000000003,0.6227492490848966,0.8614160098999031,0.8980541287870294
0.5362499999999999,0.9999999999999982,0.6226374549621733,0.8575585683334752,0.8951579317310884
0.5379,1.000000000000002,0.6225252497432097,0.8537202593757097,0.8921646646437293
0.5395500000000002,0.9999999999999981,0.622412632753598,0.8499042855816908,0.8890724761992557
0.5411999999999999,1.0000000000000016,0.6222996033158783,0.8461137745324661,0.8858796300912837
0.54285,0.9999999999999996,0.6221861607495085,0.842351777536644,0.8825845155804999
0.5445000000000002,1.0000000000000027,0.6220723043708722,0.838621268629777,0.879185658155222
0.5461499999999999,0.999999999999992,0.6219580334932483,0.8349251438585565,0.8756817302386278
0.5478000000000001,0.9999999999999957,0.621843347426821,0.8312662208365158,0.87207156187159
0.5494500000000002,0.999999999999996,0.6217282454786502,0.8276472385572029,0.8683541512951745
0.5510999999999999,0.9999999999999953,0.6216127269526692,0.8240708574507556,0.8645286753529665
0.5527500000000001,1.0000000000000002,0.6214967911496782,0.8205396596693083,0.8605944996298431
0.5543999999999998,1.0000000000000024,0.6213804373673183,0.817056149586733,0.856551188241182
0.5560499999999999,1.000000000000003,0.6212636649000769,0.8136227544980479,0.8523985131847017
0.5577000000000001,1.0000000000000009,0.6211464730392652,0.8102418255039624,0.8481364631662045
0.5593499999999998,0.9999999999999913,0.6210288610730105,0.8069156385660428,0.8437652518106264
0.5609999999999999,0.9999999999999916,0.6209108282862492,0.8036463957182673,0.8392853251710207
0.5626500000000001,0.9999999999999984,0.62079237396071,0.8004362264208906,0.8346973684502869
0.5642999999999998,1.0000000000000056,0.6206734973748972,0.7972871890429128,0.8300023118540336
0.56595,1.000000000000001,0.6205541978040819,0.7942012724596739,0.8252013354974469
0.5676000000000001,0.9999999999999946,0.6204344745203068,0.7911803977526157,0.8202958732948297
0.5692499999999998,0.999999999999997,0.6203143267923575,0.7882264199984463,0.815287615767262
0.5709,1.000000000000002,0.6201937538857453,0.7853411301355783,0.8101785117118364
0.5725500000000001,0.9999999999999953,0.6200727550627089,0.7825262568960129,0.8049707686848427
0.5741999999999998,0.9999999999999987,0.6199513295821991,0.7797834687913503,0.7996668522610071
0.57585,0.999999999999999,0.619829476699866,0.7771143761419868,0.7942694840416409
0.5775000000000001,1.0000000000000036,0.6197071956680431,0.7745205331391719,0.7887816383957513
0.5791499999999998,0.9999999999999996,0.6195844857357371,0.7720034399298547,0.7832065379300455
0.5808,0.9999999999999982,0.6194613461486215,0.7695645447148884,0.7775476476958455
0.5824500000000001,1.0000000000000042,0.6193377761490171,0.7672052458514323,0.7718086681533252
0.5840999999999998,0.9999999999999961,0.6192137749758759,0.7649268939509217,0.7659935269257993
0.58575,0.9999999999999964,0.6190893418647856,0.7627307939643642,0.7601063693889815
0.5874000000000001,0.9999999999999926,0.6189644760479391,0.7606182072470334,0.7541515481518225
0.5890499999999999,1.0000000000000036,0.6188391767541334,0.7585903535951168,0.748133611496928
0.5907,0.9999999999999927,0.6187134432087399,0.7566484132470691,0.7420572908588593
0.5923500000000002,0.9999999999999921,0.6185872746337238,0.7547935288429123,0.7359274874285262
0.5939999999999999,1.000000000000004,0.6184606702475991,0.753026807334782,0.7297492579801135
0.59565,0.9999999999999977,0.6183336292654218,0.7513493218425032,0.7235278000247383
0.5973000000000002,0.9999999999999962,0.618206150898798,0.7497621134480922,0.7172684364010793
0.5989499999999999,1.000000000000002,0.618078234355852,0.7482661929232216,0.7109765994179296
0.6006,0.9999999999999908,0.617949878841207,0.7468625423839856,0.7046578146672406
0.6022500000000002,1.0000000000000027,0.6178210835559996,0.7455521168673671,0.6983176846280997
0.6038999999999999,0.9999999999999976,0.6176918476978314,0.7443358458238379,0.6919618721825606
0.60555,1.000000000000007,0.6175621704607865,0.7432146345207777,0.6855960841635712
0.6072000000000002,1.0000000000000073,0.6174320510353956,0.7421893653511907,0.67922605505275
0.6088499999999999,1.0000000000000033,0.6173014886086369,0.7412608990424391,0.67285753094244
0.6105,1.0000000000000009,0.6171704823639158,0.7404300757594829,0.6664962538715312
0.6121500000000002,0.9999999999999974,0.6170390314810548,0.7396977160971929,0.6601479466388114
0.6137999999999999,0.9999999999999987,0.6169071351362766,0.7390646219561341,0.6538182981907168
0.61545,1.000000000000003,0.6167747925021905,0.7385315772961115,0.6475129496726524
0.6171000000000002,1.0,0.6166420027477769,0.738099348761604,0.6412374812247831
0.6187499999999999,0.9999999999999977,0.616508765038382,0.7377686861730601,0.634997399594165
0.6204000000000001,0.9999999999999944,0.6163750785356924,0.7375403228777203,0.6287981266258799
0.6220500000000002,1.0000000000000002,0.616240942397732,0.7374149759535152,0.6226449886862925
0.6236999999999999,0.9999999999999987,0.6161063557788332,0.7373933462591569,0.6165432070618527
0.6253500000000001,0.9999999999999964,0.6159713178296369,0.7374761183234192,0.6104978893674243
0.6270000000000002,1.0000000000000042,0.6158358276970767,0.7376639600660873,0.6045140219886108
0.6286499999999999,1.000000000000009,0.6156998845243511,0.7379575223428437,0.5985964635735155
0.6303000000000001,0.9999999999999964,0.6155634874509177,0.7383574383059405,0.5927499395807486
0.6319499999999998,0.9999999999999986,0.615426635612493,0.7388643225721224,0.5869790378822553
0.6335999999999999,1.0000000000000029,0.615289328141009,0.7394787701888048,0.5812882054119313
0.6352500000000001,0.9999999999999999,0.6151515641646206,0.740201355389209,0.5756817458442142
0.6368999999999998,0.9999999999999968,0.6150133428076774,0.7410326301266348,0.5701638182804014
0.63855,0.9999999999999958,0.614874663190722,0.7419731223776181,0.5647384369150652
0.6402000000000001,1.0000000000000036,0.6147355244304633,0.7430233342033455,0.5594094716501476
0.6418499999999998,0.9999999999999981,0.6145959256397615,0.7441837395582311,0.5541806496203041
0.6435,1.0000000000000002,0.6144558659276264,0.7454547818341449,0.549055557589856
0.6451500000000001,0.9999999999999999,0.6143153443991856,0.7468368711283707,0.5440376451791729
0.6467999999999998,1.0000000000000022,0.6141743601556761,0.74833038122306,0.5391302288765679
0.64845,1.000000000000003,0.6140329122944316,0.7499356462635167,0.5343364967906251
0.6501000000000001,1.0000000000000002,0.6138909999088626,0.7516529571224406,0.5296595140975101
0.6517499999999998,0.9999999999999984,0.6137486220884429,0.7534825574369743,0.5251022291378552
0.6534,1.0000000000000058,0.613605777918696,0.7554246393052341,0.5206674801185853
0.6550500000000001,1.000000000000004,0.6134624664811676,0.7574793386289551,0.5163580023762333
0.6566999999999998,0.999999999999996,0.6133186868534264,0.7596467300888594,0.5121764361599019
0.65835,1.0000000000000027,0.6131744381090417,0.7619268217395124,0.5081253348941286
0.6600000000000001,1.0000000000000049,0.6130297193175585,0.7643195492106541,0.5042071738842475
0.6616499999999998,1.0000000000000067,0.6128845295444916,0.7668247695025175,0.5004243594295765
0.6633,0.9999999999999938,0.6127388678513043,0.7694422543631277,0.49677923831262183
0.6649500000000002,0.9999999999999958,0.6125927332954034,0.7721716832364515,0.4932741076356734
0.6665999999999999,1.0000000000000089,0.6124461249301059,0.7750126357712591,0.4899112249793571
0.66825,0.9999999999999964,0.6122990418046194,0.7779645838819303,0.4866928188611519
0.6699000000000002,0.9999999999999976,0.6121514829640572,0.7810268833539447,0.4836210994753308
0.6715499999999999,1.0000000000000016,0.6120034474493867,0.7841987649886515,0.48069826969911117
0.6732,0.9999999999999991,0.6118549342974258,0.7874793252843754,0.47792653635346677
0.6748500000000002,0.9999999999999984,0.6117059425408294,0.7908675166533208,0.47530812171032655
0.6764999999999999,0.9999999999999986,0.6115564712080688,0.7943621371769904,0.47284527524127423
0.67815,1.0000000000000036,0.6114065193234164,0.7979618199063018,0.4705402856061105
0.6798000000000002,0.9999999999999966,0.6112560859069168,0.8016650217166421,0.46839549288275034
0.6814499999999999,1.0000000000000044,0.6111051699743965,0.805470011732767,0.46641330104286255
0.6831,1.0000000000000024,0.6109537705374111,0.8093748593434514,0.4645961906803665
0.6847500000000002,0.9999999999999941,0.6108018866032586,0.8133774218318176,0.46294673200249475
0.6863999999999999,0.9999999999999933,0.6106495171749426,0.8174753316535205,0.4614675980952371
0.68805,0.9999999999999954,0.6104966612511677,0.8216659834021346,0.46016157847699385
0.6897000000000002,0.9999999999999958,0.6103433178263071,0.8259465205089306,0.45903159295574836
0.6913499999999999,0.9999999999999953,0.6101894858903931,0.8303138217327112,0.4580807058061843
0.6930000000000001,1.0000000000000013,0.6100351644291067,0.8347644875046227,0.4573121402837526
0.6946500000000002,1.0000000000000042,0.6098803524237402,0.8392948262027919,0.45672929349270325
0.6962999999999999,0.9999999999999952,0.6097250488511918,0.8439008404423456,0.4563357516243847
0.6979500000000001,1.0000000000000038,0.6095692526839558,0.8485782134776395,0.4561353055805953
0.6996000000000002,0.9999999999999896,0.6094129628900757,0.8533222958253396,0.4561319669942171
0.7012499999999999,0.9999999999999962,0.6092561784331654,0.8581280922297556,0.4563299846558003
0.7029000000000001,0.9999999999999961,0.6090988982723458,0.8629902491042695,0.4567338613495623
0.7045499999999998,1.0000000000000036,0.6089411213622656,0.8679030425963402,0.4573483710957974
0.7061999999999999,1.0000000000000009,0.608782846653051,0.8728603674365952,0.4581785767878536
0.7078500000000001,1.0000000000000029,0.6086240730903146,0.8778557267460744,0.4592298482010878
0.7094999999999998,0.9999999999999959,0.6084647996151122,0.8828822229885941,0.46050788033735723
0.71115,1.0000000000000033,0.608305025163942,0.8879325502679487,0.4620187120517476
0.7128000000000001,0.9999999999999991,0.6081447486687102,0.8929989881812612,0.4637687448872405
0.7144499999999998,0.9999999999999996,0.607983969056721,0.8980733974506828,0.4657647620175873
0.7161,1.000000000000002,0.6078226852506584,0.9031472175645784,0.46801394716750466
0.7177500000000001,1.0000000000000033,0.6076608961685581,0.9082114666667531,0.4705239033417611
0.7193999999999998,1.0000000000000022,0.6074986007237889,0.9132567439372246,0.4733026711493425
0.72105,0.9999999999999983,0.6073357978250449,0.9182732347102042,0.4763587464543116
0.7227000000000001,0.9999999999999967,0.6071724863763092,0.9232507185738493,0.47970109701960495
0.7243499999999998,0.9999999999999973,0.6070086652768447,0.928178580691745,0.48333917773184154
0.726,1.0000000000000018,0.606844333421167,0.9330458265768694,0.4872829439020644
0.7276500000000001,1.000000000000003,0.6066794896990307,0.9378411005353534,0.4915428620264834
0.7292999999999998,1.0000000000000056,0.6065141329954018,0.9425527079785606,0.49612991726008837
0.73095,1.0000000000000004,0.6063482621904402,0.9471686417778468,0.5010556167006103
0.7326000000000001,1.0000000000000002,0.6061818761594836,0.9516766128064043,0.5063319873973833
0.7342499999999998,0.9999999999999933,0.606014973773017,0.9560640847768207,0.5119715677847316
0.7359,0.9999999999999943,0.6058475538966621,0.9603183134408453,0.5179873909878842
0.7375500000000001,1.0000000000000024,0.6056796153911488,0.9644263901700274,0.5243929581562091
0.7391999999999999,0.999999999999997,0.6055111571122891,0.9683752898819042,0.5312021996384638
0.74085,1.0000000000000033,0.605342177910974,0.9721519232173137,0.5384294214222584
0.7425000000000002,0.9999999999999998,0.6051726766331322,0.9757431928099343,0.546089233810043
0.7441499999999999,1.0000000000000027,0.6050026521197216,0.9791360534210692,0.5541964587921375
0.7458,1.000000000000001,0.6048321032066993,0.9823175756409518,0.5627660120001506
0.7474500000000002,0.9999999999999988,0.6046610287250045,0.9852750127844294,0.5718127544808635
0.7490999999999999,0.9999999999999993,0.6044894275005389,0.9879958705346393,0.5813513088232772
0.75075,1.000000000000003,0.6043172983541337,0.9904679788150834,0.5913958334076305
0.7524000000000002,0.9999999999999897,0.6041446401015346,0.9926795652999045,0.6019597477392572
0.7540499999999999,1.0000000000000022,0.6039714515533937,0.994619329905974,0.61305540100729
0.7557,0.9999999999999944,0.6037977315152071,0.9962765195505104,0.6246936752065216
0.7573500000000002,1.0000000000000033,0.6036234787873439,0.9976410024066429,0.6368835134379797
0.7589999999999999,0.9999999999999964,0.6034486921649734,0.9987033408474479,0.6496313634399458
0.76065,1.0000000000000013,0.6032733704380846,0.9994548622398632,0.6629405261083287
0.7623000000000002,1.0000000000000036,0.603097512391434,0.9998877267333198,0.6768103988909738
0.7639499999999999,0.9999999999999969,0.6029211168045296,0.9999949911867538,0.6912356046787849
0.7656000000000001,1.0000000000000042,0.6027441824516255,0.9997706683918813,0.7062049984104376
0.7672500000000002,1.0000000000000047,0.602566708101665,0.9992097807812154,0.7217005463568679
0.7688999999999999,0.9999999999999949,0.6023886925182835,0.998308407856658,0.7376960773108682
0.7705500000000001,1.0,0.6022101344597856,0.997063726637887,0.7541559110753419
0.7722000000000002,0.9999999999999986,0.6020310326790962,0.9954740445087962,0.7710333781476848
0.7738499999999999,1.000000000000001,0.6018513859237619,0.9935388239337231,0.788269255748505
0.7755000000000001,0.9999999999999998,0.6016711929359124,0.9912586986210087,0.805790159673945
0.7771499999999998,0.9999999999999961,0.6014904524522455,0.9886354808281588,0.8235069490239729
0.7787999999999999,0.9999999999999949,0.6013091632039966,0.9856721596272587,0.8413132215328329
0.7804500000000001,1.000000000000006,0.6011273239169174,0.9823728900793689,0.8590840003939265
0.7820999999999998,1.0000000000000082,0.6009449333112419,0.9787429733986446,0.8766747378671021
0.78375,0.9999999999999951,0.6007619901016689,0.9747888283186525,0.8939207844723625
0.7854000000000001,1.000000000000003,0.6005784929973526,0.9705179540008201,0.9106374921105602
0.7870499999999998,1.000000000000003,0.6003944407018453,0.9659388849459273,0.9266211308796171
0.7887,1.000000000000002,0.6002098319130936,0.9610611384810677,0.9416507976705334
0.7903500000000001,0.9999999999999971,0.6000246653234039,0.9558951554937891,0.9554914743964541
0.7919999999999998,0.999999999999999,0.59983893961943,0.9504522351704198,0.9678983498659441
0.79365,1.0000000000000044,0.5996526534821298,0.9447444645652912,0.9786224483370913
0.7953000000000001,1.0000000000000016,0.5994658055867444,0.938784643880212,0.9874175091597769
0.7969499999999998,0.9999999999999978,0.5992783946027818,0.9325862083686958,0.994047939584847
0.7986,1.0000000000000082,0.5990904191939823,0.9261631477968923,0.9982975263348701
0.8002500000000001,0.9999999999999959,0.5989018780182833,0.9195299243932017,0.9999784562383024
0.8018999999999998,0.999999999999996,0.5987127697278193,0.9127013902021914,0.9989400821239988
0.80355,1.0000000000000029,0.5985230929688675,0.9056927047262812,0.9950767991250776
0.8052000000000001,0.9999999999999976,0.5983328463818283,0.8985192536932634,0.988334388106228
0.8068499999999998,0.9999999999999979,0.5981420286012131,0.8911965697298136,0.9787142495068086
0.8085,0.999999999999995,0.5979506382555939,0.8837402556533613,0.9662750935133424
0.8101500000000001,1.0000000000000004,0.5977586739675977,0.8761659110193614,0.9511318585961909
0.8117999999999999,1.0,0.597566134353859,0.8684890624793092,0.9334518748401343
0.81345,1.0000000000000042,0.5973730180250086,0.8607250984202938,0.9134485374444082
0.8151000000000002,0.9999999999999993,0.5971793235856329,0.8528892082702026,0.8913729736687727
0.8167499999999999,0.9999999999999956,0.5969850496342569,0.8449963267668825,0.8675043432210605
0.8184,0.999999999999993,0.5967901947633083,0.8370610834053647,0.8421394889329077
0.8200500000000002,0.9999999999999986,0.596594757559094,0.8290977571972316,0.8155826473729592
0.8216999999999999,0.9999999999999986,0.5963987366017635,0.8211202368003926,0.7881358476100553
0.82335,0.9999999999999988,0.5962021304652868,0.8131419860081859,0.760090490889909
0.8250000000000002,0.9999999999999998,0.5960049377174278,0.8051760145236091,0.7317204398624393
0.8266499999999999,1.0000000000000002,0.5958071569197076,0.7972348538886277,0.7032767782066531
0.8283,1.0000000000000007,0.5956087866273819,0.7893305383902381,0.674984250491
0.8299500000000002,1.000000000000007,0.5954098253894067,0.7814745907241288,0.6470392713988442
0.8315999999999999,1.0000000000000067,0.5952102717484086,0.7736780121632727,0.6196093092013665
0.83325,0.9999999999999998,0.5950101242406576,0.7659512769528846,0.5928334004097849
0.8349000000000002,0.999999999999988,0.5948093813960371,0.7583043306336609,0.5668235362414987
0.8365499999999999,0.9999999999999947,0.5946080417380224,0.7507465919824204,0.5416666697970087
0.8382000000000001,0.999999999999992,0.594406103783624,0.7432869582520862,0.5174271178809736
0.8398500000000002,1.000000000000008,0.5942035660433859,0.7359338133912523,0.4941491659992858
0.8414999999999999,1.0000000000000013,0.5940004270213298,0.7286950389260225,0.4718597233137653
0.8431500000000001,1.000000000000002,0.5937966852149504,0.7215780271939448,0.4505709119022915
0.8448000000000002,1.0000000000000049,0.5935923391151655,0.7145896966295383,0.43028250874412294
0.8464499999999999,1.0000000000000056,0.5933873872062885,0.7077365088140721,0.41098418790960434
0.8481000000000001,1.0000000000000004,0.5931818279660009,0.7010244870170805,0.3926575339429365
0.8497499999999998,0.9999999999999978,0.592975659865316,0.694459235973887,0.375277815520425
0.8513999999999999,0.9999999999999988,0.5927688813685509,0.68804596266117,0.3588155216846614
0.8530500000000001,0.9999999999999981,0.5925614909332894,0.6817894978512568,0.34323767203847966
0.8546999999999998,1.0,0.5923534870103562,0.675694318244765,0.3285089180256848
0.85635,0.999999999999997,0.5921448680437753,0.6697645690000766,0.31459245558863747
0.8580000000000001,1.0000000000000018,0.5919356324707521,0.6640040864969983,0.30145077074653287
0.8596499999999998,1.0000000000000002,0.5917257787216208,0.6584164211899275,0.28904623954488595
0.8613,1.0000000000000075,0.5915153052198301,0.6530048604235816,0.27734160283707016
0.8629500000000001,0.9999999999999952,0.5913042103818889,0.6477724511007817,0.2663003348188971
0.8645999999999998,0.9999999999999998,0.5910924926173649,0.6427220221076452,0.25588692240483435
0.86625,0.9999999999999992,0.5908801503288158,0.6378562064159904,0.2460670705929725
0.8679000000000001,0.9999999999999991,0.5906671819117729,0.6331774627965039,0.23680784704066785
0.8695499999999998,1.0000000000000064,0.5904535857547134,0.6286880970883464,0.2280777772440785
0.8712,0.9999999999999957,0.5902393602390001,0.6243902829822822,0.21984690003068083
0.8728500000000001,1.0000000000000002,0.5900245037388852,0.6202860822844009,0.2120867915577316
0.8744999999999998,1.0,0.58980901462144,0.6163774646363129,0.20477056466906013
0.87615,1.0000000000000002,0.5895928912465388,0.6126663266756458,0.19787284929451512
0.8778000000000001,1.0000000000000029,0.5893761319668189,0.6091545106271768,0.19136975857045083
0.8794499999999998,0.9999999999999944,0.58915873512764,0.605843822320583,0.18523884450223183
0.8811,0.9999999999999992,0.5889406990670687,0.602736048635371,0.1794590462654255
0.8827500000000001,1.0000000000000064,0.5887220221158128,0.5998329743769483,0.1740106336350958
0.8843999999999999,1.0000000000000007,0.5885027025972013,0.5971363985904997,0.16887514752725286
0.88605,0.9999999999999938,0.5882827388271544,0.5946481503206931,0.16403533921870428
0.8877000000000002,0.9999999999999961,0.5880621291141407,0.5923701038259822,0.1594751094684049
0.8893499999999999,1.0000000000000018,0.587840871759128,0.5903041932557319,0.15517944848330298
0.891,1.0000000000000047,0.5876189650555653,0.5884524267972178,0.15113437744471894
0.8926500000000002,1.000000000000005,0.5873964072893344,0.5868169002970047,0.14732689212857636
0.8942999999999999,1.0000000000000036,0.5871731967387177,0.5853998103579833,0.14374490900696732
0.89595,1.0000000000000095,0.5869493316743609,0.5842034669087625,0.14037721410324944
0.8976000000000002,1.0000000000000064,0.5867248103592226,0.5832303052365876,0.13721341478277008
0.8992499999999999,0.9999999999999973,0.5864996310485523,0.5824828974680548,0.13424389459190844
0.9009,0.9999999999999994,0.5862737919898524,0.5819639634737331,0.13145977120580843
0.9025500000000002,1.0000000000000053,0.5860472914228209,0.5816763811631213,0.1288528575068007
0.9041999999999999,1.0000000000000042,0.5858201275793301,0.5816231961251501,0.1264156257885937
0.90585,0.999999999999999,0.5855922986833776,0.5818076305562832,0.124141175063855
0.9075000000000002,1.0000000000000002,0.5853638029510574,0.5822330914032791,0.12202320144314732
0.9091499999999999,1.0000000000000018,0.5851346385905082,0.5829031776302281,0.12005597154999013
0.9108,0.9999999999999944,0.5849048038018773,0.5838216864997622,0.11823429893919066
0.9124500000000002,1.0000000000000042,0.5846742967772925,0.5849926187355609,0.11655352349264649
0.9140999999999999,1.0000000000000036,0.5844431157007944,0.5864201824074213,0.11500949377809515
0.9157500000000001,1.0000000000000058,0.584211258748327,0.5881087953508983,0.11359855237143036
0.9174000000000002,1.0000000000000009,0.5839787240876716,0.5900630858999457,0.11231752416196321
0.9190499999999999,1.0000000000000013,0.5837455098784249,0.5922878916734052,0.11116370768245315
0.9207000000000001,0.9999999999999951,0.5835116142719423,0.5947882561133213,0.1101348695319055
0.9223499999999998,1.0000000000000022,0.5832770354113088,0.5975694224250127,0.10922924198939336
0.9239999999999999,0.9999999999999986,0.583041771431282,0.6006368245146607,0.10844552395184198
0.9256500000000001,1.0000000000000024,0.5828058204582669,0.6039960744595647,0.10778288536856029
0.9272999999999998,1.0000000000000002,0.5825691806102582,0.6076529459784088,0.10724097539090537
0.9289499999999999,1.0000000000000047,0.5823318499968105,0.6116133532936843,0.106819934508044
0.9306000000000001,1.0000000000000009,0.5820938267189827,0.6158833246949793,0.10652041100034705
0.9322499999999998,1.0000000000000042,0.581855108869309,0.6204689700202711,0.10634358211222063
0.9339,1.0000000000000022,0.5816156945317363,0.6253764411720544,0.1062911804278791
0.9355500000000001,1.0000000000000049,0.5813755817816005,0.6306118846766287,0.10636552602907763
0.9371999999999998,1.0000000000000056,0.581134768685569,0.6361813851782557,0.10656956512584245
0.93885,1.0000000000000009,0.5808932533015976,0.6420908986363013,0.10690691598326535
0.9405000000000001,0.9999999999999988,0.580651033678893,0.648346173864329,0.10738192312350887
0.9421499999999998,1.0000000000000027,0.5804081078578642,0.6549526609179224,0.10799972096748998
0.9438,0.9999999999999974,0.5801644738700673,0.6619154047061715,0.10876630830146762
0.9454500000000001,1.0000000000000056,0.5799201297381782,0.6692389220749082,0.10968863521759248
0.9470999999999998,0.9999999999999989,0.5796750734759257,0.6769270604947044,0.11077470449389372
0.94875,0.9999999999999972,0.579429303088069,0.6849828363916745,0.11203368975975404
0.9504000000000001,1.0000000000000009,0.5791828165703318,0.6934082510951454,0.11347607325201381
0.9520499999999998,0.9999999999999925,0.5789356119093568,0.7022040823577826,0.11511380652229222
0.9537,0.9999999999999966,0.5786876870826783,0.7113696494476337,0.11696049812974445
0.9553500000000001,1.0000000000000038,0.5784390400586501,0.7209025499394875,0.11903163317257044
0.9569999999999999,0.9999999999999996,0.5781896687964023,0.7307983665708276,0.12134483050975514
0.95865,1.000000000000002,0.5779395712458162,0.7410503429054187,0.12392014474317627
0.9603000000000002,1.000000000000003,0.5776887453474424,0.7516490271004607,0.12678042152056332
0.9619499999999999,1.0000000000000018,0.5774371890324771,0.7625818838409566,0.12995171654445645
0.9636,0.9999999999999997,0.5771849002227017,0.7738328755293977,0.13346379090747523
0.9652500000000002,1.0000000000000004,0.5769318768304377,0.7853820151454746,0.13735069811158007
0.9668999999999999,0.9999999999999979,0.576678116758492,0.7972048948624163,0.14165148147713083
0.96855,1.0000000000000009,0.5764236179001151,0.8092721965621766,0.14641100473110133
0.9702000000000002,1.0000000000000069,0.5761683781389431,0.8215491928592438,0.1516809435203808
0.9718499999999999,1.000000000000001,0.575912395348944,0.8339952501320833,0.1575209715653091
0.9735,0.9999999999999976,0.5756556673943849,0.8465633483541312,0.16400018226929367
0.9751500000000002,0.9999999999999989,0.5753981921297617,0.8591996361561689,0.1711987948853222
0.9767999999999999,1.0000000000000044,0.5751399673997547,0.8718430434309541,0.17921020371027988
0.97845,0.9999999999999971,0.5748809910391705,0.8844249777351442,0.1881434388250313
0.9801000000000002,1.0000000000000056,0.5746212608729113,0.896869134503423,0.19812611662470664
0.9817499999999999,0.9999999999999953,0.5743607747158832,0.9090914543291011,0.20930796570587168
0.9834,0.999999999999995,0.5740995303729899,0.9210002628613023,0.2218650145582326
0.9850500000000002,0.9999999999999949,0.5738375256390398,0.9324966297183012,0.23600451445700535
0.9866999999999999,0.9999999999999903,0.5735747582987114,0.9434749816622118,0.2519706304523384
0.9883500000000001,1.0000000000000016,0.5733112261265039,0.9538240015486603,0.27005084151821673
0.9900000000000002,0.9999999999999967,0.5730469268866576,0.963427837733148,0.29058280629923705
0.9916499999999999,1.0000000000000044,0.572781858333135,0.9721676382907937,0.31396110286910645
0.9933000000000001,0.9999999999999989,0.572516018209534,0.9799234104258385,0.3406426220247657
0.9949500000000002,0.9999999999999971,0.5722494042490498,0.9865761879849276,0.37114829499360397
0.9965999999999999,1.0000000000000062,0.5719820141744203,0.9920104696455428,0.40605698039680305
0.9982500000000001,0.9999999999999991,0.5717138456978484,0.9961168682206015,0.44598432514629943
0.9998999999999998,0.9999999999999967,0.5714448965209792,0.9987948891925655,0.491534811120843
1.00155,0.9999999999999948,0.5711751643348121,0.9999557360801388,0.5432088228082202
1.0032,1.0000000000000018,0.570904646819663,0.9995250238282859,0.6012393564311508
1.0048499999999998,0.9999999999999967,0.5706333416450914,0.997445271390561,0.6653289486529681
1.0065,0.9999999999999973,0.5703612464698607,0.9936780430345229,0.7342670525418589
1.00815,1.0000000000000018,0.5700883589418622,0.9882056159996059,0.8054518470947294
1.0097999999999998,0.9999999999999998,0.5698146766980626,0.9810320703879332,0.874444158175509
1.01145,0.9999999999999988,0.5695401973644513,0.972183724854668,0.9348453982092909
1.0131000000000001,1.0000000000000029,0.5692649185559707,0.9617088768972241,0.9789220837747061
1.0147499999999998,1.0000000000000049,0.5689888378764583,0.9496768464160207,0.9992613942775738
1.0164,1.0000000000000018,0.5687119529185874,0.9361763621395198,0.9911308813850568
1.0180500000000001,1.0000000000000027,0.5684342612638156,0.9213133686572699,0.9544105801422397
1.0196999999999998,0.9999999999999964,0.5681557604823013,0.9052083636610242,0.8938375649957074
1.02135,0.999999999999999,0.5678764481328672,0.887993397795706,0.8173275700933439
1.0230000000000001,1.0000000000000044,0.5675963217629165,0.8698088816151085,0.7334374753149469
1.0246499999999998,1.0000000000000013,0.5673153789083828,0.8508003451323202,0.6493351522245977
1.0263,0.9999999999999992,0.5670336170936635,0.831115286181595,0.569913034354438
1.0279500000000001,1.0000000000000038,0.5667510338315612,0.8109002260908071,0.4978611101446783
1.0295999999999998,1.0000000000000042,0.5664676266232078,0.7902980674799445,0.43420325334705817
1.03125,0.9999999999999952,0.5661833929580107,0.7694458220932829,0.37890166269356584
1.0329000000000002,1.0000000000000058,0.565898330313591,0.7484727490823437,0.3313421035858802
1.0345499999999999,1.0000000000000027,0.565612436155702,0.7274989183373496,0.29066029963178786
1.0362,1.0000000000000029,0.5653257079381789,0.7066341910035264,0.25593556063738554
1.0378500000000002,1.0000000000000038,0.5650381431028685,0.6859775912647955,0.226292777669814
1.0394999999999999,0.9999999999999941,0.5647497390795584,0.6656170302717526,0.2009480493190759
1.04115,1.0000000000000029,0.5644604932859187,0.6456293346592251,0.17922257282981896
1.0428000000000002,1.0000000000000053,0.5641704031274246,0.6260805279835543,0.1605402096084931
1.0444499999999999,1.0000000000000044,0.5638794659972919,0.607026312913017,0.14441766764245853
1.0461,0.9999999999999962,0.5635876792764106,0.588512704316091,0.13045216874763313
1.0477500000000002,1.0000000000000038,0.563295040333283,0.5705767676943272,0.11830906780480425
1.0493999999999999,1.0000000000000044,0.5630015465239321,0.5532474229492421,0.10771054696094721
1.05105,1.000000000000004,0.5627071951918571,0.5365462796200119,0.09842579080640079
1.0527000000000002,1.0,0.5624119836679468,0.5204884759764272,0.09026268816468419
1.05435,1.000000000000003,0.562115909270419,0.5050835003307953,0.08306094118635299
1.056,1.0000000000000084,0.5618189693047386,0.49033597839677445,0.07668640051383242
1.0576500000000002,0.9999999999999957,0.5615211610635504,0.4762464153293376,0.07102643494034926
1.0593,0.9999999999999942,0.5612224818266185,0.46281188516776034,0.06598615738020941
1.06095,1.0000000000000013,0.5609229288607339,0.45002666377278133,0.06148535151540333
1.0626000000000002,0.9999999999999976,0.5606224994196496,0.4378828040419361,0.0574559678911488
1.06425,1.000000000000005,0.5603211907440145,0.42637065427043025,0.053840081125836915
1.0659,0.9999999999999971,0.5600190000612812,0.41547932208059557,0.05058821995120576
1.0675500000000002,1.0000000000000022,0.559715924585656,0.40519708745535005,0.04765799870245684
1.0692,0.9999999999999957,0.5594119615179963,0.3955117691631325,0.045012992808095044
1.07085,0.9999999999999964,0.5591071080457615,0.38641104933078313,0.04262181214871398
1.0724999999999998,1.0000000000000018,0.5588013613429117,0.37788276117478203,0.040457335273167576
1.07415,0.9999999999999944,0.5584947185698428,0.3699151450001424,0.03849607477051384
1.0758,0.9999999999999896,0.5581871768733168,0.3624970775706639,0.03671764994106311
1.0774499999999998,0.9999999999999986,0.557878733386374,0.3556182798863924,0.035104347580045527
1.0791,1.000000000000003,0.5575693852282478,0.34926950830959536,0.033640755421799916
1.08075,1.000000000000001,0.5572591295043002,0.3434427338884125,0.0323134557842769
1.0823999999999998,0.9999999999999987,0.5569479633059343,0.338131314662211,0.031110769358249208
1.08405,1.0000000000000009,0.5566358837105175,0.3333301657159352,0.030022541026926017
1.0857,0.9999999999999968,0.5563228877812927,0.3290359318014201,0.029039961178575907
1.0873499999999998,0.9999999999999994,0.5560089725673145,0.32524716747965987,0.028155417266471302
1.089,0.9999999999999969,0.5556941351033421,0.3219645299779149,0.027362371440904604
1.0906500000000001,0.9999999999999992,0.5553783724097796,0.3191909903183622,0.026655260979392307
1.0922999999999998,1.0000000000000047,0.5550616814925833,0.3169320687824407,0.026029419017162898
1.09395,1.0000000000000069,0.5547440593431717,0.31519610145181365,0.025481013768391233
1.0956000000000001,0.9999999999999986,0.5544255029383517,0.3139945454413458,0.02500700506363967
1.0972499999999998,1.0,0.5541060092402371,0.3133423315447501,0.02460511764368442
1.0989,0.9999999999999999,0.5537855751961458,0.31325827438749193,0.024273831278811046
1.1005500000000001,0.9999999999999952,0.5534641977385267,0.31376555186583405,0.02401238846440626
1.1021999999999998,0.9999999999999963,0.5531418737848772,0.31489226768991163,0.02382082122487967
1.10385,0.9999999999999953,0.5528186002376417,0.3166721132845471,0.023699999498160526
1.1055000000000001,0.9999999999999953,0.5524943739841294,0.31914514816605094,0.02365170475168549
1.1071499999999999,1.0000000000000038,0.5521691918964395,0.32235872121235387,0.023678734007636516
1.1088,1.0000000000000058,0.5518430508313411,0.32636855893010724,0.02378504148554769
1.1104500000000002,1.0000000000000058,0.5515159476302182,0.33124005074725255,0.023975927828756637
1.1120999999999999,0.9999999999999912,0.5511878791189525,0.3370497651915536,0.024258290697762388
1.11375,0.9999999999999977,0.550858842107856,0.34388723390166065,0.024640955882141248
1.1154000000000002,1.0000000000000042,0.5505288333915549,0.3518570415498226,0.02513511575352395
1.1170499999999999,0.9999999999999984,0.5501978497489087,0.36108125678196845,0.02575491301403792
1.1187,0.9999999999999953,0.5498658879429205,0.37170222845371564,0.026518224108122147
1.1203500000000002,1.0000000000000027,0.5495329447206447,0.38388574634221284,0.027447721273243544
1.1219999999999999,0.9999999999999994,0.5491990168130729,0.39782451528878365,0.028572329757566656
1.12365,1.000000000000003,0.5488641009350704,0.41374179821788704,0.02992925514284724
1.1253000000000002,1.0000000000000042,0.548528193785248,0.43189491666123253,0.03156684846011317
1.12695,0.9999999999999931,0.5481912920458893,0.4525780083632875,0.0335487274149969
1.1286,1.000000000000002,0.54785339238285,0.47612295213257755,0.03595982277343204
1.1302500000000002,1.0000000000000002,0.5475144914454408,0.5028965594865913,0.038915447788975814
1.1319,0.9999999999999987,0.5471745858663531,0.5332908235269301,0.04257524424455518
1.13355,1.0000000000000027,0.5468336722615498,0.5677009721538246,0.047165235179161755
1.1352000000000002,0.9999999999999969,0.5464917472301568,0.6064830450760951,0.05301381538835453
1.13685,0.9999999999999992,0.5461488073543803,0.6498786117080151,0.06061262974059182
1.1385,0.9999999999999988,0.5458048491993877,0.6978896214252114,0.07072382650357263
1.1401500000000002,1.0000000000000038,0.5454598693132185,0.7500835168296434,0.08457794983941735
1.1418,1.0000000000000007,0.5451138642266696,0.8053136806398403,0.10425855846557315
1.14345,0.9999999999999949,0.544766830453203,0.8613652968259288,0.13349336324871516
1.1450999999999998,0.9999999999999984,0.5444187644888366,0.9145998545201304,0.17937479260478456
1.14675,1.0000000000000036,0.5440696628120351,0.959783494045102,0.25622505199046514
1.1484,0.999999999999997,0.5437195218835998,0.990408776899895,0.39351119341908336
1.1500499999999998,0.9999999999999952,0.5433683381465858,0.9998188734170496,0.6393215977261966
1.1517,1.0000000000000027,0.5430161080261683,0.9831120474649198,0.9490104512448088
1.15335,1.0000000000000047,0.5426628279295365,0.9391365739565275,0.9084832719860281
1.1549999999999998,0.9999999999999947,0.5423084942457992,0.8714030231341251,0.5539214852457103
1.15665,1.0000000000000018,0.5419531033458733,0.7871673549342765,0.3051015220078883
1.1583,1.0000000000000069,0.5415966515823525,0.69515007008462,0.17735292808248135
1.1599499999999998,0.9999999999999952,0.5412391352894133,0.603200055843228,0.11086098225843168
1.1616,1.0000000000000002,0.5408805507827078,0.5169339933367282,0.07370422104015044
1.1632500000000001,0.999999999999998,0.5405208943592307,0.43950921733000997,0.05144411242507682
1.1648999999999998,0.9999999999999972,0.54016016229722,0.3720983120673441,0.03730704908466938
1.16655,0.9999999999999982,0.539798350856038,0.3145707907109661,0.02789202311350793
1.1682000000000001,1.0000000000000049,0.5394354562760543,0.2660882547811512,0.021374308606304293
1.1698499999999998,1.000000000000002,0.5390714747785262,0.22551866061294254,0.016716247864471134
1.1715,0.9999999999999934,0.5387064025654876,0.1916832578527427,0.013297700567034413
1.1731500000000001,1.000000000000003,0.5383402358196351,0.16348378643870035,0.01073204506267983
1.1747999999999998,1.0000000000000002,0.5379729707041842,0.13995560268501567,0.008769380622401146
1.17645,1.0000000000000016,0.5376046033627808,0.12027979132848365,0.007243082208467704
1.1781000000000001,0.9999999999999931,0.5372351299193544,0.1037750391687462,0.006039018247042451
1.1797499999999999,1.0000000000000007,0.5368645464780175,0.08988115074704921,0.005077153342254149
1.1814,0.9999999999999982,0.5364928491229175,0.07814046631817904,0.004300189540355347
1.1830500000000002,0.9999999999999973,0.536120033918139,0.06818017822157695,0.003666348811150148
1.1846999999999999,1.0000000000000016,0.5357460969075636,0.059696765194330106,0.003144668287358252
1.18635,1.000000000000002,0.5353710341147422,0.052442857734161796,0.002711862671882614
1.1880000000000002,0.9999999999999967,0.5349948415427742,0.046216423115022665,0.002350188469872969
1.1896499999999999,1.000000000000008,0.5346175151741906,0.040851988471277814,0.0020459630379096256
1.1913,1.0000000000000049,0.5342390509707915,0.03621357720826303,0.001788520334257239
1.1929500000000002,0.9999999999999972,0.5338594448735539,0.03218904937146184,0.0015694632809328624
1.1945999999999999,0.9999999999999963,0.533478692802486,0.0286855750708723,0.0013821209764438385
1.19625,0.9999999999999959,0.533096790656488,0.02562601416550703,0.001221149563593086
1.1979000000000002,1.0,0.5327137343132291,0.02294601723207052,0.001082235262040005
1.19955,0.9999999999999932,0.5323295196290064,0.020591699297714927,0.0009618710048360868
1.2012,1.000000000000001,0.5319441424386256,0.018517768201671874,0.0008571867407506349
1.2028500000000002,1.0000000000000029,0.5315575985552424,0.016686014119921724,0.0007658193016008551
1.2045,1.0,0.5311698837702423,0.015064086500144151,0.00068581174112385
1.20615,0.9999999999999998,0.5307809938531,0.013624500255484104,0.0006155348388102836
1.2078000000000002,0.9999999999999974,0.5303909245512357,0.012343825343430242,0.0005536254238090338
1.20945,0.9999999999999999,0.5299996715898823,0.01120202348988894,0.000498937570521387
1.2111,0.9999999999999986,0.5296072306719312,0.010181903369534465,0.0004505037222295846
1.2127500000000002,0.9999999999999987,0.5292135974778086,0.009268671473341051,0.00040750352916331904
1.2144,1.0000000000000009,0.5288187676653171,0.008449560540523059,0.0003692387228502004
1.21605,0.9999999999999954,0.528422736869497,0.00771352108561833,0.00033511274476538336
1.2176999999999998,0.9999999999999963,0.5280255007024854,0.007050964430917107,0.00030461414285285957
1.21935,1.0000000000000042,0.5276270547533598,0.006453547929863799,0.0002773029717167928
1.221,0.9999999999999997,0.5272273945879924,0.005913994870420423,0.00025279960061247073
1.2226499999999998,1.000000000000004,0.5268265157489176,0.005425942980971638,0.00023077546176834132
1.2243,1.0000000000000064,0.526424413755153,0.00498381660464602,0.0002109453701693099
1.22595,1.0000000000000002,0.5260210841020713,0.004582718522649913,0.0001930611221228918
1.2275999999999998,1.0000000000000007,0.5256165222612438,0.004218338141474947,0.00017690613916162027
1.22925,1.0000000000000004,0.5252107236802773,0.0038868733501899303,0.00016229097014641946
1.2309,0.9999999999999961,0.5248036837826677,0.003584963831821861,0.00014904950084223184
1.2325499999999998,0.9999999999999959,0.5243953979676428,0.00330963400014858,0.00013703574900712263
1.2342,0.9999999999999958,0.5239858616100033,0.0030582440482019094,0.00012612114588464142
1.2358500000000001,0.9999999999999927,0.5235750700599634,0.0028284478517292106,0.00011619222322093927
1.2374999999999998,0.9999999999999978,0.5231630186429999,0.002618156681135305,0.0001071486395427413
1.23915,1.0000000000000016,0.5227497026596756,0.0024255078480266827,9.890149119853163e-05
1.2408000000000001,1.0000000000000075,0.5223351173854879,0.0022488375545721426,9.137186317757175e-05
1.2424499999999998,0.9999999999999983,0.5219192580707037,0.0020866573312209743,8.448958244275125e-05
1.2441,1.0000000000000033,0.5215021199401997,0.0019376335454733928,7.819214280501266e-05
1.2457500000000001,0.9999999999999999,0.5210836981932789,0.0018005695450652101,7.242377551266714e-05
1.2473999999999998,0.9999999999999929,0.5206639880035245,0.0016743900660968478,6.713464395239309e-05
1.24905,0.9999999999999986,0.5202429845186269,0.0015581275927118031,6.228014433716347e-05
1.2507000000000001,0.999999999999999,0.5198206828601895,0.0014509104018608028,5.7820297130502906e-05
1.2523499999999999,0.9999999999999968,0.5193970781235916,0.0013519520660708257,5.371921633905133e-05
1.254,0.9999999999999941,0.5189721653777957,0.0012605422202667197,4.9944645786549305e-05
1.2556500000000002,0.9999999999999997,0.5185459396651796,0.00117603842662518,4.646755313440097e-05
1.2572999999999999,0.9999999999999999,0.5181183960013543,0.0010978589950491119,4.3261773795697376e-05
1.25895,0.9999999999999934,0.5176895293749939,0.0010254766368510673,4.0303698048416545e-05
1.2606000000000002,1.0000000000000004,0.5172593347476612,0.0009584128462112654,3.757199562783121e-05
1.2622499999999999,1.0000000000000044,0.5168278070536146,0.0008962329184223533,3.504737289965276e-05
1.2639,0.9999999999999986,0.516394941199632,0.0008385415262511926,3.2712358409739226e-05
1.2655500000000002,0.9999999999999971,0.5159607320648394,0.0007849787862699837,3.055111319435101e-05
1.2671999999999999,0.9999999999999949,0.5155251745005098,0.0007352167560187902,2.8549262734429855e-05
1.26885,0.9999999999999879,0.5150882633298897,0.0006889563105897974,2.6693747862539925e-05
1.2705000000000002,1.000000000000004,0.5146499933480094,0.0006459243538643225,2.4972692293700777e-05
1.27215,1.0000000000000009,0.5142103593214818,0.0006058713253517772,2.3375284761332192e-05
1.2738,0.9999999999999977,0.5137693559883326,0.0005685689685130693,2.1891674005083758e-05
1.2754500000000002,1.000000000000004,0.5133269780577995,0.0005338083307120734,2.051287508519787e-05
1.2771,0.9999999999999986,0.5128832202101302,0.0005013979686282459,1.923068569405319e-05
1.27875,0.9999999999999908,0.512438077096404,0.00047116233616280323,1.803761130443559e-05
1.2804000000000002,1.0000000000000033,0.5119915433383271,0.0004429403346480985,1.692679813982645e-05
1.28205,1.0000000000000018,0.5115436135280235,0.00041658400758667874,1.5891973078066252e-05
1.2837,1.0000000000000029,0.5110942822278582,0.0003919573642522258,1.4927389708967197e-05
1.2853500000000002,1.0000000000000027,0.5106435439702177,0.0003689353183210555,1.402777986118555e-05
1.287,0.9999999999999983,0.5101913932573152,0.0003474027293085036,1.3188309996032648e-05
1.28865,1.0000000000000022,0.5097378245609901,0.00032725353598963235,1.2404541937612862e-05
1.2902999999999998,1.0000000000000033,0.5092828323224827,0.0003083899722146827,1.1672397471183528e-05
1.29195,1.0000000000000033,0.5088264109522521,0.0002907218566103385,1.0988126396230497e-05
1.2936,0.9999999999999936,0.5083685548297441,0.000274165948607754,1.0348277668508549e-05
1.2952499999999998,1.0000000000000004,0.5079092583032012,0.00025864536407374603,9.749673307105866e-06
1.2969,1.0000000000000053,0.5074485156894265,0.0002440890445578284,9.18938477927129e-06
1.29855,1.0000000000000016,0.5069863212735835,0.00023043127481777478,8.664711607966741e-06
1.3001999999999998,1.0000000000000036,0.5065226693089798,0.00021761124385987933,8.17316197542984e-06
1.30185,0.9999999999999972,0.5060575540168413,0.00020557264523776277,7.712435120982697e-06
1.3035,1.0000000000000058,0.5055909695861007,0.00019426331280313013,7.280405353331352e-06
1.3051499999999998,0.9999999999999974,0.5051229101731587,0.0001836348885001395,6.8751075170146804e-06
1.3068,1.0000000000000007,0.5046533699016853,0.00017364251914868124,6.49472376983318e-06
1.3084500000000001,0.9999999999999978,0.5041823428623728,0.00016424457947619098,6.137571543288056e-06
1.3100999999999998,1.0000000000000024,0.5037098231127195,0.00015540241893698356,5.802092571519462e-06
1.31175,0.9999999999999974,0.5032358046767886,0.0001470801301069499,5.486842886176149e-06
1.3134000000000001,1.0000000000000029,0.502760281544997,0.00013924433666342718,5.190483685260505e-06
1.3150499999999998,0.9999999999999964,0.5022832476738555,0.00013186399915787985,4.911772993416497e-06
1.3167,1.000000000000001,0.5018046969857596,0.00012491023696583147,4.649558039521815e-06
1.3183500000000001,1.000000000000007,0.5013246233687333,0.00011835616495670857,4.402768284925285e-06
1.3199999999999998,0.9999999999999982,0.5008430206761907,0.00011217674356759322,4.170409042335214e-06
1.32165,0.9999999999999976,0.5003598827267132,0.00010634864109166678,3.951555631317226e-06
1.3233000000000001,1.0000000000000016,0.49987520330378693,0.00010085010710582283,3.7453480216830745e-06
1.3249499999999999,1.0000000000000044,0.4993889761555582,9.566085606385885e-05,3.5509859208069295e-06
1.3266,0.9999999999999962,0.498901194994595,9.076196017324984e-05,3.3677242651660818e-06
1.3282500000000002,1.0000000000000016,0.498411853497639,8.613575075597228e-05,3.194869080223694e-06
1.3298999999999999,1.0000000000000064,0.4979209453053409,8.1765727367872e-05,3.0317736761925447e-06
1.33155,1.000000000000004,0.49742846402201485,7.763647401783933e-05,2.8778351502939137e-06
1.3332000000000002,0.9999999999999966,0.49693440321538435,7.373358188827135e-05,2.7324911688903793e-06
1.3348499999999999,0.9999999999999966,0.49643875641632035,7.00435780125237e-05,2.595217005353141e-06
1.3365,1.0000000000000007,0.49594151711858164,6.655385941405188e-05,2.4655228117613253e-06
1.3381500000000002,0.9999999999999951,0.4954426787785515,6.325263225627113e-05,2.3429511045469067e-06
1.3397999999999999,1.0000000000000018,0.49494223481497573,6.012885559214533e-05,2.227074446013153e-06
1.34145,0.9999999999999986,0.49444017860868905,5.7172189338733305e-05,2.1174933052929245e-06
1.3431000000000002,1.0000000000000016,0.4939365035023567,5.4372946134793335e-05,2.0138340837953624e-06
1.34475,1.0000000000000056,0.4934312028001896,5.172204676920246e-05,1.9157472915239143e-06
1.3464,1.0000000000000078,0.4929242697676799,4.921097889494144e-05,1.8229058618588373e-06
1.3480500000000002,0.9999999999999984,0.49241569763131754,4.6831758767879486e-05,1.7350035934929202e-06
1.3497,0.999999999999999,0.491905479578325,4.457689577179565e-05,1.651753709198585e-06
1.35135,0.9999999999999968,0.4913936087563558,4.243935951125379e-05,1.5728875220034392e-06
1.3530000000000002,1.0000000000000033,0.4908800782732281,4.0412549272367104e-05,1.498153200167162e-06
1.35465,1.0000000000000002,0.4903648811966269,3.849026566814812e-05,1.4273146230906224e-06
1.3563,0.9999999999999994,0.4898480105538245,3.6666684300376445e-05,1.3601503209601276e-06
1.3579500000000002,0.9999999999999983,0.4893294593313831,3.4936331283806e-05,1.296452491540971e-06
1.3596,0.999999999999999,0.4888092204748651,3.32940604911463e-05,1.2360260880882567e-06
1.36125,1.0000000000000033,0.48828728688853473,3.173503238879584e-05,1.1786879728485166e-06
1.3628999999999998,1.0000000000000024,0.4877636514350581,3.0254694343856512e-05,1.1242661310861359e-06
1.36455,1.000000000000003,0.4872383069352066,2.8848762292545448e-05,1.0725989409867314e-06
1.3662,0.9999999999999994,0.4867112461675452,2.751320366893827e-05,1.0235344951724044e-06
1.3678499999999998,1.0000000000000053,0.48618246186814085,2.6244221500993655e-05,9.769299699117394e-07
1.3695,0.9999999999999977,0.4856519467302291,2.5038239588191036e-05,9.326510384261812e-07
1.37115,0.9999999999999992,0.48511969340392624,2.3891888681829438e-05,8.905713249845598e-07
1.3727999999999998,1.000000000000004,0.4845856944958994,2.2801993595204316e-05,8.505718967428658e-07
1.37445,0.9999999999999964,0.48404994256905387,2.1765561176551614e-05,8.125407905299546e-07
1.3761,0.9999999999999996,0.4835124301422156,2.07797690828182e-05,7.763725720012141e-07
1.3777499999999998,1.0000000000000024,0.4829731496898012,1.984195529707221e-05,7.419679247857197e-07
1.3794,1.000000000000008,0.48243209364149753,1.894960833675658e-05,7.092332674391085e-07
1.38105,0.999999999999994,0.48188925438192565,1.810035810397701e-05,6.780803961845213e-07
1.3826999999999998,1.0000000000000042,0.481344624250328,1.7291967332712156e-05,6.484261515804795e-07
1.38435,1.0000000000000007,0.48079819554020425,1.652232359122693e-05,6.201921073985116e-07
1.3860000000000001,1.0000000000000033,0.4802499604989983,1.5789431801083907e-05,5.933042801247222e-07
1.3876499999999998,0.9999999999999964,0.47969991132774115,1.5091407237008753e-05,5.676928576203015e-07
1.3893,1.0000000000000004,0.4791480401807245,1.4426468974526431e-05,5.432919455877247e-07
1.3909500000000001,0.9999999999999997,0.47859433916513267,1.3792933754701497e-05,5.200393305909757e-07
1.3925999999999998,0.9999999999999986,0.4780388003407099,1.3189210237562734e-05,4.978762584721503e-07
1.39425,1.0000000000000044,0.47748141571940106,1.2613793617869322e-05,4.7674722709361305e-07
1.3959000000000001,0.9999999999999964,0.4769221772649865,1.206526057877181e-05,4.565997924139771e-07
1.3975499999999998,0.999999999999999,0.476361076892746,1.1542264560685358e-05,4.3738438697960307e-07
1.3992,1.0000000000000009,0.4757981064690679,1.10435313243225e-05,4.190541499810132e-07
1.4008500000000002,1.0000000000000029,0.4752332578111007,1.0567854788330149e-05,4.01564768085525e-07
1.4024999999999999,1.0000000000000033,0.47466652268638143,1.011409312335805e-05,3.8487432631492516e-07
1.40415,0.9999999999999957,0.47409789281245546,9.681165085681219e-06,3.689431682900352e-07
1.4058000000000002,1.0000000000000007,0.4735273598565161,9.268046574672342e-06,3.5373376521274225e-07
1.4074499999999999,0.9999999999999927,0.4729549154350024,8.873767399521874e-06,3.3921059300110084e-07
1.4091,0.9999999999999969,0.47238055111323957,8.497408241623834e-06,3.253400170351204e-07
1.4107500000000002,1.0000000000000027,0.4718042584050361,8.138097799979318e-06,3.120901840089758e-07
1.4123999999999999,1.000000000000002,0.47122602877229797,7.795010107842227e-06,2.9943092042115355e-07
1.41405,1.0000000000000009,0.4706458536246419,7.4673620096441055e-06,2.87333637267086e-07
1.4157000000000002,1.0000000000000029,0.4700637243189919,7.1544107879776165e-06,2.7577124052909335e-07
1.4173499999999999,1.0000000000000062,0.46947963215917793,6.855451931113306e-06,2.647180470866988e-07
1.419,0.9999999999999972,0.46889356839553165,6.569817032172551e-06,2.5414970569665244e-07
1.4206500000000002,0.999999999999999,0.46830552422449,6.296871811672994e-06,2.440431227160137e-07
1.4223,0.9999999999999968,0.46771549078816343,6.036014255716783e-06,2.3437639226406607e-07
1.42395,0.9999999999999937,0.4671234591739374,5.786672862613476e-06,2.2512873053980237e-07
1.4256000000000002,1.000000000000004,0.46652942041404316,5.548304991202088e-06,2.1628041403077463e-07
1.42725,1.0000000000000004,0.46593336548513425,5.320395304583171e-06,2.0781272136706726e-07
1.4289,0.9999999999999966,0.46533528530786794,5.102454303389379e-06,1.997078785908313e-07
1.4305500000000002,0.9999999999999974,0.46473517074646703,4.894016943103344e-06,1.9194900762709713e-07
1.4322,1.0000000000000029,0.4641330126082887,4.6946413302907455e-06,1.8452007775589842e-07
1.43385,1.0000000000000002,0.4635288016433755,4.503907492952615e-06,1.7740585989917715e-07
1.4355000000000002,0.9999999999999958,0.4629225285440255,4.321416220507973e-06,1.7059188354813767e-07
1.43715,0.9999999999999996,0.46231418394434065,4.146787969207067e-06,1.6406439616821882e-07
1.4388,1.0000000000000036,0.46170375841976746,3.979661829047639e-06,1.5781032492967358e-07
1.4404499999999998,1.000000000000003,0.4610912424866495,3.8196945485145e-06,1.518172406215228e-07
1.4421,1.0000000000000062,0.4604766266017661,3.66655961369684e-06,1.460733236159574e-07
1.44375,0.9999999999999991,0.4598599011618634,3.5199463785584847e-06,1.405673317589241e-07
1.4453999999999998,1.000000000000007,0.45924105650319724,3.379559243336738e-06,1.3528857007058579e-07
1.44705,1.0000000000000044,0.4586200829010379,3.245116878236168e-06,1.3022686214679417e-07
1.4487,0.9999999999999998,0.45799697056921934,3.1163514897623013e-06,1.2537252315978523e-07
1.4503499999999998,0.9999999999999974,0.4573717096596349,2.993008127204014e-06,1.2071633436268e-07
1.452,0.9999999999999989,0.45674429026176705,2.8748440269279354e-06,1.1624951900845429e-07
1.45365,0.9999999999999977,0.4561147024021808,2.7616279922939148e-06,1.1196371959973822e-07
1.4552999999999998,1.000000000000001,0.45548293604404394,2.6531398071345357e-06,1.0785097639100874e-07
1.45695,0.9999999999999983,0.4548489810866077,2.5491696808667716e-06,1.0390370706964252e-07
1.4586000000000001,0.9999999999999969,0.4542128273647223,2.4495177234245194e-06,1.0011468754696652e-07
1.4602499999999998,0.999999999999998,0.45357446464830914,2.3539934483082643e-06,9.6477033794637e-08
1.4619,1.0000000000000004,0.45293388264185513,2.2624153021522838e-06,9.29841846657022e-08
1.4635500000000001,1.0000000000000049,0.4522910709838885,2.1746102193073034e-06,8.96298856434947e-08
1.4651999999999998,0.9999999999999976,0.4516460192464542,2.0904132000254452e-06,8.64081734649196e-08
1.46685,1.0000000000000044,0.4509987169345919,2.0096669109191904e-06,8.331336156800416e-08
1.4685000000000001,0.9999999999999971,0.4503491534857846,1.9322213064463824e-06,8.03400263166448e-08
1.4701499999999998,1.0000000000000033,0.44969731826943543,1.857933270246477e-06,7.748299395832866e-08
1.4718,0.9999999999999969,0.4490432005863075,1.786666275222501e-06,7.473732827324706e-08
1.4734500000000001,0.9999999999999998,0.44838678966798756,1.7182900613300747e-06,7.209831887580171e-08
1.4750999999999999,0.9999999999999983,0.4477280746763143,1.6526803300940722e-06,6.956147013176844e-08
1.47675,0.9999999999999988,0.4470670447028319,1.5897184549317443e-06,6.71224906566052e-08
1.4784000000000002,0.9999999999999989,0.4464036887682129,1.5292912064151613e-06,6.477728336246605e-08
1.4800499999999999,0.9999999999999989,0.4457379958216883,1.4712904916556373e-06,6.252193602338509e-08
1.4817,1.000000000000003,0.44506995474047395,1.4156131070401337e-06,6.035271232988344e-08
1.4833500000000002,1.0,0.4443995543291762,1.3621605035950055e-06,5.826604340599087e-08
1.4849999999999999,0.9999999999999998,0.4437267833192206,1.310838564293068e-06,5.625851976322272e-08
1.48665,1.0000000000000027,0.4430516303682365,1.2615573926595248e-06,5.432688366753117e-08
1.4883000000000002,0.9999999999999957,0.4423740840594695,1.2142311120695869e-06,5.24680218966923e-08
1.4899499999999999,1.0000000000000033,0.44169413290117193,1.168777675164661e-06,5.067895886685516e-08
1.4916,1.000000000000004,0.4410117653259874,1.125118682846264e-06,4.895685010821421e-08
1.4932500000000002,0.9999999999999981,0.4403269696903315,1.0831792123383554e-06,4.7298976070948874e-08
1.4949,1.0000000000000082,0.4396397342737762,1.0428876538365975e-06,4.570273624362864e-08
1.49655,1.0000000000000027,0.4389500472784028,1.0041755552901348e-06,4.4165643567295084e-08
1.4982000000000002,1.000000000000002,0.438257896828179,9.669774748876664e-07,4.268531912942342e-08
1.49985,1.0000000000000018,0.4375632709683096,9.312308408426634e-07,4.12594871228315e-08
1.5015,0.9999999999999968,0.4368661576645857,8.968758180952209e-07,3.988597005544834e-08
1.5031500000000002,0.9999999999999941,0.43616654480273126,8.638551815698563e-07,3.8562684197678774e-08
1.5048,0.9999999999999984,0.4354644201877361,8.321141956477109e-07,3.7287635254813804e-08
1.50645,0.9999999999999928,0.4347597715431876,8.016004995306426e-07,3.6058914252648783e-08
1.5081000000000002,1.0000000000000033,0.434052586510603,7.722639981928504e-07,3.48746936251446e-08
1.50975,0.9999999999999946,0.4333428526487256,7.440567586315681e-07,3.373322349357226e-08
1.5114,1.0000000000000047,0.43263055743286266,7.169329111445767e-07,3.263282812716586e-08
1.5130499999999998,0.9999999999999978,0.43191568825416216,6.908485553770049e-07,3.157190257587697e-08
1.5147,1.0000000000000038,0.4311982324189304,6.657616708937156e-07,3.054890946632254e-08
1.51635,0.9999999999999919,0.4304781771479022,6.416320320468141e-07,2.9562375952516095e-08
1.5179999999999998,1.0000000000000009,0.42975550957554576,6.184211269201126e-07,2.8610890813427383e-08
1.51965,1.000000000000011,0.4290302167493122,5.960920801442744e-07,2.7693101689856363e-08
1.5213,0.9999999999999986,0.4283022856289133,5.746095793872854e-07,2.6807712453509575e-08
1.5229499999999998,0.999999999999997,0.4275717030855966,5.539398053351508e-07,2.595348070154629e-08
1.5246,0.9999999999999981,0.4268384559013736,5.340503649878803e-07,2.512921537024108e-08
1.52625,1.000000000000001,0.42610253076827714,5.149102281049123e-07,2.433377446173778e-08
1.5278999999999998,1.0000000000000002,0.4253639142875985,4.96489666642696e-07,2.3566062878190966e-08
1.52955,1.0000000000000018,0.42462259296911287,4.787601970359103e-07,2.282503035791139e-08
1.5312000000000001,0.9999999999999963,0.42387855323030293,4.6169452518114753e-07,2.210966950840197e-08
1.5328499999999998,0.9999999999999963,0.4231317813955751,4.4526649398941183e-07,2.141901393144718e-08
1.5345,1.0000000000000022,0.42238226369546095,4.294510333809152e-07,2.075213643568142e-08
1.5361500000000001,1.0000000000000038,0.42162998626581427,4.142241126020627e-07,2.010814733229551e-08
1.5377999999999998,1.0000000000000018,0.4208749351470023,3.995626947506875e-07,1.9486192809767473e-08
1.53945,0.9999999999999998,0.4201170962830858,3.8544469340175945e-07,1.8885453383727732e-08
1.5411000000000001,0.9999999999999967,0.4193564555209908,3.7184893123109793e-07,1.830514241826664e-08
1.5427499999999998,1.0000000000000016,0.41859299860967925,3.587551005399286e-07,1.7744504715179016e-08
1.5444,0.9999999999999997,0.417826711199283,3.4614372558822464e-07,1.72028151678358e-08
1.5460500000000001,0.9999999999999978,0.41705757884027916,3.339961266494173e-07,1.6679377476533276e-08
1.5476999999999999,0.9999999999999992,0.41628558698260365,3.222943857033538e-07,1.617352292233324e-08
1.54935,0.9999999999999988,0.41551072097479264,3.1102131368893365e-07,1.5684609196569387e-08
1.5510000000000002,0.9999999999999994,0.4147329660630958,3.0016041924155187e-07,1.5212019283331565e-08
1.5526499999999999,0.999999999999998,0.41395230739058914,2.896958788443273e-07,1.4755160392378026e-08
1.5543,0.9999999999999939,0.4131687299962745,2.7961250832580735e-07,1.4313462940062047e-08
1.5559500000000002,1.0000000000000013,0.4123822188141727,2.6989573564005964e-07,1.3886379575975167e-08
1.5575999999999999,0.9999999999999996,0.41159275867240075,2.6053157486830037e-07,1.3473384253125198e-08
1.55925,0.9999999999999977,0.41080033429225055,2.5150660138436143e-07,1.3073971339585872e-08
1.5609000000000002,1.0000000000000049,0.4100049302872451,2.4280792812905975e-07,1.2687654769649062e-08
1.5625499999999999,0.999999999999997,0.40920653116219263,2.3442318294124274e-07,1.231396723261255e-08
1.5642,1.0000000000000038,0.40840512131223616,2.2634048689601878e-07,1.1952459397434198e-08
1.5658500000000002,0.9999999999999983,0.4076006850218687,2.1854843360297842e-07,1.160269917156543e-08
1.5675,1.0000000000000029,0.4067932064639778,2.1103606941957703e-07,1.126427099236258e-08
1.56915,0.9999999999999992,0.40598266969883257,2.037928745371126e-07,1.0936775149557367e-08
1.5708000000000002,0.9999999999999982,0.4051690586731082,1.968087448987729e-07,1.0619827137339316e-08
1.57245,0.9999999999999947,0.4043523572188596,1.9007397491114034e-07,1.0313057034673616e-08
1.5741,1.0000000000000002,0.40353254905250885,1.8357924091259311e-07,1.0016108912550153e-08
1.5757500000000002,0.9999999999999991,0.4027096177738084,1.7731558536365817e-07,9.728640266919335e-09
1.5774,1.0000000000000002,0.4018835468648059,1.7127440172612627e-07,9.450321476130895e-09
1.57905,0.9999999999999977,0.40105431968878247,1.6544741999937793e-07,9.180835281753655e-09
1.5807000000000002,1.0000000000000024,0.4002219194891975,1.5982669288385526e-07,8.919876291704904e-09
1.58235,1.0000000000000009,0.3993863293885988,1.544045825430188e-07,8.667150504669639e-09
1.584,0.9999999999999937,0.3985475323875463,1.4917374793662298e-07,8.42237485484391e-09
1.5856499999999998,0.9999999999999943,0.3977055113635086,1.4412713269933084e-07,8.185276776077962e-09
1.5873,0.9999999999999979,0.39686024906974976,1.3925795353995148e-07,7.955593784539822e-09
1.58895,0.9999999999999974,0.3960117281342028,1.345596891378285e-07,7.7330730790669e-09
1.5905999999999998,1.0000000000000016,0.39515993105833985,1.3002606951395713e-07,7.517471158407418e-09
1.59225,0.9999999999999982,0.39430484021601797,1.2565106585544741e-07,7.308553454592511e-09
1.5939,1.0000000000000024,0.39344643785232425,1.2142888077306247e-07,7.106093981719726e-09
1.5955499999999998,0.9999999999999999,0.3925847060823929,1.1735393897242399e-07,6.909874999458746e-09
1.5972,1.0000000000000022,0.39171962689022766,1.1342087832040121e-07,6.719686690622523e-09
1.59885,0.9999999999999968,0.3908511821274949,1.0962454128913028e-07,6.53532685218209e-09
1.6004999999999998,1.000000000000003,0.3899793535123199,1.0595996676086644e-07,6.356600599128525e-09
1.60215,0.9999999999999969,0.3891041226280454,1.0242238217765239e-07,6.183320080613748e-09
1.6038000000000001,0.999999999999999,0.38822547092200865,9.900719602060888e-08,6.015304207831863e-09
1.6054499999999998,0.999999999999991,0.3873433797042752,9.570999060427148e-08,5.852378393123808e-09
1.6071,1.0000000000000004,0.3864578301463806,9.252651517210473e-08,5.694374299813692e-09
1.6087500000000001,1.000000000000002,0.3855688032800383,8.945267927999794e-08,5.541129602308956e-09
1.6103999999999998,1.000000000000003,0.38467627999585635,8.648454645511045e-08,5.392487756017218e-09
1.61205,0.9999999999999973,0.3837802410420125,8.361832811801948e-08,5.24829777665172e-09
1.6137000000000001,1.0000000000000007,0.382880667022949,8.085037775671894e-08,5.108414028520659e-09
1.6153499999999998,0.9999999999999984,0.38197753839800874,7.817718534149194e-08,4.972696021411088e-09
1.617,0.9999999999999994,0.38107083548010046,7.559537197019886e-08,4.841008215696214e-09
1.6186500000000001,0.9999999999999968,0.38016053843431863,7.310168473401613e-08,4.713219835314099e-09
1.6202999999999999,0.9999999999999993,0.37924662727656355,7.06929917940953e-08,4.5892046882794526e-09
1.62195,0.9999999999999996,0.37832908187213105,6.836627766003261e-08,4.4688409944056e-09
1.6236000000000002,0.9999999999999999,0.37740788193430924,6.611863866149128e-08,4.352011219930664e-09
1.6252499999999999,0.9999999999999998,0.3764830070229315,6.394727860467457e-08,4.238601918753055e-09
1.6269,1.0000000000000027,0.37555443654293863,6.18495046057217e-08,4.1285035799958204e-09
1.6285500000000002,1.0000000000000018,0.3746221497429054,5.982272309348691e-08,4.0216104816326426e-09
1.6301999999999999,0.9999999999999991,0.37368612571356485,5.786443597446812e-08,3.917820549919234e-09
1.63185,0.9999999999999946,0.37274634338630125,5.597223695297641e-08,3.817035224385065e-09
1.6335000000000002,1.0000000000000053,0.3718027815316452,5.414380799997584e-08,3.7191593281530007e-09
1.6351499999999999,1.0000000000000004,0.3708554187577209,5.2376915964281494e-08,3.6241009433629425e-09
1.6368,0.9999999999999981,0.36990423350871887,5.0669409320096156e-08,3.5317712914859483e-09
1.6384500000000002,1.000000000000001,0.3689492040633084,4.901921504514407e-08,3.442084618325671e-09
1.6401,1.0000000000000029,0.3679903085330593,4.742433562390166e-08,3.354958083511854e-09
1.64175,1.0000000000000027,0.3670275248608293,4.5882846170659436e-08,3.2703116542993558e-09
1.6434000000000002,0.9999999999999998,0.36606083081914953,4.439289166741076e-08,3.188068003494945e-09
1.64505,1.0000000000000013,0.36509020400857417,4.295268431175355e-08,3.1081524113416978e-09
1.6467,1.0000000000000007,0.3641156218560207,4.156050097021002e-08,3.0304926711972356e-09
1.6483500000000002,0.9999999999999993,0.3631370616130879,4.021468073258413e-08,2.9550189988509337e-09
1.65,0.9999999999999999,0.36215450035435853,3.8913622563152785e-08,2.8816639453309015e-09
1.65165,1.0000000000000002,0.3611679149756744,3.7655783044665474e-08,2.810362313057363e-09
1.6533000000000002,1.0000000000000002,0.36017728219239714,3.6439674211326544e-08,2.741051075207112e-09
1.65495,1.0000000000000024,0.35918257853764524,3.5263861467074424e-08,2.6736692981580033e-09
1.6566,0.9999999999999972,0.3581837803605168,3.412696158563915e-08,2.6081580668881574e-09
1.6582499999999998,0.9999999999999994,0.3571808638242837,3.3027640789024115e-08,2.544460413211253e-09
1.6599,1.0000000000000024,0.3561738049045653,3.196461290118205e-08,2.482521246732556e-09
1.66155,1.0000000000000024,0.3551625793874847,3.093663757381284e-08,2.422287288416861e-09
1.6631999999999998,1.0000000000000009,0.3541471628678036,2.994251858132391e-08,2.363707006662735e-09
1.66485,0.9999999999999977,0.3531275307470322,2.898110218214252e-08,2.306730555783294e-09
1.6665,0.9999999999999991,0.3521036582315123,2.8051275543670313e-08,2.2513097167970592e-09
1.6681499999999998,0.9999999999999951,0.3510755203304857,2.7151965228291396e-08,2.1973978404365166e-09
1.6698,1.0000000000000004,0.35004309185414,2.6282135737965067e-08,2.1449497922866604e-09
1.67145,1.0000000000000004,0.34900634741162007,2.5440788115027125e-08,2.0939218999687433e-09
1.6730999999999998,0.9999999999999996,0.34796526140902945,2.4626958596923953e-08,2.0442719022880645e-09
1.67475,1.0000000000000016,0.34691980804739564,2.3839717322713352e-08,1.995958900268674e-09
1.6764000000000001,0.9999999999999998,0.3458699613206218,2.3078167089244652e-08,1.9489433100004075e-09
1.6780499999999998,1.0000000000000022,0.34481569501340686,2.2341442155017554e-08,1.9031868172267846e-09
1.6797,1.0000000000000004,0.343756982699139,2.1628707089817224e-08,1.8586523336060217e-09
1.6813500000000001,1.0000000000000033,0.3426937977377714,2.0939155668289004e-08,1.815303954579372e-09
1.6829999999999998,1.0000000000000042,0.34162611327366615,2.0272009805694286e-08,1.7731069187839025e-09
1.68465,0.999999999999996,0.3405539022334127,1.96265185341745e-08,1.7320275689500609e-09
1.6863000000000001,0.9999999999999993,0.3394771373236225,1.9001957017906452e-08,1.6920333142260098e-09
1.6879499999999998,1.0000000000000009,0.3383957910286912,1.839762560560205e-08,1.6530925938732878e-09
1.6896,0.9999999999999999,0.3373098356085421,1.7812848918878877e-08,1.6151748422812487e-09
1.6912500000000001,0.9999999999999998,0.3362192430963339,1.7246974975078826e-08,1.5782504552490728e-09
1.6928999999999998,0.9999999999999998,0.3351239852961466,1.6699374343172132e-08,1.542290757486443e-09
1.69455,1.0000000000000024,0.334024033780628,1.6169439331448242e-08,1.5072679712865239e-09
1.6962000000000002,1.0,0.3329193598886293,1.565658320573988e-08,1.4731551863260173e-09
1.6978499999999999,0.9999999999999991,0.3318099347227973,1.516023943697966e-08,1.439926330549087e-09
1.6995,1.0000000000000007,0.33069572914713796,1.467986097694384e-08,1.4075561420942958e-09
1.7011500000000002,0.999999999999996,0.3295767137845535,1.421491956107766e-08,1.3760201422244313e-09
1.7027999999999999,0.9999999999999969,0.3284528590143541,1.3764905037344168e-08,1.3452946092212815e-09
1.70445,1.0000000000000036,0.3273241349697251,1.3329324720084209e-08,1.3153565532088774e-09
1.7061000000000002,1.0000000000000022,0.32619051153517115,1.2907702767913732e-08,1.286183691870133e-09
1.7077499999999999,1.0000000000000018,0.3250519583439326,1.2499579584722875e-08,1.2577544270229786e-09
1.7094,1.0000000000000029,0.3239084447753577,1.210451124288406e-08,1.2300478220239074e-09
1.7110500000000002,1.0000000000000004,0.3227599399522543,1.1722068927808659e-08,1.2030435799678237e-09
1.7127,0.9999999999999976,0.3216064127381984,1.1351838403025492e-08,1.1767220226541688e-09
1.71435,0.9999999999999983,0.32044783173481245,1.0993419494992769e-08,1.1510640702909447e-09
1.7160000000000002,1.0000000000000004,0.31928416527901426,1.0646425596883246e-08,1.1260512219090554e-09
1.71765,0.999999999999997,0.31811538144022034,1.0310483190610457e-08,1.1016655364603428e-09
1.7193,1.0000000000000018,0.3169414480175243,9.985231386401135e-09,1.0778896145742453e-09
1.7209500000000002,1.0000000000000049,0.31576233253683234,9.67032147923889e-09,1.0547065809484902e-09
1.7226,1.0000000000000009,0.314578002247965,9.36541652153387e-09,1.032100067350342e-09
1.72425,0.9999999999999963,0.31338842412172485,9.070190911401623e-09,1.0100541962060792e-09
1.7259000000000002,1.0000000000000016,0.31219356484692085,8.784329995955491e-09,9.885535647569331e-10
1.72755,0.9999999999999942,0.31099339082735616,8.507529689039584e-09,9.675832297605904e-10
1.7292,1.0000000000000049,0.3097878681787849,8.239496102858163e-09,9.471286927185104e-10
1.7308499999999998,1.0000000000000073,0.3085769627258098,7.979945192971749e-09,9.271758856096602e-10
1.7325,0.9999999999999986,0.3073606399987693,7.728602416154774e-09,9.07711157112152e-10
1.73415,1.0000000000000016,0.30613886523055805,7.485202400630393e-09,8.887212592952126e-10
1.7357999999999998,1.000000000000006,0.30491160335342327,7.249488628214777e-09,8.701933347642244e-10
1.73745,0.9999999999999962,0.30367881899570287,7.021213127921773e-09,8.521149042424216e-10
1.7391,0.9999999999999964,0.3024404764785423,6.80013618059963e-09,8.344738545735667e-10
1.7407499999999998,0.9999999999999984,0.30119653981255085,6.586026034184127e-09,8.172584271303139e-10
1.7424,0.9999999999999928,0.299946972694422,6.378658629170311e-09,8.004572066136015e-10
1.74405,1.0000000000000016,0.2986917385035098,6.177817333922564e-09,7.840591102291174e-10
1.7456999999999998,0.9999999999999988,0.29743080029835545,5.983292689454347e-09,7.680533772272719e-10
1.74735,0.9999999999999972,0.2961641208131749,5.794882163324495e-09,7.524295587935823e-10
1.749,1.0000000000000004,0.2948916624542972,5.61238991231236e-09,7.371775082770591e-10
1.7506499999999998,1.0000000000000024,0.29361338729655145,5.435626553544562e-09,7.222873717444982e-10
1.7523,1.0000000000000042,0.29232925707961194,5.2644089437598674e-09,7.077495788489828e-10
1.7539500000000001,1.0000000000000029,0.29103923320429376,5.098559966411789e-09,6.93554834001583e-10
1.7555999999999998,0.9999999999999942,0.289743276728797,4.937908326318856e-09,6.796941078354523e-10
1.75725,1.0,0.2884413483649045,4.782288351583209e-09,6.661586289518375e-10
1.7589000000000001,0.9999999999999982,0.2871334084741191,4.63153980251082e-09,6.529398759382389e-10
1.7605499999999998,0.9999999999999994,0.28581941706376424,4.485507687275874e-09,6.400295696490378e-10
1.7622,1.0000000000000002,0.2844993337830195,4.344042084080118e-09,6.274196657392778e-10
1.7638500000000001,0.9999999999999971,0.28317311791891103,4.206997969570816e-09,6.151023474428316e-10
1.7654999999999998,0.9999999999999976,0.2818407283922433,4.07423505328745e-09,6.030700185863317e-10
1.76715,1.0000000000000002,0.28050212375347305,3.945617617916156e-09,5.913152968305279e-10
1.7688000000000001,0.9999999999999974,0.2791572621785387,3.8210143651411296e-09,5.798310071312598e-10
1.7704499999999999,0.9999999999999993,0.2778061014646198,3.7002982668886165e-09,5.686101754123009e-10
1.7721,1.0000000000000022,0.27644859902585156,3.583346421766469e-09,5.576460224426494e-10
1.7737500000000002,1.0000000000000024,0.2750847118889636,3.470039916512039e-09,5.469319579112383e-10
1.7753999999999999,0.999999999999995,0.2737143966888807,3.3602636922657807e-09,5.364615746921891e-10
1.77705,0.999999999999998,0.2723376096642497,3.2539064154957416e-09,5.26228643293916e-10
1.7787000000000002,0.9999999999999986,0.2709543066529033,3.150860353405313e-09,5.162271064857864e-10
1.7803499999999999,0.9999999999999993,0.26956444308726996,3.0510212536624427e-09,5.0645107409623e-10
1.782,1.0000000000000002,0.26816797398971437,2.9542882282935755e-09,4.9689481797621e-10
1.7836500000000002,0.9999999999999988,0.26676485396781646,2.8605636415936383e-09,4.875527671225268e-10
1.7852999999999999,1.0000000000000029,0.26535503720958803,2.7697530019072225e-09,4.78419502955359e-10
1.78695,1.0000000000000024,0.26393847747861,2.6817648571415055e-09,4.694897547446609e-10
1.7886000000000002,1.000000000000001,0.2625151281091195,2.5965106938783506e-09,4.6075839518043534e-10
1.79025,0.9999999999999997,0.2610849420010172,2.513904839956e-09,4.522204360818243e-10
1.7919,0.9999999999999977,0.2596478716148067,2.4338643703963956e-09,4.4387102424022515e-10
1.7935500000000002,0.9999999999999983,0.2582038689664636,2.3563090165593326e-09,4.3570543739193736e-10
1.7952,0.9999999999999968,0.25675288562223586,2.2811610784082144e-09,4.2771908031578223e-10
1.79685,1.0,0.25529487269336615,2.208345339776404e-09,4.199074810514189e-10
1.7985000000000002,0.9999999999999992,0.2538297808307377,2.137788986528284e-09,4.122662872342404e-10
1.80015,0.9999999999999972,0.25235756021945643,2.0694215275120823e-09,4.0479126254283394e-10
1.8018,0.9999999999999993,0.2508781605733407,2.003174718205201e-09,3.9747828325508097e-10
1.8034499999999998,1.0000000000000004,0.24939153112934417,1.9389824869576078e-09,3.903233349092186e-10
1.8051,0.9999999999999997,0.24789762064189355,1.8767808637409288e-09,3.83322509066208e-10
1.80675,0.9999999999999996,0.24639637737714562,1.8165079113154018e-09,3.764720001699328e-10
1.8083999999999998,0.9999999999999992,0.24488774910716837,1.7581036587289807e-09,3.6976810250179724e-10
1.81005,0.9999999999999982,0.2433716831040286,1.7015100370671931e-09,3.6320720722651165e-10
1.8117,1.0000000000000024,0.24184812613380133,1.6466708173745043e-09,3.5678579952588263e-10
1.8133499999999998,1.0000000000000002,0.24031702445049224,1.5935315506708028e-09,3.505004558174752e-10
1.815,1.0000000000000009,0.23877832378986918,1.5420395099901364e-09,3.443478410552802e-10
1.81665,1.000000000000002,0.2372319693632087,1.4921436343707744e-09,3.3832470610944927e-10
1.8182999999999998,1.0000000000000027,0.2356779058509473,1.443794474728314e-09,3.324278852222875e-10
1.81995,1.0000000000000056,0.23411607739624393,1.3969441415464877e-09,3.2665429353786067e-10
1.8216,0.9999999999999974,0.23254642759844352,1.3515462543223748e-09,3.2100092470256515e-10
1.8232499999999998,1.0000000000000007,0.2309688995064554,1.3075558927046718e-09,3.1546484853407487e-10
1.8249,1.0000000000000016,0.22938343561201843,1.264929549266661e-09,3.100432087562608e-10
1.8265500000000001,1.0,0.22778997784288335,1.223625083857153e-09,3.047332207976393e-10
1.8281999999999998,0.9999999999999951,0.22618846755588443,1.1836016794743883e-09,2.995321696509952e-10
1.82985,0.9999999999999993,0.22457884552991203,1.1448197996107784e-09,2.944374077919441e-10
1.8315000000000001,1.0000000000000024,0.22296105195878155,1.107241147017402e-09,2.8944635315419735e-10
1.8331499999999998,0.9999999999999967,0.22133502644399436,1.0708286238392463e-09,2.8455648715934553e-10
1.8348,1.000000000000001,0.21970070798739658,1.0355462930742468e-09,2.797653527990968e-10
1.8364500000000001,1.0000000000000002,0.21805803498371668,1.001359341310442e-09,2.7507055276787747e-10
1.8380999999999998,0.9999999999999992,0.21640694521300902,9.682340426972777e-10,2.7046974764377077e-10
1.83975,0.9999999999999986,0.214747375832965,9.36137724108975e-10,2.6596065411585963e-10
1.8414000000000001,0.9999999999999993,0.21307926337112232,9.050387314589633e-10,2.6154104325600854e-10
1.8430499999999999,0.9999999999999994,0.21140254371695427,8.749063971259563e-10,2.5720873883317417e-10
1.8447,1.0000000000000016,0.2097171521138288,8.457110084538797e-10,2.52961615668415e-10
1.8463500000000002,1.0000000000000004,0.20802302315086585,8.174237772889577e-10,2.48797598028745e-10
1.8479999999999999,1.0000000000000009,0.20632009075465202,7.900168105184505e-10,2.447146580579806e-10
1.84965,0.9999999999999984,0.2046082881808388,7.634630815772093e-10,2.407108142428474e-10
1.8513000000000002,1.000000000000001,0.20288754800560949,7.377364028890959e-10,2.3678412991254667e-10
1.8529499999999999,0.9999999999999927,0.20115780211702183,7.128113992113302e-10,2.329327117699832e-10
1.8546,1.0000000000000004,0.19941898170620462,6.886634818515098e-10,2.2915470845296796e-10
1.8562500000000002,0.9999999999999974,0.19767101725842992,6.652688237275133e-10,2.2544830912360822e-10
1.8578999999999999,0.9999999999999972,0.19591383854405162,6.426043352418096e-10,2.2181174208413018e-10
1.85955,0.9999999999999984,0.19414737460928472,6.206476409428147e-10,2.1824327341743014e-10
1.8612000000000002,0.9999999999999976,0.19237155376686188,5.993770569466618e-10,2.1474120565056684e-10
1.86285,0.999999999999999,0.19058630358653747,5.787715690937051e-10,2.1130387643941462e-10
1.8645,1.000000000000003,0.18879155088543875,5.588108118152047e-10,2.0792965727274006e-10
1.8661500000000002,1.000000000000004,0.18698722171827148,5.394750476862413e-10,2.0461695219385842e-10
1.8678,0.9999999999999943,0.18517324136737365,5.207451476417986e-10,2.0136419653801777e-10
1.86945,1.0000000000000016,0.18334953433261136,5.026025718338852e-10,1.9816985568369985e-10
1.8711000000000002,1.0000000000000042,0.18151602432110966,4.850293511081957e-10,1.95032423815867e-10
1.87275,0.9999999999999999,0.179672634236832,4.680080690795514e-10,1.9195042269920137e-10
1.8744,0.9999999999999991,0.17781928616998768,4.5152184478623136e-10,1.8892240045936154e-10
1.8760500000000002,0.9999999999999998,0.1759559013862722,4.3555431590383156e-10,1.8594693037012966e-10
1.8777,0.9999999999999992,0.17408240031594002,4.2008962249996124e-10,1.8302260964429789e-10
1.87935,1.0000000000000004,0.1721987025426926,4.0511239131191265e-10,1.8014805822609366e-10
1.8809999999999998,1.0000000000000036,0.17030472679240974,3.9060772052984954e-10,1.7732191758278134e-10
1.88265,1.0000000000000009,0.1684003909216704,3.7656116506869534e-10,1.7454284949300736e-10
1.8843,1.0000000000000009,0.1664856119061212,3.629587223126418e-10,1.7180953482935413e-10
1.8859499999999998,0.9999999999999997,0.1645603058286291,3.497868183165468e-10,1.6912067233243257e-10
1.8876,1.0000000000000016,0.16262438786726235,3.370322944490837e-10,1.664749773736566e-10
1.88925,0.9999999999999981,0.1606777722830661,3.2468239446316963e-10,1.6387118070375049e-10
1.8908999999999998,0.999999999999999,0.15872037240764503,3.127247519794855e-10,1.6130802718383442e-10
1.89255,0.9999999999999989,0.15675210063053582,3.0114737836945227e-10,1.5878427449569865e-10
1.8942,1.0000000000000009,0.15477286838638496,2.899386510246216e-10,1.5629869182773732e-10
1.8958499999999998,1.0000000000000033,0.1527825861419069,2.79087301999709e-10,1.5385005853273012e-10
1.8975,1.0000000000000002,0.15078116338262726,2.6858240701695655e-10,1.514371627533608e-10
1.8991500000000001,1.0000000000000036,0.14876850859942117,2.5841337482009063e-10,1.490588000111673e-10
1.9007999999999998,1.0,0.14674452927480874,2.485699368663363e-10,1.4671377175419835e-10
1.90245,1.0000000000000004,0.1447091318690397,2.390421373454181e-10,1.4440088385834522e-10
1.9041000000000001,0.9999999999999983,0.1426622218059411,2.298203235149324e-10,1.4211894507691888e-10
1.9057499999999998,0.9999999999999988,0.1406037034585284,2.2089513634170052e-10,1.3986676543261349e-10
1.9074,1.0000000000000033,0.13853348013437541,2.1225750143911958e-10,1.3764315454547679e-10
1.9090500000000001,0.9999999999999997,0.13645145406074435,2.038986202909212e-10,1.3544691989004088e-10
1.9106999999999998,1.0000000000000009,0.13435752636946094,1.9580996175198544e-10,1.3327686497413745e-10
1.91235,0.9999999999999997,0.132251597081535,1.879832538171718e-10,1.3113178743125792e-10
1.9140000000000001,1.0000000000000007,0.13013356509152502,1.8041047564953882e-10,1.2901047701764967e-10
1.9156499999999999,1.0,0.1280033281516359,1.7308384985949184e-10,1.2691171350450085e-10
1.9173,1.0000000000000004,0.1258607828555395,1.6599583502671313e-10,1.2483426445467417e-10
1.9189500000000002,1.0,0.12370582462193612,1.5913911845707853e-10,1.2277688287250175e-10
1.9205999999999999,0.9999999999999957,0.12153834767781799,1.525066091669155e-10,1.2073830471404114e-10
1.92225,1.000000000000004,0.11935824504145533,1.460914310872582e-10,1.1871724624395242e-10
1.9239000000000002,0.999999999999998,0.11716540850508474,1.398869164810479e-10,1.167124012238475e-10
1.9255499999999999,1.0000000000000027,0.11495972861730896,1.3388659956637793e-10,1.1472243791543573e-10
1.9272,1.000000000000002,0.11274109466517805,1.2808421033915268e-10,1.1274599588007838e-10
1.9288500000000002,1.000000000000002,0.11050939465597208,1.224736685887761e-10,1.1078168255454759e-10
1.9304999999999999,1.0000000000000002,0.10826451529866389,1.1704907810064826e-10,1.088280695806301e-10
1.93215,0.999999999999999,0.1060063419850504,1.1180472103946887e-10,1.0688368886389079e-10
1.9338000000000002,1.000000000000001,0.10373475877056869,1.0673505250757914e-10,1.0494702833429268e-10
1.93545,0.9999999999999994,0.10144964835476608,1.018346952727219e-10,1.0301652737839477e-10
1.9371,0.999999999999994,0.0991508920614243,9.709843465978809e-11,1.0109057190953727e-10
1.9387500000000002,1.0,0.09683836981834514,9.252121360133958e-11,9.916748903872567e-11
1.9404,1.0000000000000024,0.09451196013676257,8.809812784182105e-11,9.724554130469222e-11
1.94205,0.9999999999999997,0.09217154009040228,8.382442129055498e-11,9.532292041690101e-11
1.9437000000000002,1.0000000000000004,0.0898169852941649,7.969548151880126e-11,9.33977404599369e-11
1.94535,0.9999999999999987,0.08744816988242526,7.570683539628329e-11,9.146803050164834e-11
1.947,1.0000000000000087,0.08506496648694663,7.185414486273686e-11,8.953172654060477e-11
1.9486500000000002,0.9999999999999992,0.08266724621439718,6.813320283022248e-11,8.758666272067151e-11
1.9503,0.9999999999999981,0.08025487862346418,6.453992921203048e-11,8.563056173171083e-11
1.95195,0.9999999999999966,0.07782773170154829,6.107036707416123e-11,8.366102430537086e-11
1.9535999999999998,1.0000000000000002,0.07538567184104462,5.772067890552806e-11,8.167551770357872e-11
1.95525,1.0000000000000009,0.07292856381518109,5.4487143003094505e-11,7.967136308427845e-11
1.9569,0.9999999999999994,0.0704562707534322,5.136614996834173e-11,7.764572161411141e-11
1.9585499999999998,1.0000000000000029,0.06796865411646659,4.8354199311526365e-11,7.559557918067187e-11
1.9602,1.0000000000000064,0.06546557367064501,4.544789616034785e-11,7.35177295374373e-11
1.96185,1.0000000000000009,0.06294688746204789,4.264394806973246e-11,7.140875569199966e-11
1.9634999999999998,0.9999999999999986,0.06041245179002416,3.993916192953851e-11,6.926500932231813e-11
1.96515,1.0000000000000002,0.05786212118024243,3.7330440967117236e-11,6.708258797589683e-11
1.9668,0.999999999999999,0.055295748357255765,3.481478184174621e-11,6.4857309772226e-11
1.9684499999999998,1.0000000000000018,0.05271318421654458,3.238927182804319e-11,6.258468528883304e-11
1.9701,0.9999999999999998,0.050114277796038366,3.005108608557849e-11,6.025988626483676e-11
1.9717500000000001,0.9999999999999992,0.04749887624711157,2.7797485011987834e-11,5.787771070184628e-11
1.9733999999999998,0.9999999999999999,0.04486682480502435,2.5625811676956795e-11,5.543254387895461e-11
1.97505,0.9999999999999929,0.04221796675880976,2.3533489334564656e-11,5.291831472489649e-11
1.9767000000000001,0.999999999999999,0.03955214342059622,2.1518019011533415e-11,5.0328446904001655e-11
1.9783499999999998,0.9999999999999997,0.036869194094337664,1.957697716900582e-11,4.7655803871041426e-11
1.98,1.0000000000000033,0.034168956043956165,1.770801343556898e-11,4.489262703048251e-11
