energy,total_dos_from_trace,total_dos_from_summed_ldos
-1.98,50.040223839571624,50.04022383957162
-1.97835,46.27867505396191,46.27867505396191
-1.9767,43.00552153240391,43.00552153240391
-1.97505,40.20313052605344,40.20313052605345
-1.9734,37.84238990070315,37.84238990070315
-1.97175,35.88698101669739,35.8869810166974
-1.9701,34.29653498310979,34.29653498310979
-1.96845,33.02895903818602,33.02895903818602
-1.9667999999999999,32.042137713850394,32.042137713850394
-1.96515,31.29515826894735,31.295158268947347
-1.9635,30.749171714938104,30.749171714938107
-1.96185,30.367973688700584,30.36797368870059
-1.9602,30.11836979488153,30.118369794881527
-1.95855,29.970375521317404,29.970375521317404
-1.9569,29.89728990841165,29.897289908411654
-1.95525,29.875673812615926,29.875673812615926
-1.9536,29.885257151822067,29.885257151822067
-1.95195,29.908794472801667,29.908794472801667
-1.9503,29.93188419406884,29.931884194068843
-1.94865,29.942763703183275,29.942763703183278
-1.947,29.932089943035198,29.932089943035198
-1.94535,29.89271307102213,29.89271307102213
-1.9437,29.819449115466703,29.819449115466707
-1.94205,29.708856206505924,29.708856206505924
-1.9404,29.55901786315105,29.559017863151052
-1.93875,29.369335926670345,29.36933592667034
-1.9371,29.140335005280697,29.140335005280697
-1.93545,28.873479706377235,28.873479706377232
-1.9338,28.571005456102895,28.571005456102892
-1.93215,28.23576332247657,28.23576332247657
-1.9304999999999999,27.871078951694006,27.87107895169401
-1.92885,27.48062548460411,27.48062548460411
-1.9272,27.06831013108151,27.068310131081518
-1.9255499999999999,26.63817393529325,26.638173935293242
-1.9239,26.19430415747802,26.194304157478022
-1.92225,25.740758621940653,25.74075862194065
-1.9206,25.281501331779335,25.28150133177934
-1.91895,24.82034862471978,24.82034862471978
-1.9173,24.360925138676755,24.36092513867676
-1.91565,23.906628868711618,23.906628868711618
-1.914,23.46060462859492,23.460604628594922
-1.91235,23.025725281528914,23.02572528152891
-1.9107,22.604580179360024,22.60458017936002
-1.90905,22.19947035492797,22.199470354927968
-1.9074,21.81241016069153,21.812410160691535
-1.90575,21.445135260288012,21.445135260288012
-1.9041,21.09911719578742,21.099117195787414
-1.90245,20.7755852374855,20.7755852374855
-1.9008,20.475556991210325,20.47555699121033
-1.89915,20.199880501688707,20.199880501688703
-1.8975,19.949292746465023,19.949292746465026
-1.89585,19.724503235221263,19.724503235221263
-1.8941999999999999,19.52631847718075,19.52631847718075
-1.89255,19.35583666751994,19.355836667519938
-1.8909,19.21476947357367,19.214769473573668
-1.88925,19.106006848621497,19.106006848621497
-1.8876,19.034676207178794,19.034676207178798
-1.88595,19.010283717464706,19.01028371746471
-1.8843,19.051447687028194,19.051447687028197
-1.88265,19.197596527322293,19.1975965273223
-1.881,19.54246534336529,19.542465343365294
-1.87935,20.35222742967451,20.352227429674514
-1.8777,22.643265395554742,22.643265395554746
-1.87605,33.48395693351467,33.48395693351466
-1.8744,667.8206552281109,667.8206552281109
-1.87275,44.73712981157663,44.73712981157662
-1.8711,23.89159462645975,23.891594626459746
-1.86945,20.594132589332222,20.594132589332226
-1.8678,19.50904152167733,19.509041521677332
-1.86615,19.02756624646876,19.027566246468755
-1.8645,18.77636982241318,18.77636982241318
-1.86285,18.631346194220203,18.631346194220207
-1.8612,18.541287339113314,18.54128733911331
-1.85955,18.48166640364831,18.48166640364831
-1.8578999999999999,18.43934418149167,18.43934418149167
-1.85625,18.4066303998377,18.406630399837702
-1.8546,18.378689535597236,18.378689535597236
-1.8529499999999999,18.35229983534848,18.352299835348482
-1.8513,18.325214860718162,18.325214860718162
-1.84965,18.295814624691427,18.295814624691427
-1.8479999999999999,18.26290487748656,18.26290487748656
-1.84635,18.22559621407307,18.225596214073075
-1.8447,18.183228104175594,18.183228104175594
-1.84305,18.135319157263446,18.135319157263446
-1.8414,18.08153320306391,18.08153320306391
-1.83975,18.021655172568884,18.021655172568884
-1.8381,17.95557320168381,17.95557320168381
-1.83645,17.88326477410209,17.883264774102084
-1.8348,17.804785541715134,17.80478554171513
-1.83315,17.7202599579146,17.7202599579146
-1.8315,17.629873166813763,17.629873166813763
-1.82985,17.53386378575583,17.533863785755834
-1.8282,17.432517343404157,17.432517343404154
-1.82655,17.32616021721485,17.326160217214845
-1.8249,17.215153967907256,17.215153967907256
-1.82325,17.09989000439596,17.099890004395963
-1.8216,16.98078453665366,16.980784536653662
-1.81995,16.85827379006134,16.858273790061336
-1.8183,16.73280946553248,16.732809465532483
-1.81665,16.60485443676159,16.604854436761592
-1.815,16.47487868048439,16.474878680484387
-1.81335,16.34335543841809,16.343355438418087
-1.8117,16.210757611109642,16.210757611109642
-1.81005,16.077554384629565,16.077554384629565
-1.8084,15.94420809116877,15.94420809116877
-1.80675,15.811171304313177,15.811171304313175
-1.8051,15.6788841692193,15.678884169219304
-1.80345,15.547771967188867,15.547771967188861
-1.8018,15.418242913312158,15.418242913312158
-1.80015,15.29068618497138,15.29068618497138
-1.7985,15.165470178100017,15.165470178100017
-1.79685,15.042940987213635,15.042940987213635
-1.7952,14.923421104378797,14.923421104378795
-1.79355,14.807208331484505,14.807208331484507
-1.7919,14.694574899434993,14.694574899434992
-1.79025,14.585766787200786,14.585766787200786
-1.7886,14.481003233050084,14.481003233050087
-1.78695,14.380476429737271,14.380476429737273
-1.7852999999999999,14.284351394952076,14.284351394952079
-1.78365,14.192766007928652,14.192766007928654
-1.782,14.105831202779923,14.105831202779925
-1.7803499999999999,14.023631308856391,14.023631308856395
-1.7787,13.94622452822693,13.946224528226931
-1.77705,13.87364354024064,13.873643540240636
-1.7753999999999999,13.805896223049992,13.805896223049995
-1.77375,13.742966481952514,13.742966481952514
-1.7721,13.684815174438299,13.684815174438297
-1.77045,13.631381121910612,13.631381121910612
-1.7688,13.58258219817177,13.582582198171764
-1.76715,13.538316484934386,13.538316484934386
-1.7655,13.498463484824363,13.498463484824365
-1.76385,13.462885382583263,13.462885382583268
-1.7622,13.431428345451298,13.4314283454513
-1.76055,13.403923854012897,13.403923854012897
-1.7589,13.380190055113953,13.380190055113951
-1.75725,13.360033128807366,13.360033128807368
-1.7556,13.34324866165067,13.343248661650675
-1.75395,13.329623019061879,13.329623019061877
-1.7523,13.318934709835146,13.318934709835144
-1.75065,13.310955736323288,13.310955736323287
-1.7489999999999999,13.305452924207382,13.305452924207376
-1.74735,13.302189226191915,13.302189226191915
-1.7457,13.300924994385062,13.300924994385063
-1.74405,13.301419216545577,13.301419216545577
-1.7424,13.303430711798299,13.303430711798297
-1.74075,13.306719281837758,13.306719281837758
-1.7391,13.311046814051918,13.31104681405192
-1.73745,13.316178333403977,13.316178333403975
-1.7358,13.321883000308725,13.321883000308725
-1.73415,13.327935052128435,13.327935052128431
-1.7325,13.334114686291976,13.334114686291977
-1.73085,13.340208883407861,13.340208883407863
-1.7292,13.346012169096257,13.346012169096257
-1.72755,13.351327313606332,13.351327313606333
-1.7259,13.355965968612566,13.355965968612566
-1.72425,13.359749240895987,13.359749240895988
-1.7226,13.362508202913903,13.362508202913903
-1.72095,13.36408434054342,13.364084340543418
-1.7193,13.36432993855007,13.364329938550066
-1.71765,13.363108404582396,13.363108404582395
-1.716,13.360294532727336,13.360294532727334
-1.71435,13.355774707877728,13.355774707877726
-1.7127,13.349447052364754,13.349447052364756
-1.71105,13.341221516491975,13.341221516491977
-1.7094,13.331019914776197,13.3310199147762
-1.7077499999999999,13.318775909852812,13.318775909852812
-1.7061,13.30443494613937,13.304434946139372
-1.70445,13.28795413547281,13.28795413547281
-1.7027999999999999,13.269302097041088,13.26930209704109
-1.70115,13.248458754021838,13.248458754021838
-1.6995,13.225415089416913,13.225415089416915
-1.6978499999999999,13.200172863635263,13.200172863635263
-1.6962,13.1727442964258,13.172744296425801
-1.69455,13.143151715798767,13.143151715798767
-1.6928999999999998,13.111427176598532,13.111427176598532
-1.69125,13.077612051403035,13.077612051403035
-1.6896,13.041756596426557,13.041756596426556
-1.68795,13.003919495092942,13.003919495092944
-1.6863,12.96416738192674,12.964167381926739
-1.68465,12.922574349380907,12.922574349380907
-1.683,12.879221440181304,12.8792214401813
-1.6813500000000001,12.83419612772226,12.834196127722258
-1.6797,12.787591786993156,12.787591786993158
-1.67805,12.739507158454703,12.739507158454703
-1.6764000000000001,12.69004580721599,12.690045807215993
-1.67475,12.639315579789422,12.639315579789422
-1.6731,12.587428060621576,12.587428060621574
-1.67145,12.534498030513937,12.534498030513937
-1.6698,12.48064292895915,12.480642928959153
-1.66815,12.425982322326583,12.425982322326583
-1.6665,12.370637379735221,12.370637379735221
-1.66485,12.31473035835454,12.314730358354538
-1.6632,12.258384099773378,12.25838409977338
-1.66155,12.201721538974967,12.201721538974967
-1.6599,12.144865227353279,12.14486522735328
-1.65825,12.087936871101615,12.087936871101615
-1.6566,12.031056886199975,12.031056886199977
-1.65495,11.974343971123535,11.974343971123535
-1.6533,11.917914698290392,11.91791469829039
-1.65165,11.861883125163576,11.861883125163578
-1.65,11.806360425820436,11.806360425820438
-1.64835,11.751454543701794,11.751454543701794
-1.6467,11.697269866154562,11.69726986615456
-1.64505,11.64390692128498,11.643906921284982
-1.6434,11.591462097545385,11.591462097545385
-1.64175,11.54002738638571,11.54002738638571
-1.6401,11.489690148212736,11.489690148212736
-1.63845,11.44053290181436,11.440532901814358
-1.6368,11.392633137324308,11.392633137324312
-1.6351499999999999,11.346063152724684,11.346063152724684
-1.6335,11.300889913808911,11.300889913808913
-1.63185,11.257174937457812,11.257174937457814
-1.6301999999999999,11.214974198015254,11.214974198015254
-1.62855,11.174338056488656,11.174338056488656
-1.6269,11.135311212242774,11.135311212242774
-1.6252499999999999,11.097932676803707,11.097932676803707
-1.6236,11.062235769343777,11.062235769343776
-1.62195,11.028248133376737,11.028248133376733
-1.6202999999999999,10.995991774158282,10.99599177415828
-1.61865,10.965483116257694,10.965483116257692
-1.617,10.936733080744451,10.936733080744453
-1.61535,10.909747181418643,10.909747181418643
-1.6137,10.88452563950658,10.884525639506577
-1.61205,10.861063516244153,10.861063516244153
-1.6104,10.83935086278061,10.83935086278061
-1.60875,10.819372886856039,10.819372886856039
-1.6071,10.801110135737886,10.801110135737886
-1.60545,10.784538694946676,10.784538694946674
-1.6038000000000001,10.769630402361317,10.769630402361315
-1.60215,10.756353077371475,10.756353077371475
-1.6005,10.744670764842027,10.744670764842027
-1.59885,10.734543993775905,10.734543993775903
-1.5972,10.725930050711343,10.725930050711343
-1.59555,10.718783268073597,10.718783268073597
-1.5939,10.71305532792616,10.71305532792616
-1.59225,10.708695581842576,10.708695581842576
-1.5906,10.705651387957772,10.705651387957776
-1.58895,10.7038684666728,10.703868466672798
-1.5873,10.703291276997804,10.703291276997804
-1.58565,10.703863416149904,10.703863416149902
-1.584,10.705528045806304,10.705528045806304
-1.58235,10.708228349391327,10.708228349391327
-1.5807,10.71190802600163,10.711908026001629
-1.57905,10.71651182812011,10.716511828120112
-1.5774,10.721986152229162,10.721986152229164
-1.57575,10.728279693936265,10.728279693936265
-1.5741,10.73534418243895,10.73534418243895
-1.57245,10.74313521331399,10.743135213313993
-1.5708,10.751613204032493,10.75161320403249
-1.56915,10.760744503713903,10.760744503713903
-1.5675,10.770502698042401,10.770502698042401
-1.56585,10.780870162826213,10.780870162826213
-1.5642,10.791839936586515,10.791839936586516
-1.5625499999999999,10.803418005536045,10.803418005536042
-1.5609,10.815626125839168,10.81562612583917
-1.55925,10.828505351780306,10.828505351780308
-1.5575999999999999,10.842120499816998,10.842120499816994
-1.55595,10.856565865592465,10.856565865592467
-1.5543,10.871972636243555,10.871972636243555
-1.5526499999999999,10.888518623001918,10.888518623001922
-1.551,10.90644120947384,10.90644120947384
-1.54935,10.926054817772053,10.926054817772053
-1.5476999999999999,10.947774817555324,10.947774817555326
-1.54605,10.972150775322506,10.972150775322508
-1.5444,10.999913491332151,10.99991349133215
-1.54275,11.032042800554374,11.032042800554374
-1.5411,11.069867347743362,11.06986734774336
-1.53945,11.115214839370765,11.115214839370765
-1.5378,11.17064424530321,11.170644245303212
-1.53615,11.239815338415864,11.239815338415864
-1.5345,11.328096904965046,11.328096904965044
-1.53285,11.443607485720326,11.443607485720326
-1.5312000000000001,11.599079336467941,11.599079336467936
-1.52955,11.815382886496295,11.815382886496295
-1.5279,12.128643536118357,12.128643536118355
-1.52625,12.60583045394623,12.605830453946231
-1.5246,13.382631656978663,13.382631656978663
-1.52295,14.769000383020611,14.769000383020614
-1.5213,17.60529751299372,17.60529751299372
-1.51965,24.86762099668281,24.86762099668281
-1.518,53.628311187720186,53.62831118772017
-1.51635,353.8328989789801,353.8328989789801
-1.5147,117.60996192738439,117.60996192738438
-1.51305,34.092441840812675,34.09244184081267
-1.5114,20.332768383576077,20.332768383576077
-1.50975,15.846851863176463,15.846851863176463
-1.5081,13.848271903461315,13.848271903461315
-1.50645,12.783333460654514,12.783333460654513
-1.5048,12.144961207272761,12.144961207272765
-1.50315,11.728403360651756,11.728403360651752
-1.5015,11.438264469842228,11.438264469842226
-1.49985,11.225267121783126,11.225267121783125
-1.4982,11.0618895552851,11.0618895552851
-1.49655,10.931791743049668,10.931791743049667
-1.4949,10.824784250999643,10.824784250999642
-1.49325,10.734252563042988,10.734252563042991
-1.4916,10.655757219434353,10.655757219434355
-1.4899499999999999,10.586234133445096,10.586234133445096
-1.4883,10.523518074806708,10.523518074806706
-1.48665,10.46604824554496,10.466048245544957
-1.4849999999999999,10.412680548042067,10.41268054804207
-1.48335,10.362564530163747,10.362564530163743
-1.4817,10.315060727692455,10.315060727692456
-1.4800499999999999,10.269683916267068,10.26968391626707
-1.4784,10.226063378398923,10.226063378398923
-1.47675,10.18391458436329,10.183914584363288
-1.4750999999999999,10.143018678013386,10.143018678013384
-1.4734500000000001,10.103207393583203,10.103207393583203
-1.4718,10.064351812281489,10.06435181228149
-1.4701499999999998,10.026353873660605,10.026353873660604
-1.4685000000000001,9.989139890167323,9.989139890167321
-1.46685,9.952655536655053,9.952655536655055
-1.4651999999999998,9.91686193863101,9.916861938631008
-1.4635500000000001,9.88173258793492,9.88173258793492
-1.4619,9.847250887949595,9.847250887949594
-1.4602499999999998,9.81340818243588,9.813408182435884
-1.4586000000000001,9.780202159339336,9.780202159339336
-1.45695,9.7476355479002,9.7476355479002
-1.4553,9.71571504714158,9.71571504714158
-1.45365,9.684450438392734,9.684450438392732
-1.452,9.653853845371668,9.653853845371668
-1.45035,9.623939113516448,9.62393911351645
-1.4487,9.594721286438944,9.594721286438942
-1.44705,9.56621616209324,9.566216162093239
-1.4454,9.538439914875887,9.538439914875886
-1.44375,9.51140877267855,9.511408772678552
-1.4421,9.485138740095412,9.485138740095412
-1.44045,9.459645360694765,9.459645360694767
-1.4388,9.434943512608221,9.434943512608221
-1.43715,9.411047232753882,9.411047232753884
-1.4355,9.38796956585481,9.387969565854812
-1.43385,9.365722435088962,9.365722435088962
-1.4322,9.344316531747875,9.344316531747875
-1.43055,9.323761221717197,9.323761221717199
-1.4289,9.304064466944276,9.304064466944276
-1.42725,9.285232760343733,9.285232760343733
-1.4256,9.26727107282437,9.267271072824371
-1.42395,9.250182811310363,9.250182811310365
-1.4223,9.233969786785211,9.233969786785211
-1.42065,9.218632191514182,9.21863219151418
-1.419,9.204168584705808,9.204168584705812
-1.4173499999999999,9.190575885959749,9.19057588595975
-1.4157,9.177849375919477,9.177849375919477
-1.41405,9.16598270360773,9.16598270360773
-1.4123999999999999,9.15496789997182,9.154967899971819
-1.41075,9.144795397206687,9.144795397206686
-1.4091,9.135454053457943,9.135454053457943
-1.4074499999999999,9.126931182535683,9.126931182535683
-1.4058,9.119212588293795,9.119212588293795
-1.40415,9.112282603349856,9.112282603349852
-1.4024999999999999,9.106124131837788,9.106124131837786
-1.4008500000000002,9.100718695900035,9.100718695900035
-1.3992,9.096046485638611,9.096046485638613
-1.3975499999999998,9.092086412255144,9.092086412255146
-1.3959000000000001,9.088816164119418,9.088816164119418
-1.39425,9.086212265514462,9.086212265514462
-1.3925999999999998,9.084250137813312,9.084250137813312
-1.3909500000000001,9.082904162849623,9.082904162849625
-1.3893,9.08214774825025,9.08214774825025
-1.3876499999999998,9.081953394503778,9.081953394503778
-1.3860000000000001,9.082292763544224,9.082292763544224
-1.38435,9.083136748634596,9.083136748634596
-1.3827,9.084455545339598,9.084455545339596
-1.38105,9.086218723382162,9.086218723382164
-1.3794,9.088395299182983,9.08839529918298
-1.37775,9.090953808887235,9.090953808887235
-1.3761,9.093862381687694,9.093862381687694
-1.37445,9.097088813258084,9.097088813258084
-1.3728,9.100600639115871,9.100600639115871
-1.37115,9.104365207738564,9.104365207738566
-1.3695,9.108349753262917,9.108349753262914
-1.36785,9.11252146760168,9.11252146760168
-1.3662,9.116847571818047,9.116847571818047
-1.36455,9.121295386603427,9.121295386603427
-1.3629,9.125832401709799,9.125832401709799
-1.36125,9.13042634419384,9.130426344193838
-1.3596,9.135045245335641,9.135045245335641
-1.35795,9.13965750610104,9.13965750610104
-1.3563,9.144231961022532,9.144231961022532
-1.35465,9.148737940379965,9.148737940379966
-1.353,9.1531453305684,9.1531453305684
-1.35135,9.15742463254693,9.157424632546931
-1.3497,9.161547018268518,9.161547018268514
-1.34805,9.165484384997482,9.165484384997482
-1.3464,9.169209407427601,9.169209407427601
-1.34475,9.172695587520428,9.17269558752043
-1.3431,9.175917301989845,9.175917301989841
-1.34145,9.178849847365504,9.178849847365504
-1.3397999999999999,9.181469482574311,9.181469482574315
-1.33815,9.183753468985577,9.183753468985577
-1.3365,9.185680107872114,9.185680107872116
-1.3348499999999999,9.18722877524585,9.18722877524585
-1.3332,9.188379954033133,9.188379954033133
-1.33155,9.189115263561105,9.189115263561105
-1.3298999999999999,9.189417486333038,9.189417486333037
-1.32825,9.189270592076566,9.189270592076566
-1.3266,9.188659759055051,9.188659759055051
-1.3249499999999999,9.187571392638349,9.187571392638347
-1.3233000000000001,9.18599314113513,9.18599314113513
-1.32165,9.18391390889498,9.183913908894977
-1.3199999999999998,9.181323866693953,9.181323866693951
-1.3183500000000001,9.178214459423195,9.178214459423197
-1.3167,9.174578411105468,9.174578411105468
-1.3150499999999998,9.170409727270002,9.170409727270002
-1.3134000000000001,9.165703694721126,9.165703694721127
-1.31175,9.160456878741346,9.160456878741343
-1.3100999999999998,9.15466711777436,9.154667117774359
-1.3084500000000001,9.148333515638386,9.148333515638388
-1.3068,9.14145643132456,9.14145643132456
-1.30515,9.134037466439954,9.134037466439954
-1.3035,9.126079450358704,9.126079450358704
-1.30185,9.11758642314905,9.11758642314905
-1.3002,9.108563616348063,9.108563616348063
-1.29855,9.099017431659455,9.099017431659457
-1.2969,9.088955417653708,9.08895541765371
-1.29525,9.07838624455306,9.078386244553059
-1.2936,9.067319677187282,9.067319677187283
-1.29195,9.05576654620925,9.055766546209249
-1.2903,9.043738717662476,9.043738717662478
-1.28865,9.031249060995368,9.031249060995366
-1.287,9.018311415619971,9.01831141561997
-1.28535,9.004940556115352,9.004940556115352
-1.2837,8.99115215617834,8.991152156178341
-1.28205,8.97696275142668,8.97696275142668
-1.2804,8.962389701161948,8.962389701161946
-1.27875,8.947451149201736,8.947451149201738
-1.2771,8.932165983892789,8.932165983892789
-1.27545,8.916553797418846,8.916553797418846
-1.2738,8.900634844519004,8.900634844519006
-1.27215,8.884430000734566,8.884430000734566
-1.2705,8.86796072030435,8.867960720304351
-1.26885,8.85124899383073,8.851248993830733
-1.2671999999999999,8.834317305840965,8.834317305840967
-1.26555,8.81718859237071,8.817188592370712
-1.2639,8.799886198699475,8.799886198699477
-1.2622499999999999,8.782433837370435,8.782433837370437
-1.2606,8.764855546630528,8.764855546630528
-1.25895,8.747175649430094,8.747175649430094
-1.2572999999999999,8.729418713125654,8.729418713125655
-1.25565,8.711609510034023,8.711609510034021
-1.254,8.693772978991216,8.693772978991214
-1.2523499999999999,8.675934188075999,8.675934188075997
-1.2507000000000001,8.658118298664883,8.658118298664885
-1.24905,8.64035053099372,8.64035053099372
-1.2473999999999998,8.622656131410762,8.622656131410764
-1.2457500000000001,8.605060341517047,8.60506034151705
-1.2441,8.587588369403212,8.587588369403212
-1.2424499999999998,8.570265363206964,8.570265363206966
-1.2408000000000001,8.553116387233159,8.553116387233159
-1.23915,8.536166400899226,8.536166400899228
-1.2374999999999998,8.519440240793077,8.519440240793077
-1.2358500000000001,8.502962606158743,8.502962606158741
-1.2342,8.486758048158649,8.486758048158647
-1.23255,8.47085096330023,8.47085096330023
-1.2309,8.455265591460593,8.455265591460591
-1.22925,8.440026018996909,8.440026018996909
-1.2276,8.425156187493695,8.425156187493695
-1.22595,8.410679908773263,8.410679908773265
-1.2243,8.396620886884158,8.396620886884156
-1.22265,8.383002747887398,8.383002747887398
-1.221,8.369849078384858,8.369849078384858
-1.21935,8.357183473882271,8.357183473882273
-1.2177,8.345029598255856,8.345029598255858
-1.21605,8.333411255802599,8.333411255802599
-1.2144,8.322352477607094,8.322352477607094
-1.21275,8.311877624261756,8.311877624261758
-1.2111,8.302011507343535,8.302011507343535
-1.20945,8.292779532493368,8.292779532493368
-1.2078,8.284207867482214,8.284207867482214
-1.20615,8.27632363930218,8.27632363930218
-1.2045,8.269155165121584,8.269155165121584
-1.20285,8.262732222924903,8.262732222924901
-1.2012,8.257086368868595,8.257086368868595
-1.19955,8.252251309881556,8.252251309881556
-1.1979,8.248263341900714,8.248263341900714
-1.19625,8.245161866458181,8.245161866458181
-1.1945999999999999,8.24299000125581,8.242990001255812
-1.19295,8.241795304047917,8.241795304047917
-1.1913,8.241630633828285,8.241630633828285
-1.1896499999999999,8.242555179285342,8.242555179285342
-1.188,8.244635692152272,8.244635692152272
-1.18635,8.247947972982324,8.24794797298232
-1.1846999999999999,8.252578669764992,8.252578669764992
-1.18305,8.258627466684235,8.258627466684233
-1.1814,8.266209762613864,8.266209762613864
-1.1797499999999999,8.27545996861606,8.275459968616058
-1.1781000000000001,8.286535593531086,8.286535593531086
-1.17645,8.299622340674551,8.299622340674551
-1.1747999999999998,8.314940512387258,8.314940512387258
-1.1731500000000001,8.33275312100954,8.33275312100954
-1.1715,8.353376247015204,8.353376247015202
-1.1698499999999998,8.37719238582854,8.37719238582854
-1.1682000000000001,8.404667811979683,8.404667811979683
-1.16655,8.436375405371514,8.436375405371514
-1.1648999999999998,8.473024996213883,8.473024996213882
-1.1632500000000001,8.51550419872344,8.51550419872344
-1.1616,8.564934091021346,8.564934091021348
-1.15995,8.622746244519265,8.622746244519266
-1.1583,8.690790992375366,8.690790992375367
-1.15665,8.771492289139752,8.771492289139752
-1.155,8.868073541569617,8.868073541569618
-1.15335,8.984894116500502,8.9848941165005
-1.1517,9.127963038342337,9.127963038342337
-1.15005,9.30574487305873,9.30574487305873
-1.1484,9.530463864051482,9.530463864051482
-1.14675,9.820290951966792,9.820290951966792
-1.1451,10.203166143630817,10.203166143630815
-1.14345,10.72381098694727,10.723810986947273
-1.1418,11.457357163740788,11.45735716374079
-1.14015,12.537743591530187,12.537743591530186
-1.1385,14.222174730090824,14.222174730090822
-1.13685,17.054007131331666,17.05400713133167
-1.1352,22.33466110375822,22.334661103758215
-1.13355,33.74826173862398,33.748261738623974
-1.1319,64.03194270599843,64.03194270599843
-1.13025,152.30384060856125,152.30384060856127
-1.1286,169.70409293756757,169.70409293756757
-1.12695,71.89858887700464,71.89858887700464
-1.1253,36.33402388879415,36.33402388879416
-1.12365,23.386214314503892,23.38621431450389
-1.1219999999999999,17.566746001087246,17.566746001087246
-1.12035,14.51167250525682,14.51167250525682
-1.1187,12.724198488781333,12.724198488781333
-1.1170499999999999,11.593343765423032,11.593343765423034
-1.1154,10.834785935203794,10.834785935203795
-1.11375,10.302404041456832,10.302404041456834
-1.1120999999999999,9.915083637266546,9.915083637266546
-1.11045,9.624946065494708,9.624946065494708
-1.1088,9.402283088475574,9.402283088475572
-1.1071499999999999,9.227881803537764,9.227881803537764
-1.1055000000000001,9.088875931504967,9.088875931504967
-1.10385,8.9763889722535,8.9763889722535
-1.1021999999999998,8.884137470530499,8.884137470530497
-1.1005500000000001,8.807572581527479,8.807572581527477
-1.0989,8.743335501789296,8.743335501789298
-1.0972499999999998,8.688902271885585,8.688902271885585
-1.0956000000000001,8.642346329917686,8.642346329917686
-1.09395,8.602176264422626,8.602176264422628
-1.0922999999999998,8.567222751671947,8.567222751671947
-1.0906500000000001,8.536558359387133,8.536558359387133
-1.089,8.50943974235112,8.509439742351121
-1.08735,8.485265364329095,8.485265364329095
-1.0857,8.46354415985175,8.463544159851748
-1.08405,8.443872018289087,8.443872018289087
-1.0824,8.425913937070012,8.425913937070012
-1.08075,8.409390335022545,8.409390335022545
-1.0791,8.394066453823415,8.394066453823415
-1.07745,8.379744076389489,8.37974407638949
-1.0758,8.366255000959105,8.366255000959105
-1.07415,8.353455857930374,8.353455857930374
-1.0725,8.341223962553755,8.341223962553755
-1.07085,8.329453973207757,8.329453973207759
-1.0692,8.318055180941476,8.318055180941476
-1.06755,8.3069492972189,8.3069492972189
-1.0659,8.2960686374879,8.2960686374879
-1.06425,8.285354621221535,8.285354621221533
-1.0626,8.274756526494173,8.274756526494171
-1.06095,8.264230450427018,8.264230450427016
-1.0593,8.253738437025762,8.253738437025762
-1.05765,8.243247741807327,8.243247741807329
-1.056,8.232730208738262,8.232730208738262
-1.05435,8.222161739802043,8.222161739802043
-1.0527,8.211521841287487,8.211521841287487
-1.05105,8.20079323387958,8.200793233879581
-1.0493999999999999,8.189961516013145,8.189961516013145
-1.04775,8.179014871853475,8.179014871853475
-1.0461,8.167943816798404,8.167943816798406
-1.0444499999999999,8.156740974632735,8.156740974632735
-1.0428,8.145400881468925,8.145400881468925
-1.04115,8.133919812425411,8.133919812425413
-1.0394999999999999,8.12229562766282,8.12229562766282
-1.03785,8.110527634947791,8.110527634947791
-1.0362,8.09861646636715,8.098616466367151
-1.0345499999999999,8.08656396719037,8.086563967190372
-1.0329000000000002,8.07437309518952,8.074373095189522
-1.03125,8.062047828985559,8.06204782898556
-1.0295999999999998,8.049593084206931,8.049593084206931
-1.0279500000000001,8.03701463642818,8.03701463642818
-1.0263,8.024319050009689,8.024319050009689
-1.0246499999999998,8.011513612088544,8.011513612088544
-1.0230000000000001,7.998606271079927,7.998606271079926
-1.02135,7.985605579141033,7.985605579141033
-1.0196999999999998,7.972520638128323,7.972520638128323
-1.0180500000000001,7.959361048645969,7.959361048645969
-1.0164,7.9461368618408486,7.9461368618408486
-1.01475,7.932858533648393,7.932858533648394
-1.0131000000000001,7.919536881235742,7.919536881235743
-1.01145,7.906183041424888,7.906183041424887
-1.0098,7.8928084309095174,7.892808430909517
-1.00815,7.879424708106158,7.879424708106157
-1.0065,7.866043736503415,7.866043736503415
-1.00485,7.852677549393044,7.852677549393043
-1.0032,7.839338315883919,7.83933831588392
-1.00155,7.826038308114999,7.826038308115
-0.9999,7.812789869596287,7.812789869596287
-0.99825,7.79960538461805,7.799605384618051
-0.9966,7.786497248678319,7.7864972486783195
-0.99495,7.7734778398870334,7.773477839887034
-0.9933,7.760559491312562,7.760559491312562
-0.99165,7.747754464242574,7.747754464242573
-0.99,7.735074922336648,7.735074922336647
-0.98835,7.722532906652675,7.722532906652675
-0.9867,7.710140311533166,7.710140311533167
-0.98505,7.697908861340809,7.697908861340809
-0.9833999999999999,7.685850088035787,7.685850088035785
-0.98175,7.673975309589498,7.673975309589499
-0.9801,7.662295609231618,7.662295609231619
-0.97845,7.6508218155289605,7.65082181552896
-0.9767999999999999,7.639564483296023,7.639564483296023
-0.97515,7.628533875338245,7.628533875338244
-0.9735,7.617739945029703,7.617739945029703
-0.9718499999999999,7.607192319727821,7.607192319727821
-0.9702,7.596900285027857,7.596900285027857
-0.96855,7.586872769860426,7.586872769860425
-0.9669000000000001,7.577118332435257,7.577118332435256
-0.9652499999999999,7.567645147034471,7.56764514703447
-0.9636,7.558460991658499,7.558460991658499
-0.9619500000000001,7.549573236527452,7.549573236527453
-0.9602999999999999,7.540988833440593,7.540988833440593
-0.95865,7.532714305995905,7.532714305995905
-0.9570000000000001,7.524755740671514,7.524755740671514
-0.9553499999999999,7.517118778770002,7.517118778770001
-0.9537,7.509808609226168,7.509808609226169
-0.9520500000000001,7.502829962278069,7.502829962278071
-0.9503999999999999,7.496187104000572,7.496187104000571
-0.94875,7.489883831699923,7.489883831699926
-0.9471,7.483923470167121,7.48392347016712
-0.9454499999999999,7.478308868787063,7.478308868787063
-0.9438,7.473042399499882,7.4730423994998825
-0.94215,7.468125955609859,7.46812595560986
-0.9404999999999999,7.463560951436768,7.46356095143677
-0.93885,7.459348322803642,7.459348322803643
-0.9372,7.455488528354197,7.455488528354196
-0.9355499999999999,7.451981551692444,7.451981551692445
-0.9339,7.448826904336302,7.448826904336303
-0.93225,7.446023629476276,7.446023629476274
-0.9306000000000001,7.443570306529624,7.443570306529623
-0.9289499999999999,7.441465056479794,7.441465056479793
-0.9273,7.439705547990208,7.439705547990209
-0.9256500000000001,7.4382890042810414,7.4382890042810414
-0.9239999999999999,7.437212210756892,7.437212210756892
-0.92235,7.436471523372925,7.4364715233729255
-0.9207000000000001,7.436062877726482,7.436062877726481
-0.9190499999999999,7.435981798860804,7.435981798860804
-0.9174,7.436223411767156,7.436223411767157
-0.9157500000000001,7.436782452571289,7.436782452571288
-0.9140999999999999,7.43765328039004,7.43765328039004
-0.91245,7.438829889843642,7.4388298898436425
-0.9108,7.440305924209189,7.440305924209187
-0.9091499999999999,7.442074689200831,7.442074689200831
-0.9075,7.444129167362157,7.444129167362157
-0.90585,7.446462033056533,7.446462033056532
-0.9041999999999999,7.449065668041391,7.449065668041391
-0.90255,7.451932177612749,7.451932177612748
-0.9009,7.455053407306827,7.455053407306826
-0.8992499999999999,7.45842096014619,7.45842096014619
-0.8976,7.4620262144185325,7.4620262144185325
-0.89595,7.465860341977156,7.465860341977157
-0.8943000000000001,7.469914327053208,7.469914327053208
-0.8926499999999999,7.474178985570921,7.474178985570921
-0.891,7.478644984958515,7.478644984958515
-0.8893500000000001,7.483302864448987,7.483302864448987
-0.8876999999999999,7.488143055866816,7.488143055866816
-0.88605,7.4931559048986704,7.493155904898672
-0.8844000000000001,7.498331692848522,7.498331692848521
-0.8827499999999999,7.503660658880153,7.503660658880151
-0.8811,7.509133022752993,7.509133022752992
-0.8794500000000001,7.514739008060536,7.514739008060535
-0.8777999999999999,7.520468865984218,7.520468865984219
-0.87615,7.5263128995798105,7.52631289957981
-0.8745,7.532261488618039,7.532261488618038
-0.8728499999999999,7.538305115006251,7.538305115006253
-0.8712,7.54443438882386,7.544434388823861
-0.86955,7.550640075010668,7.550640075010669
-0.8678999999999999,7.5569131207546345,7.5569131207546345
-0.86625,7.563244683633651,7.563244683633652
-0.8646,7.569626160575242,7.5696261605752415
-0.8629499999999999,7.576049217708282,7.576049217708282
-0.8613,7.582505821192528,7.582505821192528
-0.85965,7.58898826912481,7.58898826912481
-0.8580000000000001,7.595489224635481,7.595489224635482
-0.85635,7.602001750305357,7.602001750305357
-0.8547,7.60851934405229,7.608519344052291
-0.8530500000000001,7.61503597665785,7.61503597665785
-0.8513999999999999,7.6215461311288015,7.6215461311288
-0.84975,7.628044844115655,7.628044844115655
-0.8481000000000001,7.634527749642035,7.634527749642037
-0.8464499999999999,7.640991125434284,7.640991125434284
-0.8448,7.647431942181839,7.647431942181841
-0.8431500000000001,7.653847916105782,7.653847916105784
-0.8414999999999999,7.66023756526682,7.66023756526682
-0.83985,7.666600270105979,7.666600270105978
-0.8382000000000001,7.6729363387827245,7.672936338782726
-0.8365499999999999,7.679247077957736,7.679247077957736
-0.8349,7.685534869763184,7.685534869763183
-0.83325,7.691803255814294,7.691803255814294
-0.8315999999999999,7.698057029245043,7.698057029245041
-0.82995,7.7043023359012865,7.704302335901286
-0.8283,7.710546786000809,7.710546786000809
-0.8266499999999999,7.716799577775732,7.716799577775732
-0.825,7.723071634855485,7.723071634855485
-0.82335,7.729375759434063,7.729375759434062
-0.8217000000000001,7.735726803602951,7.735726803602951
-0.82005,7.742141861631327,7.742141861631326
-0.8184,7.748640486450857,7.748640486450856
-0.8167500000000001,7.755244934169567,7.755244934169567
-0.8150999999999999,7.7619804411179,7.761980441117899
-0.81345,7.768875538744348,7.76887553874435
-0.8118000000000001,7.7759624126588145,7.7759624126588145
-0.8101499999999999,7.783277313306876,7.7832773133068756
-0.8085,7.790861027195728,7.790861027195729
-0.8068500000000001,7.798759419342771,7.798759419342771
-0.8051999999999999,7.8070240597571035,7.807024059757104
-0.80355,7.815712949390038,7.815712949390039
-0.8019000000000001,7.8248913642272155,7.824891364227216
-0.8002499999999999,7.834632840202083,7.834632840202084
-0.7986,7.845020326594639,7.845020326594639
-0.79695,7.85614754180881,7.8561475418088085
-0.7952999999999999,7.868120573247127,7.868120573247128
-0.79365,7.881059772883067,7.881059772883067
-0.792,7.895102012679122,7.895102012679125
-0.7903499999999999,7.91040338002403,7.9104033800240305
-0.7887,7.927142413953261,7.927142413953259
-0.78705,7.945524009543383,7.945524009543384
-0.7854000000000001,7.9657841525322235,7.9657841525322235
-0.78375,7.988195691657117,7.9881956916571175
-0.7821,8.013075416218069,8.013075416218067
-0.7804500000000001,8.04079278625828,8.04079278625828
-0.7787999999999999,8.07178076997344,8.071780769973442
-0.77715,8.106549388130253,8.106549388130253
-0.7755000000000001,8.145702763656457,8.145702763656455
-0.7738499999999999,8.189960748344848,8.189960748344848
-0.7722,8.24018658042071,8.240186580420708
-0.7705500000000001,8.297422565143032,8.297422565143034
-0.7688999999999999,8.362936538955099,8.362936538955099
-0.76725,8.438282988157374,8.438282988157374
-0.7656000000000001,8.525384319913995,8.525384319913993
-0.7639499999999999,8.626640201699992,8.626640201699992
-0.7623,8.745076536742546,8.745076536742546
-0.76065,8.884551249923799,8.884551249923799
-0.7589999999999999,9.050042825587859,9.050042825587859
-0.75735,9.248061517086164,9.248061517086162
-0.7557,9.48724590997863,9.48724590997863
-0.7540499999999999,9.779245437004848,9.779245437004846
-0.7524,10.140054162202834,10.140054162202834
-0.75075,10.592074538927207,10.592074538927204
-0.7491000000000001,11.16739404400034,11.167394044000341
-0.74745,11.91313590780031,11.913135907800314
-0.7458,12.900465793183505,12.900465793183505
-0.7441500000000001,14.24024195129728,14.24024195129728
-0.7424999999999999,16.111070150921844,16.111070150921844
-0.74085,18.810872756817588,18.810872756817584
-0.7392000000000001,22.85205009052309,22.852050090523093
-0.7375499999999999,29.125857907212044,29.125857907212044
-0.7359,39.09531704254111,39.09531704254111
-0.7342500000000001,54.443469436380305,54.44346943638031
-0.7325999999999999,73.53552159856756,73.53552159856756
-0.73095,83.63395231493993,83.63395231493995
-0.7293000000000001,73.04702885069527,73.04702885069527
-0.7276499999999999,53.987981362863856,53.98798136286386
-0.726,38.81851056807881,38.818510568078814
-0.72435,28.96954733378129,28.969547333781282
-0.7226999999999999,22.753961095139932,22.75396109513992
-0.72105,18.733955476058554,18.733955476058554
-0.7194,16.035587787614034,16.035587787614034
-0.7177499999999999,14.155875317991681,14.155875317991683
-0.7161,12.801820318059688,12.801820318059688
-0.71445,11.79741689417281,11.797416894172812
-0.7128000000000001,11.033211942144955,11.033211942144955
-0.71115,10.438819271293854,10.438819271293854
-0.7095,9.967558889608851,9.967558889608851
-0.7078500000000001,9.587601099427586,9.587601099427589
-0.7061999999999999,9.27669648390439,9.276696483904388
-0.70455,9.018943654155898,9.018943654155898
-0.7029000000000001,8.802750496921453,8.802750496921457
-0.7012499999999999,8.619514783448672,8.619514783448672
-0.6996,8.462750088688226,8.462750088688228
-0.6979500000000001,8.327494240857533,8.327494240857535
-0.6962999999999999,8.209901121024322,8.209901121024323
-0.69465,8.106953940870987,8.106953940870987
-0.6930000000000001,8.016260551110575,8.016260551110575
-0.6913499999999999,7.935905119498539,7.93590511949854
-0.6897,7.864339173099597,7.864339173099597
-0.68805,7.800300540695237,7.800300540695238
-0.6863999999999999,7.742752343237133,7.742752343237135
-0.68475,7.6908365745320495,7.690836574532048
-0.6831,7.643838426361142,7.6438384263611425
-0.6814499999999999,7.601158613442279,7.601158613442279
-0.6798,7.562291716157745,7.562291716157745
-0.67815,7.526809093684325,7.526809093684326
-0.6764999999999999,7.4943452996005835,7.494345299600585
-0.67485,7.464587204304201,7.464587204304201
-0.6732,7.437265225975114,7.437265225975113
-0.6715500000000001,7.41214621635948,7.412146216359481
-0.6698999999999999,7.389027654465141,7.389027654465142
-0.66825,7.367732880889086,7.367732880889086
-0.6666000000000001,7.348107165351582,7.348107165351582
-0.6649499999999999,7.330014445354529,7.330014445354529
-0.6633,7.313334608485855,7.313334608485854
-0.6616500000000001,7.297961217487122,7.297961217487122
-0.6599999999999999,7.2837995977781995,7.2837995977781995
-0.65835,7.270765223154164,7.270765223154164
-0.6567000000000001,7.258782347919901,7.258782347919899
-0.6550499999999999,7.247782843615621,7.247782843615621
-0.6534,7.237705206319911,7.237705206319911
-0.65175,7.228493706755015,7.228493706755014
-0.6500999999999999,7.220097660412299,7.220097660412301
-0.64845,7.212470798931354,7.212470798931353
-0.6468,7.205570727210737,7.205570727210737
-0.6451499999999999,7.199358453361458,7.199358453361459
-0.6435,7.193797980760052,7.193797980760052
-0.64185,7.188855953214179,7.188855953214179
-0.6401999999999999,7.184501345696222,7.184501345696224
-0.63855,7.180705194289883,7.180705194289882
-0.6369,7.177440359979261,7.177440359979263
-0.6352500000000001,7.174681321727545,7.174681321727544
-0.6335999999999999,7.172403994973627,7.172403994973626
-0.63195,7.170585572244627,7.170585572244626
-0.6303000000000001,7.169204383059863,7.169204383059862
-0.6286499999999999,7.168239770703582,7.1682397707035825
-0.627,7.167671983782744,7.167671983782744
-0.6253500000000001,7.16748208077278,7.167482080772781
-0.6236999999999999,7.167651845997625,7.167651845997624
-0.62205,7.168163715697043,7.168163715697043
-0.6204000000000001,7.169000713010861,7.169000713010859
-0.6187499999999999,7.170146390860402,7.170146390860402
-0.6171,7.171584781836765,7.171584781836764
-0.61545,7.1733003543164475,7.173300354316447
-0.6137999999999999,7.175277974120671,7.175277974120671
-0.61215,7.177502871116876,7.177502871116874
-0.6105,7.179960610232488,7.179960610232488
-0.6088499999999999,7.182637066412636,7.182637066412636
-0.6072,7.185518403107295,7.185518403107294
-0.60555,7.188591053919947,7.188591053919947
-0.6038999999999999,7.191841707090651,7.19184170709065
-0.60225,7.195257292521885,7.195257292521882
-0.6006,7.198824971086764,7.198824971086765
-0.5989500000000001,7.202532125986507,7.202532125986505
-0.5972999999999999,7.206366355947982,7.206366355947982
-0.59565,7.210315470073412,7.210315470073413
-0.5940000000000001,7.2143674841728505,7.214367484172851
-0.5923499999999999,7.2185106184265875,7.218510618426588
-0.5907,7.222733296239231,7.222733296239231
-0.5890500000000001,7.227024144160142,7.227024144160143
-0.5873999999999999,7.2313719927565,7.2313719927565
-0.58575,7.235765878335383,7.235765878335383
-0.5841000000000001,7.240195045420646,7.240195045420647
-0.5824499999999999,7.244648949898387,7.244648949898388
-0.5808,7.2491172627522555,7.249117262752254
-0.57915,7.25358987431649,7.253589874316492
-0.5774999999999999,7.258056898980492,7.258056898980492
-0.57585,7.262508680284162,7.262508680284162
-0.5742,7.266935796348193,7.266935796348192
-0.5725499999999999,7.2713290655878,7.271329065587801
-0.5709,7.275679552662598,7.275679552662598
-0.56925,7.279978574618975,7.279978574618975
-0.5675999999999999,7.284217707184668,7.284217707184669
-0.56595,7.288388791178487,7.288388791178486
-0.5643,7.292483939000968,7.292483939000969
-0.5626500000000001,7.296495541174465,7.296495541174465
-0.5609999999999999,7.3004162729036395,7.30041627290364
-0.55935,7.3042391006297605,7.304239100629761
-0.5577000000000001,7.307957288554349,7.3079572885543485
-0.5560499999999999,7.311564405109777,7.311564405109777
-0.5544,7.315054329356526,7.315054329356524
-0.5527500000000001,7.318421257288556,7.3184212572885565
-0.5510999999999999,7.321659708030094,7.3216597080300945
-0.54945,7.324764529908933,7.324764529908934
-0.5478000000000001,7.327730906392953,7.327730906392954
-0.5461499999999999,7.330554361878224,7.330554361878224
-0.5445,7.333230767318664,7.333230767318665
-0.54285,7.335756345688782,7.335756345688783
-0.5411999999999999,7.338127677272568,7.338127677272568
-0.53955,7.340341704773151,7.340341704773151
-0.5379,7.342395738239374,7.342395738239375
-0.5362499999999999,7.34428745980692,7.344287459806921
-0.5346,7.346014928253232,7.346014928253232
-0.53295,7.347576583366965,7.3475765833669655
-0.5312999999999999,7.348971250134351,7.348971250134351
-0.52965,7.35019814274637,7.35019814274637
-0.528,7.351256868432412,7.351256868432412
-0.5263500000000001,7.352147431127682,7.352147431127682
-0.5246999999999999,7.352870234983422,7.352870234983422
-0.52305,7.3534260877308455,7.353426087730845
-0.5214000000000001,7.353816203911524,7.353816203911524
-0.5197499999999999,7.354042207989022,7.354042207989022
-0.5181,7.354106137358568,7.354106137358568
-0.5164500000000001,7.3540104452737785,7.3540104452737785
-0.5147999999999999,7.353758003711788,7.353758003711787
-0.51315,7.353352106200498,7.353352106200499
-0.5115000000000001,7.352796470634332,7.352796470634333
-0.5098499999999999,7.352095242107616,7.352095242107615
-0.5082,7.351252995797684,7.351252995797685
-0.5065500000000001,7.350274739932966,7.350274739932968
-0.5048999999999999,7.349165918884761,7.3491659188847605
-0.50325,7.3479324164250475,7.347932416425048
-0.5016,7.346580559196694,7.346580559196695
-0.4999499999999999,7.345117120446774,7.345117120446772
-0.49829999999999997,7.343549324078301,7.343549324078303
-0.49665000000000004,7.341884849080941,7.341884849080941
-0.4949999999999999,7.340131834406689,7.34013183440669
-0.49334999999999996,7.338298884362744,7.338298884362742
-0.4917,7.336395074600404,7.336395074600405
-0.4900500000000001,7.3344299587862345,7.334429958786234
-0.48839999999999995,7.332413576049758,7.332413576049759
-0.48675,7.330356459310976,7.330356459310977
-0.4851000000000001,7.328269644600727,7.328269644600727
-0.48344999999999994,7.326164681497956,7.326164681497956
-0.4818,7.324053644819937,7.324053644819938
-0.4801500000000001,7.321949147715018,7.321949147715018
-0.4784999999999999,7.319864356322369,7.319864356322369
-0.47685,7.317813006179861,7.317813006179862
-0.47520000000000007,7.31580942057985,7.315809420579848
-0.4735499999999999,7.313868531093358,7.313868531093355
-0.4719,7.312005900506534,7.312005900506534
-0.47025000000000006,7.310237748439281,7.310237748439281
-0.4685999999999999,7.308580979945365,7.308580979945363
-0.46695,7.307053217426324,7.307053217426322
-0.46530000000000005,7.305672836228691,7.305672836228691
-0.4636499999999999,7.304459004336127,7.304459004336127
-0.46199999999999997,7.303431726615442,7.303431726615442
-0.46035000000000004,7.302611894129521,7.302611894129521
-0.4586999999999999,7.302021339090989,7.302021339090987
-0.45704999999999996,7.301682896099999,7.301682896099999
-0.4554,7.301620470388461,7.3016204703884595
-0.4537500000000001,7.301859113883063,7.301859113883062
-0.45209999999999995,7.302425110002438,7.302425110002438
-0.45045,7.303346068221415,7.303346068221415
-0.4488000000000001,7.304651029570463,7.304651029570463
-0.44714999999999994,7.306370584393373,7.306370584393374
-0.4455,7.30853700386474,7.30853700386474
-0.4438500000000001,7.311184386974528,7.311184386974529
-0.4421999999999999,7.31434882492481,7.314348824924811
-0.44055,7.318068585158903,7.318068585158904
-0.43890000000000007,7.322384317562541,7.322384317562542
-0.4372499999999999,7.327339285747965,7.327339285747965
-0.4356,7.332979626764381,7.33297962676438
-0.43395000000000006,7.3393546430835315,7.3393546430835315
-0.4322999999999999,7.346517131300535,7.3465171313005335
-0.43065,7.354523752684101,7.354523752684102
-0.42900000000000005,7.363435451526574,7.363435451526573
-0.4273499999999999,7.373317928206825,7.373317928206825
-0.42569999999999997,7.384242175017225,7.384242175017224
-0.42405000000000004,7.396285084155031,7.396285084155032
-0.4223999999999999,7.409530138882397,7.409530138882396
-0.42074999999999996,7.424068200771113,7.424068200771112
-0.41910000000000003,7.439998408233955,7.4399984082339525
-0.4174500000000001,7.4574292042854475,7.457429204285447
-0.41579999999999995,7.476479514771743,7.476479514771742
-0.41415,7.4972801022874584,7.497280102287457
-0.4125000000000001,7.519975125813221,7.519975125813221
-0.41084999999999994,7.544723941957125,7.544723941957125
-0.4092,7.571703190812982,7.571703190812982
-0.4075500000000001,7.6011092181688635,7.601109218168864
-0.4058999999999999,7.633160896504937,7.633160896504937
-0.40425,7.668102920411047,7.668102920411047
-0.40260000000000007,7.70620966837142,7.70620966837142
-0.4009499999999999,7.747789743125867,7.747789743125867
-0.3993,7.793191328079036,7.793191328079037
-0.39765000000000006,7.842808528854335,7.842808528854336
-0.3959999999999999,7.897088908844044,7.897088908844045
-0.39435,7.9565424777930165,7.9565424777930165
-0.39270000000000005,8.021752456075433,8.021752456075433
-0.3910499999999999,8.093388218321772,8.093388218321772
-0.38939999999999997,8.172220923606687,8.172220923606686
-0.38775000000000004,8.259142472342797,8.259142472342797
-0.3860999999999999,8.355188601351031,8.355188601351031
-0.38444999999999996,8.461567150195483,8.461567150195485
-0.38280000000000003,8.579692819480737,8.579692819480737
-0.3811500000000001,8.711230116057285,8.711230116057285
-0.37949999999999995,8.858146667931422,8.858146667931418
-0.37785,9.022779727912328,9.022779727912328
-0.3762000000000001,9.207919513585058,9.207919513585058
-0.37454999999999994,9.41691410552878,9.416914105528782
-0.3729,9.653802006468746,9.653802006468744
-0.3712500000000001,9.92348021033343,9.923480210333432
-0.36959999999999993,10.231917776300724,10.231917776300724
-0.36795,10.586427404565224,10.586427404565224
-0.36630000000000007,10.996010127149916,10.996010127149914
-0.3646499999999999,11.47179027359754,11.471790273597538
-0.363,12.027557707697477,12.027557707697476
-0.36135000000000006,12.680428332940348,12.680428332940346
-0.3596999999999999,13.451614395260025,13.451614395260027
-0.35805,14.367247667675455,14.367247667675453
-0.35640000000000005,15.459090888766005,15.459090888766006
-0.3547499999999999,16.764749717867495,16.764749717867492
-0.35309999999999997,18.326564068898925,18.32656406889892
-0.35145000000000004,20.187582245544693,20.187582245544693
-0.3497999999999999,22.381815033231682,22.38181503323168
-0.34814999999999996,24.914615232047673,24.91461523204767
-0.34650000000000003,27.729085818012823,27.729085818012823
-0.3448500000000001,30.66015463653888,30.660154636538874
-0.34319999999999995,33.39582035401986,33.395820354019854
-0.34155,35.49309624337487,35.49309624337487
-0.3399000000000001,36.500406765984835,36.500406765984835
-0.33824999999999994,36.16289190959246,36.16289190959247
-0.3366,34.566852213579196,34.566852213579196
-0.3349500000000001,32.08944927452917,32.08944927452917
-0.33329999999999993,29.202210061164767,29.202210061164763
-0.33165,26.293843563113086,26.293843563113082
-0.33000000000000007,23.602825760481227,23.602825760481227
-0.3283499999999999,21.23546907974248,21.23546907974248
-0.3267,19.212651682304852,19.212651682304855
-0.32505000000000006,17.51106487945546,17.511064879455468
-0.3233999999999999,16.08985655644369,16.08985655644369
-0.32175,14.904950127389915,14.904950127389913
-0.32010000000000005,13.91558071238821,13.915580712388211
-0.3184499999999999,13.08661965988041,13.086619659880407
-0.31679999999999997,12.388873847010844,12.388873847010844
-0.31515000000000004,11.798537373743626,11.798537373743624
-0.3134999999999999,11.29637512192736,11.29637512192736
-0.31184999999999996,10.866898358237236,10.866898358237234
-0.31020000000000003,10.497633752426303,10.497633752426303
-0.3085500000000001,10.17851318996743,10.178513189967429
-0.30689999999999995,9.901380155203295,9.901380155203293
-0.30525,9.65959704151814,9.659597041518136
-0.3036000000000001,9.447735389730788,9.447735389730788
-0.30194999999999994,9.26133239814871,9.26133239814871
-0.3003,9.096699602097472,9.09669960209747
-0.2986500000000001,8.950772305023651,8.95077230502365
-0.29699999999999993,8.820990738346852,8.820990738346856
-0.29535,8.7052059144859,8.7052059144859
-0.29370000000000007,8.601604725010413,8.601604725010413
-0.2920499999999999,8.508650077639386,8.508650077639384
-0.2904,8.425032825781491,8.425032825781493
-0.28875000000000006,8.349632981881172,8.349632981881172
-0.2870999999999999,8.281488271043674,8.281488271043672
-0.28545,8.219768514410049,8.219768514410049
-0.28380000000000005,8.16375466388572,8.16375466388572
-0.2821499999999999,8.112821565182369,8.112821565182369
-0.28049999999999997,8.06642372305851,8.06642372305851
-0.27885000000000004,8.024083495048057,8.024083495048059
-0.2771999999999999,7.98538125837013,7.98538125837013
-0.27554999999999996,7.949947187077125,7.949947187077126
-0.27390000000000003,7.917454348851742,7.9174543488517415
-0.2722499999999999,7.887612887783251,7.88761288778325
-0.27059999999999995,7.860165104422712,7.860165104422712
-0.26895,7.834881280095939,7.834881280095939
-0.2673000000000001,7.81155612088049,7.811556120880492
-0.26564999999999994,7.790005719396279,7.79000571939628
-0.264,7.770064950829487,7.770064950829487
-0.2623500000000001,7.751585234344408,7.751585234344408
-0.26069999999999993,7.734432602968345,7.734432602968344
-0.25905,7.718486034730669,7.71848603473067
-0.2574000000000001,7.703636005747002,7.703636005747002
-0.2557499999999999,7.68978323241502,7.689783232415021
-0.2541,7.676837575208574,7.676837575208574
-0.25245000000000006,7.66471708094266,7.664717080942658
-0.2507999999999999,7.653347144009384,7.653347144009383
-0.24914999999999998,7.642659770095289,7.642659770095289
-0.24750000000000005,7.632592928395969,7.632592928395967
-0.2458499999999999,7.623089980436062,7.623089980436062
-0.24419999999999997,7.614099175354645,7.614099175354644
-0.24255000000000004,7.605573202987292,7.605573202987292
-0.2408999999999999,7.597468797315363,7.597468797315364
-0.23924999999999996,7.589746383899398,7.589746383899398
-0.23760000000000003,7.582369765799593,7.582369765799596
-0.23594999999999988,7.575305843238584,7.575305843238584
-0.23429999999999995,7.5685243629017975,7.5685243629017975
-0.23265000000000002,7.5619976933168855,7.561997693316887
-0.2310000000000001,7.555700623220687,7.555700623220687
-0.22934999999999994,7.549610180222588,7.549610180222589
-0.2277,7.543705467417055,7.5437054674170545
-0.22605000000000008,7.537967515894147,7.537967515894148
-0.22439999999999993,7.532379151352495,7.532379151352495
-0.22275,7.526924873240027,7.526924873240028
-0.22110000000000007,7.521590745039277,7.521590745039277
-0.21944999999999992,7.516364294480224,7.516364294480225
-0.2178,7.511234422608368,7.511234422608367
-0.21615000000000006,7.506191320761595,7.506191320761597
-0.2144999999999999,7.5012263946196684,7.5012263946196684
-0.21284999999999998,7.4963321945863495,7.496332194586348
-0.21120000000000005,7.491502351848643,7.491502351848643
-0.2095499999999999,7.4867315195318165,7.486731519531816
-0.20789999999999997,7.482015318434046,7.482015318434045
-0.20625000000000004,7.477350286882043,7.477350286882043
-0.2045999999999999,7.472733834299834,7.472733834299834
-0.20294999999999996,7.468164198127672,7.468164198127671
-0.20130000000000003,7.463640403767922,7.463640403767921
-0.19964999999999988,7.4591622272701095,7.4591622272701095
-0.19799999999999995,7.454730160498606,7.454730160498606
-0.19635000000000002,7.4503453785545615,7.4503453785545615
-0.1947000000000001,7.446009709248598,7.446009709248598
-0.19304999999999994,7.441725604443103,7.441725604443102
-0.19140000000000001,7.437496113103073,7.437496113103072
-0.18975000000000009,7.433324855912278,7.433324855912279
-0.18809999999999993,7.429216001327925,7.429216001327926
-0.18645,7.42517424296132,7.425174242961319
-0.18480000000000008,7.421204778185462,7.421204778185461
-0.18314999999999992,7.417313287882319,7.41731328788232
-0.1815,7.413505917253424,7.413505917253424
-0.17985000000000007,7.409789257627353,7.409789257627353
-0.17819999999999991,7.406170329206753,7.406170329206753
-0.17654999999999998,7.402656564705756,7.402656564705755
-0.17490000000000006,7.399255793836422,7.3992557938364225
-0.1732499999999999,7.395976228609851,7.395976228609851
-0.17159999999999997,7.392826449424176,7.392826449424177
-0.16995000000000005,7.389815391917813,7.389815391917812
-0.1682999999999999,7.38695233457207,7.3869523345720705
-0.16664999999999996,7.384246887052664,7.384246887052665
-0.16500000000000004,7.3817089792848565,7.381708979284858
-0.16334999999999988,7.379348851261763,7.379348851261762
-0.16169999999999995,7.377177043590263,7.377177043590264
-0.16005000000000003,7.3752043887833905,7.375204388783392
-0.1584000000000001,7.37344200331258,7.373442003312579
-0.15674999999999994,7.3719012804376485,7.3719012804376485
-0.15510000000000002,7.370593883836564,7.370593883836563
-0.1534500000000001,7.369531742061579,7.369531742061578
-0.15179999999999993,7.368727043852562,7.3687270438525605
-0.15015,7.368192234342839,7.368192234342838
-0.14850000000000008,7.367940012197372,7.367940012197372
-0.14684999999999993,7.3679833277278055,7.3679833277278055
-0.1452,7.368335382033596,7.368335382033597
-0.14355000000000007,7.369009627223608,7.369009627223609
-0.14189999999999992,7.370019767777738,7.370019767777737
-0.14024999999999999,7.3713797631135805,7.371379763113581
-0.13860000000000006,7.373103831429145,7.3731038314291455
-0.1369499999999999,7.375206454898683,7.375206454898682
-0.13529999999999998,7.37770238630542,7.377702386305421
-0.13365000000000005,7.380606657201975,7.380606657201973
-0.1319999999999999,7.3839345876968805,7.3839345876968805
-0.13034999999999997,7.387701797973841,7.387701797973841
-0.12870000000000004,7.391924221659032,7.391924221659033
-0.12704999999999989,7.396618121161552,7.39661812116155
-0.12539999999999996,7.401800105122111,7.40180010512211
-0.12375000000000003,7.40748714811667,7.4074871481166715
-0.1221000000000001,7.4136966127735295,7.4136966127735295
-0.12044999999999995,7.420446274476,7.420446274476
-0.11880000000000002,7.427754348837023,7.4277543488370235
-0.11715000000000009,7.435639522147995,7.435639522147995
-0.11549999999999994,7.444120985021299,7.4441209850213
-0.11385,7.453218469464884,7.453218469464884
-0.11220000000000008,7.462952289647886,7.462952289647886
-0.11054999999999993,7.4733433866388115,7.4733433866388115
-0.1089,7.484413377422681,7.484413377422679
-0.10725000000000007,7.496184608530458,7.496184608530458
-0.10559999999999992,7.508680214644062,7.5086802146440625
-0.10394999999999999,7.521924182572661,7.52192418257266
-0.10230000000000006,7.535941421031907,7.535941421031906
-0.1006499999999999,7.550757836696989,7.55075783669699
-0.09899999999999998,7.566400417043505,7.566400417043505
-0.09735000000000005,7.582897320537546,7.582897320537546
-0.0956999999999999,7.6002779747883045,7.600277974788305
-0.09404999999999997,7.618573183333511,7.61857318333351
-0.09240000000000004,7.637815241790728,7.637815241790727
-0.09074999999999989,7.658038064175988,7.658038064175989
-0.08909999999999996,7.679277320266556,7.679277320266555
-0.08745000000000003,7.701570584967025,7.7015705849670235
-0.0858000000000001,7.7249575007280535,7.724957500728053
-0.08414999999999995,7.7494799541656585,7.7494799541656585
-0.08250000000000002,7.775182268136444,7.775182268136444
-0.08085000000000009,7.802111410641501,7.802111410641502
-0.07919999999999994,7.8303172220588735,7.830317222058873
-0.07755000000000001,7.859852662342765,7.859852662342765
-0.07590000000000008,7.890774079976936,7.890774079976936
-0.07424999999999993,7.923141504630185,7.923141504630185
-0.0726,7.95701896563418,7.957018965634181
-0.07095000000000007,7.992474838586901,7.992474838586899
-0.06929999999999992,8.029582222578542,8.029582222578542
-0.06764999999999999,8.068419350739322,8.068419350739322
-0.06600000000000006,8.109070037017803,8.109070037017801
-0.06434999999999991,8.151624162310906,8.151624162310908
-0.06269999999999998,8.196178203277984,8.196178203277984
-0.06105000000000005,8.242835807374131,8.24283580737413
-0.0593999999999999,8.29170841782289,8.29170841782289
-0.05774999999999997,8.342915952403422,8.342915952403422
-0.05610000000000004,8.396587540034314,8.396587540034314
-0.05444999999999989,8.452862319173306,8.452862319173306
-0.05279999999999996,8.511890301989151,8.511890301989151
-0.05115000000000003,8.573833308059621,8.573833308059621
-0.0495000000000001,8.638865970956614,8.638865970956616
-0.04784999999999995,8.707176820429776,8.707176820429773
-0.04620000000000002,8.778969441907398,8.7789694419074
-0.04455000000000009,8.854463713587844,8.854463713587842
-0.04289999999999994,8.933897119353784,8.933897119353785
-0.04125000000000001,9.017526132925187,9.017526132925186
-0.03960000000000008,9.105627664844427,9.105627664844425
-0.03794999999999993,9.198500558766428,9.19850055876643
-0.0363,9.29646711674234,9.296467116742338
-0.03465000000000007,9.39987462427624,9.39987462427624
-0.03299999999999992,9.50909683432905,9.509096834329048
-0.03134999999999999,9.624535354438088,9.624535354438088
-0.02970000000000006,9.746620861853861,9.74662086185386
-0.02804999999999991,9.875814047030735,9.875814047030733
-0.02639999999999998,10.012606154721114,10.012606154721116
-0.02475000000000005,10.157518952893456,10.157518952893458
-0.0230999999999999,10.311103911134284,10.311103911134285
-0.02144999999999997,10.473940310409969,10.473940310409969
-0.01980000000000004,10.646631933381215,10.646631933381213
-0.01814999999999989,10.829801897467735,10.829801897467732
-0.01649999999999996,11.024085090787203,11.024085090787203
-0.01485000000000003,11.230117554440636,11.230117554440637
-0.0132000000000001,11.448522026082763,11.448522026082767
-0.01154999999999995,11.679888725557667,11.679888725557667
-0.00990000000000002,11.924750335276581,11.924750335276581
-0.00825000000000009,12.18355002556483,12.183550025564829
-0.006599999999999939,12.456601328959916,12.456601328959916
-0.00495000000000001,12.744038722322369,12.744038722322365
-0.0033000000000000806,13.045757994023859,13.04575799402386
-0.0016499999999999293,13.361345936914867,13.361345936914867
0.0,13.689999714834505,13.689999714834507
0.0016499999999999293,14.030437507792179,14.030437507792179
0.0033000000000000806,14.380803843106403,14.380803843106406
0.00495000000000001,14.738575412667132,14.73857541266713
0.006599999999999939,15.100476101932523,15.100476101932525
0.00825000000000009,15.462413179599592,15.462413179599594
0.00990000000000002,15.819449630831677,15.819449630831677
0.01154999999999995,16.16582967212498,16.165829672124975
0.0132000000000001,16.495074497292833,16.495074497292833
0.01485000000000003,16.800162092811867,16.800162092811863
0.01649999999999996,17.073797574692602,17.073797574692602
0.01815000000000011,17.30876871116591,17.308768711165914
0.01980000000000004,17.498366128998896,17.498366128998892
0.02145000000000019,17.636831725392366,17.63683172539237
0.0230999999999999,17.719785901536497,17.719785901536493
0.02475000000000005,17.744578644619693,17.744578644619693
0.0264000000000002,17.710514332344175,17.710514332344182
0.02804999999999991,17.618915926552834,17.618915926552837
0.02970000000000006,17.473018148210567,17.473018148210567
0.03135000000000021,17.277705750558848,17.277705750558848
0.03299999999999992,17.039135680163888,17.039135680163888
0.03465000000000007,16.764295604085913,16.764295604085916
0.03630000000000022,16.460553802011024,16.460553802011024
0.03794999999999993,16.13524788825479,16.13524788825479
0.03960000000000008,15.79534573932972,15.79534573932972
0.04124999999999979,15.447195687132936,15.447195687132938
0.04289999999999994,15.09636821576623,15.096368215766228
0.04455000000000009,14.747580361898,14.747580361898002
0.0461999999999998,14.404687508436709,14.404687508436709
0.04784999999999995,14.07072484704035,14.07072484704035
0.0495000000000001,13.747981405426314,13.747981405426312
0.05114999999999981,13.438091984547894,13.438091984547892
0.05279999999999996,13.142135588398055,13.142135588398057
0.05445000000000011,12.86073221435459,12.860732214354588
0.05609999999999982,12.594132768263739,12.59413276826374
0.05774999999999997,12.342299183794646,12.342299183794648
0.05940000000000012,12.104973532337347,12.104973532337347
0.06104999999999983,11.881736072842237,11.881736072842237
0.06269999999999998,11.67205291506613,11.67205291506613
0.06435000000000013,11.475314365320996,11.475314365320997
0.06599999999999984,11.290865189847134,11.290865189847135
0.06764999999999999,11.118028047201724,11.118028047201728
0.06930000000000014,10.956121267540837,10.956121267540835
0.07094999999999985,10.804472035790175,10.804472035790175
0.0726,10.662425895762265,10.662425895762265
0.07425000000000015,10.52935335101822,10.529353351018221
0.07589999999999986,10.404654205925748,10.404654205925748
0.07755000000000001,10.287760172096505,10.287760172096506
0.07920000000000016,10.178136163101817,10.178136163101815
0.08084999999999987,10.075280614009833,10.075280614009834
0.08250000000000002,9.978725090716278,9.978725090716276
0.08415000000000017,9.888033395585214,9.888033395585213
0.08579999999999988,9.802800328744341,9.802800328744341
0.08745000000000003,9.72265022669998,9.722650226699981
0.08910000000000018,9.6472353701044,9.6472353701044
0.09074999999999989,9.576234329078119,9.576234329078119
0.09240000000000004,9.509350296227867,9.509350296227865
0.09405000000000019,9.446309443371735,9.446309443371735
0.0956999999999999,9.386859327133761,9.386859327133761
0.09735000000000005,9.33076736030912,9.33076736030912
0.0990000000000002,9.277819359666497,9.277819359666498
0.1006499999999999,9.227818176199214,9.227818176199213
0.10230000000000006,9.180582410406858,9.180582410406858
0.10395000000000021,9.135945212702264,9.135945212702264
0.10559999999999992,9.09375316727417,9.093753167274171
0.10725000000000007,9.05386525652204,9.053865256522037
0.10890000000000022,9.016151902380587,9.016151902380585
0.11054999999999993,8.980494080363403,8.980494080363403
0.11220000000000008,8.94678250189756,8.946782501897562
0.11384999999999978,8.914916860431797,8.914916860431797
0.11549999999999994,8.88480513683167,8.884805136831671
0.11715000000000009,8.856362959691527,8.856362959691529
0.1187999999999998,8.829513016365727,8.829513016365727
0.12044999999999995,8.804184510731513,8.804184510731513
0.1221000000000001,8.780312663927264,8.780312663927262
0.1237499999999998,8.757838254550858,8.75783825455086
0.12539999999999996,8.736707195046604,8.736707195046607
0.1270500000000001,8.71687014124876,8.716870141248762
0.12869999999999981,8.698282132281513,8.698282132281514
0.13034999999999997,8.680902258236992,8.680902258236994
0.13200000000000012,8.664693353262408,8.66469335326241
0.13364999999999982,8.649621711883935,8.649621711883931
0.13529999999999998,8.635656826578504,8.635656826578504
0.13695000000000013,8.622771144774704,8.622771144774704
0.13859999999999983,8.61093984362122,8.61093984362122
0.14024999999999999,8.600140621006025,8.600140621006021
0.14190000000000014,8.590353501442712,8.59035350144271
0.14354999999999984,8.581560655561846,8.58156065556185
0.1452,8.573746232057056,8.573746232057056
0.14685000000000015,8.56689620103717,8.566896201037169
0.14849999999999985,8.560998207828536,8.560998207828533
0.15015,8.556041436356338,8.556041436356336
0.15180000000000016,8.55201648131058,8.55201648131058
0.15344999999999986,8.548915228372506,8.548915228372504
0.15510000000000002,8.546730741840843,8.546730741840843
0.15675000000000017,8.545457159055081,8.545457159055081
0.15839999999999987,8.545089591065436,8.54508959106544
0.16005000000000003,8.545624029046916,8.545624029046914
0.16170000000000018,8.547057255998018,8.547057255998022
0.16334999999999988,8.549386763303922,8.549386763303922
0.16500000000000004,8.552610671779501,8.5526106717795
0.1666500000000002,8.556727656839753,8.556727656839753
0.1682999999999999,8.561736877474504,8.561736877474505
0.16995000000000005,8.56763790873057,8.567637908730568
0.1716000000000002,8.574430677428625,8.574430677428625
0.1732499999999999,8.582115400863675,8.582115400863675
0.17490000000000006,8.590692528257586,8.590692528257588
0.1765500000000002,8.600162684749922,8.600162684749922
0.17819999999999991,8.61052661772932,8.610526617729322
0.17985000000000007,8.621785145322145,8.621785145322143
0.18150000000000022,8.63393910686813,8.633939106868128
0.18314999999999992,8.646989315224697,8.646989315224697
0.18480000000000008,8.660936510752043,8.660936510752041
0.18645000000000023,8.67578131684085,8.675781316840846
0.18809999999999993,8.691524196853084,8.691524196853086
0.18975000000000009,8.708165412354163,8.70816541235416
0.1913999999999998,8.725704982521746,8.725704982521746
0.19304999999999994,8.744142644623057,8.744142644623059
0.1947000000000001,8.763477815458106,8.763477815458108
0.1963499999999998,8.783709553671853,8.783709553671855
0.19799999999999995,8.804836522843003,8.804836522843004
0.1996500000000001,8.82685695526175,8.826856955261754
0.2012999999999998,8.849768616313051,8.849768616313051
0.20294999999999996,8.873568769386116,8.873568769386116
0.20460000000000012,8.898254141234558,8.898254141234556
0.20624999999999982,8.923820887715799,8.9238208877158
0.20789999999999997,8.950264559842022,8.950264559842022
0.20955000000000013,8.97758007007897,8.977580070078968
0.21119999999999983,9.005761658833341,9.005761658833341
0.21284999999999998,9.034802861073704,9.034802861073704
0.21450000000000014,9.064696473034873,9.064696473034875
0.21614999999999984,9.095434518961051,9.095434518961053
0.2178,9.127008217848763,9.127008217848761
0.21945000000000014,9.159407950157243,9.159407950157243
0.22109999999999985,9.192623224461302,9.192623224461302
0.22275,9.226642644029816,9.226642644029818
0.22440000000000015,9.261453873322145,9.261453873322147
0.22604999999999986,9.2970436044053,9.297043604405298
0.2277,9.333397523306097,9.333397523306099
0.22935000000000016,9.370500276325396,9.370500276325398
0.23099999999999987,9.408335436356175,9.408335436356177
0.23265000000000002,9.446885469263083,9.446885469263083
0.23430000000000017,9.486131700398644,9.486131700398646
0.23594999999999988,9.52605428135132,9.526054281351318
0.23760000000000003,9.566632157041683,9.566632157041683
0.23925000000000018,9.607843033306523,9.607843033306525
0.2408999999999999,9.649663345136416,9.649663345136414
0.24255000000000004,9.692068225759687,9.692068225759689
0.2442000000000002,9.73503147679527,9.73503147679527
0.2458499999999999,9.778525539729028,9.778525539729026
0.24750000000000005,9.822521469001472,9.822521469001474
0.2491500000000002,9.86698890703012,9.86698890703012
0.2507999999999999,9.911896061527308,9.911896061527312
0.25245000000000006,9.957209685512073,9.957209685512074
0.2541000000000002,10.0028950604542,10.002895060454202
0.2557499999999999,10.048915983028511,10.048915983028511
0.2574000000000001,10.095234755996902,10.095234755996904
0.2590500000000002,10.141812183774656,10.141812183774658
0.26069999999999993,10.188607573275206,10.188607573275208
0.2623500000000001,10.23557874066239,10.23557874066239
0.2639999999999998,10.282682024670613,10.282682024670613
0.26564999999999994,10.329872307180914,10.329872307180915
0.2673000000000001,10.37710304176112,10.37710304176112
0.2689499999999998,10.424326290892957,10.424326290892957
0.27059999999999995,10.471492772613388,10.47149277261339
0.2722500000000001,10.518551917292404,10.518551917292404
0.2738999999999998,10.565451935252488,10.565451935252486
0.27554999999999996,10.61213989590394,10.61213989590394
0.2772000000000001,10.658561819024454,10.658561819024456
0.2788499999999998,10.704662778749077,10.704662778749078
0.28049999999999997,10.75038702075586,10.75038702075586
0.2821500000000001,10.79567809303291,10.795678093032908
0.28379999999999983,10.840478990493024,10.840478990493022
0.28545,10.884732313561628,10.884732313561628
0.28710000000000013,10.92838044070285,10.92838044070285
0.28874999999999984,10.971365714667705,10.971365714667705
0.2904,11.013630642048271,11.013630642048273
0.29205000000000014,11.055118105503762,11.055118105503762
0.29369999999999985,11.095771587792852,11.095771587792852
0.29535,11.13553540650174,11.13553540650174
0.29700000000000015,11.17435495810587,11.17435495810587
0.29864999999999986,11.212176969748741,11.212176969748743
0.3003,11.248949756868504,11.248949756868504
0.30195000000000016,11.284623484559418,11.28462348455942
0.30359999999999987,11.319150430327179,11.319150430327177
0.30525,11.352485245690028,11.352485245690028
0.3069000000000002,11.38458521390092,11.38458521390092
0.3085499999999999,11.415410500925079,11.415410500925077
0.31020000000000003,11.444924396709174,11.444924396709174
0.3118500000000002,11.473093543729645,11.473093543729645
0.3134999999999999,11.499888149813131,11.49988814981313
0.31515000000000004,11.525282182285602,11.525282182285602
0.3168000000000002,11.549253540631405,11.549253540631405
0.3184499999999999,11.571784205030074,11.571784205030072
0.32010000000000005,11.592860358386444,11.592860358386442
0.3217500000000002,11.61247247977552,11.612472479775521
0.3233999999999999,11.630615407583711,11.630615407583711
0.32505000000000006,11.64728837103484,11.64728837103484
0.3267000000000002,11.662494989235581,11.66249498923558
0.3283499999999999,11.67624323735023,11.676243237350228
0.33000000000000007,11.68854538000802,11.688545380008017
0.3316500000000002,11.699417872545785,11.699417872545784
0.33329999999999993,11.708881231182513,11.708881231182511
0.3349500000000001,11.716959873696972,11.716959873696974
0.3365999999999998,11.72368193262456,11.723681932624558
0.33824999999999994,11.729079043392321,11.729079043392321
0.3399000000000001,11.73318611016312,11.73318611016312
0.3415499999999998,11.736041052452144,11.736041052452142
0.34319999999999995,11.737684535805856,11.737684535805858
0.3448500000000001,11.73815968999011,11.738159689990113
0.3464999999999998,11.737511818219435,11.737511818219435
0.34814999999999996,11.735788100972819,11.735788100972817
0.3498000000000001,11.733037297885513,11.733037297885513
0.3514499999999998,11.729309451085628,11.729309451085626
0.35309999999999997,11.724655593164346,11.724655593164346
0.3547500000000001,11.719127462736997,11.719127462736996
0.35639999999999983,11.712777230277291,11.712777230277288
0.35805,11.705657236597803,11.705657236597803
0.35970000000000013,11.697819746015808,11.69781974601581
0.36134999999999984,11.68931671589415,11.689316715894147
0.363,11.680199583891087,11.680199583891087
0.36465000000000014,11.670519073899854,11.670519073899854
0.36629999999999985,11.66032502131489,11.66032502131489
0.36795,11.649666217935398,11.649666217935398
0.36960000000000015,11.638590276512332,11.638590276512332
0.37124999999999986,11.62714351466765,11.62714351466765
0.3729,11.615370857667594,11.615370857667594
0.37455000000000016,11.603315759317143,11.603315759317145
0.37619999999999987,11.591020140061683,11.591020140061682
0.37785,11.578524341234955,11.578524341234957
0.37950000000000017,11.56586709427828,11.565867094278277
0.3811499999999999,11.553085503673627,11.553085503673628
0.38280000000000003,11.54021504228096,11.54021504228096
0.3844500000000002,11.527289557744876,11.527289557744878
0.3860999999999999,11.514341288635265,11.514341288635263
0.38775000000000004,11.501400889007732,11.501400889007732
0.3894000000000002,11.488497460109498,11.488497460109496
0.3910499999999999,11.475658588011598,11.4756585880116
0.39270000000000005,11.462910386016402,11.4629103860164
0.3943500000000002,11.450277540767068,11.45027754076707
0.3959999999999999,11.437783361070618,11.437783361070622
0.39765000000000006,11.425449828535722,11.425449828535722
0.3993000000000002,11.413297649218864,11.413297649218864
0.4009499999999999,11.401346305565196,11.401346305565198
0.40260000000000007,11.389614108022498,11.389614108022496
0.4042500000000002,11.378118245796223,11.378118245796223
0.4058999999999999,11.366874836299788,11.366874836299786
0.4075500000000001,11.355898972935766,11.355898972935766
0.4091999999999998,11.34520477092049,11.345204770920493
0.41084999999999994,11.33480541093515,11.33480541093515
0.4125000000000001,11.324713180451523,11.324713180451521
0.4141499999999998,11.314939512639134,11.314939512639132
0.41579999999999995,11.305495022812817,11.305495022812819
0.4174500000000001,11.296389542425809,11.296389542425814
0.4190999999999998,11.287632150653245,11.287632150653245
0.42074999999999996,11.279231203644708,11.27923120364471
0.4224000000000001,11.271194361552638,11.27119436155264
0.4240499999999998,11.263528613465533,11.263528613465537
0.42569999999999997,11.256240300392573,11.256240300392575
0.4273500000000001,11.249335136458319,11.249335136458319
0.4289999999999998,11.242818228474123,11.242818228474125
0.43065,11.236694094056524,11.236694094056526
0.43230000000000013,11.230966678462703,11.230966678462705
0.43394999999999984,11.225639370309372,11.225639370309372
0.4356,11.220715016334779,11.22071501633478
0.43725000000000014,11.216195935353984,11.216195935353984
0.43889999999999985,11.212083931545495,11.212083931545491
0.44055,11.208380307193554,11.208380307193558
0.44220000000000015,11.20508587499447,11.20508587499447
0.44384999999999986,11.202200970018234,11.202200970018232
0.4455,11.199725461398518,11.199725461398518
0.44715000000000016,11.197658763805018,11.19765876380502
0.44879999999999987,11.195999848732646,11.195999848732644
0.45045,11.194747255622325,11.194747255622325
0.45210000000000017,11.193899102808603,11.193899102808603
0.4537499999999999,11.193453098270046,11.193453098270044
0.4554,11.19340655013976,11.193406550139763
0.4570500000000002,11.193756376915807,11.193756376915807
0.4586999999999999,11.194499117294612,11.19449911729461
0.46035000000000004,11.195630939535539,11.195630939535537
0.4620000000000002,11.197147650250999,11.197147650251
0.4636499999999999,11.199044702505116,11.199044702505118
0.46530000000000005,11.201317203093877,11.201317203093877
0.4669500000000002,11.203959918872624,11.203959918872622
0.4685999999999999,11.206967281991313,11.20696728199131
0.47025000000000006,11.210333393895496,11.210333393895494
0.4719000000000002,11.214052027950954,11.21405202795095
0.4735499999999999,11.21811663055259,11.218116630552588
0.47520000000000007,11.22252032058384,11.222520320583838
0.4768500000000002,11.227255887101055,11.227255887101055
0.4784999999999999,11.232315785128783,11.232315785128787
0.4801500000000001,11.23769212946591,11.23769212946591
0.4817999999999998,11.243376686419557,11.243376686419555
0.48344999999999994,11.249360863403691,11.249360863403693
0.4851000000000001,11.255635696361566,11.255635696361567
0.4867499999999998,11.262191834996582,11.262191834996578
0.48839999999999995,11.269019525823419,11.26901952582342
0.4900500000000001,11.276108593081378,11.27610859308138
0.4916999999999998,11.283448417583573,11.283448417583577
0.49334999999999996,11.29102791360954,11.29102791360954
0.4950000000000001,11.298835503983899,11.298835503983897
0.4966499999999998,11.306859093520474,11.306859093520476
0.49829999999999997,11.315086041048556,11.315086041048557
0.4999500000000001,11.323503130275995,11.323503130275995
0.5015999999999998,11.332096539782166,11.332096539782167
0.50325,11.340851812471557,11.340851812471557
0.5049000000000001,11.349753824855897,11.349753824855899
0.5065499999999998,11.358786756569021,11.35878675656902
0.5082,11.367934060552628,11.367934060552626
0.5098500000000001,11.377178434383477,11.377178434383481
0.5114999999999998,11.386501793241823,11.386501793241823
0.51315,11.395885245046987,11.395885245046989
0.5148000000000001,11.405309068308322,11.405309068308323
0.5164499999999999,11.414752693257483,11.414752693257483
0.5181,11.424194686841034,11.424194686841036
0.5197500000000002,11.433612742159559,11.43361274215956
0.5213999999999999,11.442983672940999,11.442983672940997
0.52305,11.452283413630544,11.452283413630544
0.5247000000000002,11.461487025667246,11.461487025667243
0.5263499999999999,11.470568710497872,11.47056871049787
0.528,11.479501829850957,11.479501829850959
0.5296500000000002,11.488258933758505,11.488258933758505
0.5312999999999999,11.496811796768775,11.496811796768773
0.53295,11.505131462741426,11.505131462741426
0.5346000000000002,11.513188298555281,11.513188298555283
0.5362499999999999,11.52095205699001,11.520952056990012
0.5379,11.528391948965734,11.528391948965735
0.5395500000000002,11.53547672523948,11.535476725239484
0.5411999999999999,11.542174767565447,11.542174767565447
0.54285,11.548454189227101,11.548454189227098
0.5445000000000002,11.554282944744845,11.554282944744845
0.5461499999999999,11.559628948454037,11.559628948454039
0.5478000000000001,11.56446020153524,11.564460201535242
0.5494500000000002,11.568744926964124,11.568744926964122
0.5510999999999999,11.572451711732645,11.572451711732647
0.5527500000000001,11.575549655578513,11.575549655578516
0.5543999999999998,11.578008525347645,11.578008525347647
0.5560499999999999,11.579798914006519,11.57979891400652
0.5577000000000001,11.580892403219329,11.58089240321933
0.5593499999999998,11.581261728311194,11.581261728311192
0.5609999999999999,11.58088094435447,11.58088094435447
0.5626500000000001,11.579725592042893,11.579725592042891
0.5642999999999998,11.577772861958998,11.577772861959
0.56595,11.575001755796155,11.575001755796157
0.5676000000000001,11.571393243068282,11.571393243068284
0.5692499999999998,11.56693041182991,11.56693041182991
0.5709,11.56159861193683,11.561598611936832
0.5725500000000001,11.555385589404441,11.55538558940444
0.5741999999999998,11.548281610466715,11.548281610466715
0.57585,11.540279574004405,11.5402795740044
0.5775000000000001,11.53137511109493,11.531375111094931
0.5791499999999998,11.52156667053939,11.52156667053939
0.5808,11.510855589341217,11.510855589341219
0.5824500000000001,11.499246147246971,11.499246147246971
0.5840999999999998,11.486745604608474,11.486745604608474
0.58575,11.473364222987296,11.473364222987298
0.5874000000000001,11.459115268093125,11.459115268093125
0.5890499999999999,11.444014994825867,11.444014994825865
0.5907,11.428082614373682,11.428082614373682
0.5923500000000002,11.411340243503593,11.411340243503593
0.5939999999999999,11.39381283636427,11.393812836364273
0.59565,11.375528099300059,11.37552809930006
0.5973000000000002,11.356516389347936,11.356516389347938
0.5989499999999999,11.33681059725268,11.336810597252683
0.6006,11.316446015987493,11.316446015987497
0.6022500000000002,11.295460195905875,11.295460195905873
0.6038999999999999,11.27389278777316,11.27389278777316
0.60555,11.2517853750322,11.2517853750322
0.6072000000000002,11.229181296745194,11.229181296745194
0.6088499999999999,11.20612546272215,11.20612546272215
0.6105,11.182664162395707,11.182664162395705
0.6121500000000002,11.15884486903135,11.15884486903135
0.6137999999999999,11.134716040872243,11.134716040872242
0.61545,11.110326920809124,11.110326920809124
0.6171000000000002,11.085727336139499,11.085727336139499
0.6187499999999999,11.060967499936678,11.060967499936675
0.6204000000000001,11.036097815491072,11.036097815491074
0.6220500000000002,11.011168685213764,11.011168685213766
0.6236999999999999,10.986230325308009,10.986230325308007
0.6253500000000001,10.96133258742009,10.96133258742009
0.6270000000000002,10.936524788378403,10.936524788378403
0.6286499999999999,10.91185554902034,10.91185554902034
0.6303000000000001,10.887372642993599,10.887372642993602
0.6319499999999998,10.863122856302457,10.863122856302455
0.6335999999999999,10.839151858252556,10.839151858252558
0.6352500000000001,10.815504084332398,10.815504084332398
0.6368999999999998,10.792222631455555,10.792222631455557
0.63855,10.769349165878227,10.769349165878229
0.6402000000000001,10.746923844001664,10.746923844001662
0.6418499999999998,10.724985246169929,10.72498524616993
0.6435,10.703570323481324,10.703570323481323
0.6451500000000001,10.68271435754706,10.68271435754706
0.6467999999999998,10.662450933054034,10.662450933054034
0.64845,10.642811922920046,10.642811922920048
0.6501000000000001,10.623827485770203,10.623827485770203
0.6517499999999998,10.60552607541178,10.605526075411777
0.6534,10.587934461942453,10.587934461942451
0.6550500000000001,10.571077764092554,10.571077764092557
0.6566999999999998,10.554979492376074,10.554979492376072
0.65835,10.539661602606989,10.539661602606989
0.6600000000000001,10.52514455932719,10.525144559327192
0.6616499999999998,10.511447408688385,10.511447408688387
0.6633,10.498587860333807,10.498587860333807
0.6649500000000002,10.486582377834596,10.486582377834596
0.6665999999999999,10.475446277250613,10.475446277250615
0.66825,10.465193833405404,10.465193833405403
0.6699000000000002,10.455838393489534,10.455838393489534
0.6715499999999999,10.447392497635391,10.44739249763539
0.6732,10.439868006138662,10.439868006138664
0.6748500000000002,10.433276233037597,10.433276233037601
0.6764999999999999,10.427628085799224,10.427628085799222
0.67815,10.422934210902728,10.422934210902726
0.6798000000000002,10.419205145152873,10.419205145152869
0.6814499999999999,10.416451472600693,10.416451472600697
0.6831,10.414683986994667,10.414683986994667
0.6847500000000002,10.413913859731924,10.41391385973192
0.6863999999999999,10.414152813326776,10.414152813326774
0.68805,10.415413300461141,10.415413300461145
0.6897000000000002,10.417708688729162,10.417708688729162
0.6913499999999999,10.421053451235307,10.421053451235306
0.6930000000000001,10.425463363251517,10.425463363251518
0.6946500000000002,10.430955705183552,10.43095570518355
0.6962999999999999,10.437549472139471,10.43754947213947
0.6979500000000001,10.445265590433113,10.445265590433113
0.6996000000000002,10.454127141391625,10.454127141391625
0.7012499999999999,10.464159592867663,10.464159592867661
0.7029000000000001,10.475391038882238,10.47539103888224
0.7045499999999998,10.48785244784187,10.48785244784187
0.7061999999999999,10.501577919781596,10.501577919781598
0.7078500000000001,10.516604953080954,10.516604953080954
0.7094999999999998,10.532974721080562,10.532974721080564
0.71115,10.550732358988087,10.550732358988089
0.7128000000000001,10.569927261400087,10.569927261400085
0.7144499999999998,10.590613390675072,10.590613390675072
0.7161,10.61284959626573,10.612849596265729
0.7177500000000001,10.636699944947006,10.636699944947004
0.7193999999999998,10.662234061651978,10.662234061651981
0.72105,10.689527480336478,10.689527480336476
0.7227000000000001,10.718662003922738,10.71866200392274
0.7243499999999998,10.74972607190492,10.749726071904918
0.726,10.78281513361389,10.78281513361389
0.7276500000000001,10.81803202441197,10.818032024411968
0.7292999999999998,10.85548734119137,10.855487341191372
0.73095,10.895299812448481,10.89529981244848
0.7326000000000001,10.937596656860883,10.937596656860881
0.7342499999999998,10.982513922658947,10.982513922658942
0.7359,11.030196798104958,11.030196798104958
0.7375500000000001,11.080799881009437,11.080799881009439
0.7391999999999999,11.13448739235797,11.134487392357972
0.74085,11.191433315714301,11.191433315714303
0.7425000000000002,11.251821440023337,11.251821440023335
0.7441499999999999,11.315845278671732,11.315845278671734
0.7458,11.38370783207988,11.383707832079876
0.7474500000000002,11.455621154609327,11.455621154609325
0.7490999999999999,11.531805679093567,11.53180567909357
0.75075,11.61248924377882,11.61248924377882
0.7524000000000002,11.697905756874894,11.697905756874894
0.7540499999999999,11.788293423305012,11.78829342330501
0.7557,11.883892446736098,11.883892446736096
0.7573500000000002,11.984942107831943,11.984942107831941
0.7589999999999999,12.091677107346984,12.091677107346982
0.76065,12.204323050863218,12.204323050863216
0.7623000000000002,12.323090941694465,12.323090941694463
0.7639499999999999,12.448170541190086,12.44817054119009
0.7656000000000001,12.579722453335197,12.579722453335199
0.7672500000000002,12.717868795766313,12.717868795766313
0.7688999999999999,12.862682335411257,12.862682335411257
0.7705500000000001,13.014173997980377,13.014173997980375
0.7722000000000002,13.17227871126568,13.172278711265681
0.7738499999999999,13.336839617970757,13.33683961797076
0.7755000000000001,13.507590800083348,13.507590800083348
0.7771499999999998,13.684138798613363,13.684138798613363
0.7787999999999999,13.865943393319803,13.865943393319805
0.7804500000000001,14.052298327317866,14.052298327317866
0.7820999999999998,14.242312916807945,14.242312916807947
0.78375,14.434895765102848,14.434895765102846
0.7854000000000001,14.628742081794671,14.628742081794673
0.7870499999999998,14.822326360253365,14.822326360253369
0.7887,15.013902345836732,15.013902345836732
0.7903500000000001,15.201512279186849,15.201512279186849
0.7919999999999998,15.383007264383927,15.383007264383924
0.79365,15.556080234579355,15.556080234579355
0.7953000000000001,15.718312328389166,15.718312328389171
0.7969499999999998,15.86723254099623,15.86723254099623
0.7986,16.00038931394595,16.00038931394595
0.8002500000000001,16.11543137407696,16.11543137407696
0.8018999999999998,16.21019377997687,16.210193779976866
0.80355,16.28278398261348,16.282783982613477
0.8052000000000001,16.33166196763493,16.331661967634926
0.8068499999999998,16.355708403250137,16.355708403250134
0.8085,16.354275277311046,16.354275277311046
0.8101500000000001,16.327214766281973,16.32721476628198
0.8117999999999999,16.274883907562977,16.274883907562973
0.81345,16.19812480566907,16.19812480566907
0.8151000000000002,16.098222287150502,16.098222287150506
0.8167499999999999,15.976842820534927,15.976842820534928
0.8184,15.835959886842149,15.835959886842149
0.8200500000000002,15.677771679477866,15.677771679477866
0.8216999999999999,15.504617009202127,15.504617009202125
0.82335,15.318894682201844,15.318894682201847
0.8250000000000002,15.122990577022014,15.122990577022012
0.8266499999999999,14.919215372937831,14.91921537293783
0.8283,14.709754573672672,14.70975457367267
0.8299500000000002,14.496631282592626,14.496631282592624
0.8315999999999999,14.281681220704272,14.281681220704272
0.83325,14.066538783528253,14.066538783528253
0.8349000000000002,13.852632507322038,13.852632507322037
0.8365499999999999,13.641188126899047,13.641188126899047
0.8382000000000001,13.433237406514552,13.433237406514552
0.8398500000000002,13.229631056841127,13.229631056841123
0.8414999999999999,13.031054263448418,13.031054263448418
0.8431500000000001,12.838043602642378,12.838043602642374
0.8448000000000002,12.651004376861891,12.651004376861893
0.8464499999999999,12.470227642365291,12.470227642365291
0.8481000000000001,12.295906413918495,12.295906413918493
0.8497499999999998,12.128150708818168,12.128150708818167
0.8513999999999999,11.96700123497148,11.96700123497148
0.8530500000000001,11.812441637181639,11.812441637181639
0.8546999999999998,11.66440929625074,11.66440929625074
0.85635,11.522804731738463,11.522804731738463
0.8580000000000001,11.387499695961736,11.387499695961733
0.8596499999999998,11.25834406848083,11.25834406848083
0.8613,11.135171670713047,11.135171670713047
0.8629500000000001,11.017805122616293,11.017805122616291
0.8645999999999998,10.90605986013305,10.906059860133052
0.86625,10.79974742525214,10.799747425252136
0.8679000000000001,10.698678131608723,10.698678131608721
0.8695499999999998,10.602663198579679,10.602663198579682
0.8712,10.51151643660093,10.511516436600932
0.8728500000000001,10.425055556443587,10.425055556443585
0.8744999999999998,10.343103165759908,10.34310316575991
0.87615,10.26548750753778,10.265487507537781
0.8778000000000001,10.192042987271487,10.192042987271487
0.8794499999999998,10.122610528690513,10.122610528690513
0.8811,10.057037791767696,10.057037791767696
0.8827500000000001,9.995179281402914,9.995179281402917
0.8843999999999999,9.936896370585156,9.936896370585155
0.88605,9.882057257904286,9.882057257904284
0.8877000000000002,9.830536875940311,9.830536875940307
0.8893499999999999,9.782216764231995,9.782216764231993
0.891,9.736984918153851,9.736984918153851
0.8926500000000002,9.694735623049011,9.694735623049011
0.8942999999999999,9.655369281321626,9.655369281321626
0.89595,9.618792238839529,9.618792238839527
0.8976000000000002,9.584916615893215,9.584916615893214
0.8992499999999999,9.553660147065088,9.553660147065088
0.9009,9.52494603365383,9.52494603365383
0.9025500000000002,9.49870281174567,9.49870281174567
0.9041999999999999,9.474864238606557,9.474864238606557
0.90585,9.453369199769213,9.453369199769215
0.9075000000000002,9.434161638992512,9.434161638992514
0.9091499999999999,9.417190513166357,9.417190513166357
0.9108,9.402409774215913,9.402409774215913
0.9124500000000002,9.38977838011806,9.389778380118058
0.9140999999999999,9.379260337278058,9.379260337278058
0.9157500000000001,9.370824776724495,9.370824776724495
0.9174000000000002,9.364446066867293,9.364446066867293
0.9190499999999999,9.36010396593084,9.360103965930838
0.9207000000000001,9.35778381762883,9.357783817628832
0.9223499999999998,9.357476794198098,9.357476794198096
0.9239999999999999,9.359180191568122,9.359180191568123
0.9256500000000001,9.362897782226703,9.362897782226703
0.9272999999999998,9.368640232269852,9.368640232269854
0.9289499999999999,9.376425590220926,9.376425590220926
0.9306000000000001,9.386279856499048,9.386279856499048
0.9322499999999998,9.398237643949065,9.398237643949066
0.9339,9.412342941658277,9.412342941658276
0.9355500000000001,9.428649996436338,9.428649996436338
0.9371999999999998,9.447224328891531,9.447224328891531
0.93885,9.468143904083256,9.468143904083254
0.9405000000000001,9.491500480370101,9.491500480370101
0.9421499999999998,9.51740116443267,9.517401164432671
0.9438,9.545970205686436,9.545970205686436
0.9454500000000001,9.577351069606733,9.57735106960673
0.9470999999999998,9.611708837105853,9.611708837105851
0.94875,9.649232986329075,9.649232986329073
0.9504000000000001,9.690140624444128,9.690140624444126
0.9520499999999998,9.734680250651024,9.734680250651026
0.9537,9.78313614831383,9.783136148313831
0.9553500000000001,9.835833524537902,9.835833524537904
0.9569999999999999,9.893144540591496,9.893144540591495
0.95865,9.955495407433203,9.955495407433203
0.9603000000000002,10.023374758676779,10.023374758676779
0.9619499999999999,10.097343560375965,10.097343560375963
0.9636,10.17804687524954,10.178046875249539
0.9652500000000002,10.266227871122707,10.266227871122709
0.9668999999999999,10.362744552786785,10.362744552786785
0.96855,10.468589807225285,10.468589807225289
0.9702000000000002,10.58491548902054,10.58491548902054
0.9718499999999999,10.713061441225657,10.713061441225658
0.9735,10.854590552955214,10.854590552955218
0.9751500000000002,11.011331204032857,11.011331204032857
0.9767999999999999,11.185428743082909,11.185428743082909
0.97845,11.379407987592929,11.379407987592927
0.9801000000000002,11.596249111521214,11.596249111521214
0.9817499999999999,11.839479666137644,11.839479666137642
0.9834,12.113285791733464,12.113285791733464
0.9850500000000002,12.42264577753294,12.422645777532939
0.9866999999999999,12.773488738640953,12.773488738640953
0.9883500000000001,13.172879791750205,13.172879791750207
0.9900000000000002,13.62922980552918,13.629229805529182
0.9916499999999999,14.152520955806754,14.15252095580675
0.9933000000000001,14.754526142023416,14.754526142023416
0.9949500000000002,15.448976175486928,15.448976175486925
0.9965999999999999,16.2515861504292,16.2515861504292
0.9982500000000001,17.179780723738638,17.179780723738638
0.9998999999999998,18.25184361128046,18.251843611280464
1.00155,19.485048913708813,19.485048913708813
1.0032,20.892122153317953,20.892122153317953
1.0048499999999998,22.475206564881848,22.475206564881848
1.0065,24.216611618928848,24.216611618928848
1.00815,26.066496526227784,26.06649652622779
1.0097999999999998,27.930009225798898,27.930009225798905
1.01145,29.660536180111674,29.660536180111677
1.0131000000000001,31.06972909774877,31.06972909774877
1.0147499999999998,31.963227023460167,31.963227023460163
1.0164,32.19745181350521,32.19745181350521
1.0180500000000001,31.732229415728394,31.73222941572839
1.0196999999999998,30.646879332976216,30.646879332976216
1.02135,29.108714514368195,29.108714514368195
1.0230000000000001,27.315224388715,27.315224388714995
1.0246499999999998,25.442783016706954,25.442783016706958
1.0263,23.62022575542491,23.620225755424908
1.0279500000000001,21.925843391478313,21.925843391478313
1.0295999999999998,20.397199276802937,20.397199276802933
1.03125,19.044237078355536,19.044237078355536
1.0329000000000002,17.860617174729576,17.860617174729576
1.0345499999999999,16.83178471287091,16.831784712870913
1.0362,15.940040891881422,15.940040891881429
1.0378500000000002,15.167423058371623,15.167423058371627
1.0394999999999999,14.497167468820592,14.49716746882059
1.04115,13.914329379230868,13.914329379230866
1.0428000000000002,13.405937431727235,13.405937431727235
1.0444499999999999,12.960911391749104,12.960911391749105
1.0461,12.569874639406889,12.56987463940689
1.0477500000000002,12.224932836206776,12.224932836206776
1.0493999999999999,11.91945511584621,11.91945511584621
1.05105,11.647874454334037,11.647874454334039
1.0527000000000002,11.405513265763668,11.405513265763666
1.05435,11.188434852995117,11.188434852995117
1.056,10.993318805562387,10.993318805562387
1.0576500000000002,10.817357445850659,10.817357445850659
1.0593,10.658170226299692,10.658170226299692
1.06095,10.513733160143744,10.513733160143742
1.0626000000000002,10.382320703440847,10.382320703440849
1.06425,10.262457882069693,10.262457882069695
1.0659,10.152880818431818,10.15288081843182
1.0675500000000002,10.052504135055276,10.052504135055274
1.0692,9.96039398894468,9.960393988944679
1.07085,9.875745722256273,9.875745722256273
1.0724999999999998,9.797865306157489,9.797865306157489
1.07415,9.72615391123292,9.72615391123292
1.0758,9.660095065232866,9.660095065232866
1.0774499999999998,9.599243962537047,9.59924396253705
1.0791,9.543218573962287,9.543218573962287
1.08075,9.491692274308031,9.491692274308031
1.0823999999999998,9.444387761501464,9.444387761501464
1.08405,9.401072088023481,9.401072088023481
1.0857,9.36155266466984,9.361552664669842
1.0873499999999998,9.325674130485778,9.325674130485778
1.089,9.29331601251361,9.293316012513609
1.0906500000000001,9.26439112625019,9.26439112625019
1.0922999999999998,9.238844693787252,9.238844693787254
1.09395,9.216654182878171,9.216654182878173
1.0956000000000001,9.197829898127715,9.197829898127715
1.0972499999999998,9.182416386863235,9.182416386863236
1.0989,9.170494759140087,9.170494759140087
1.1005500000000001,9.162186066494154,9.162186066494153
1.1021999999999998,9.157655941130582,9.157655941130583
1.10385,9.15712077123146,9.157120771231462
1.1055000000000001,9.160855785974091,9.160855785974093
1.1071499999999999,9.169205555634868,9.169205555634868
1.1088,9.182597592200512,9.182597592200512
1.1104500000000002,9.201559985302202,9.201559985302199
1.1120999999999999,9.226744358360543,9.226744358360547
1.11375,9.258955927807136,9.258955927807135
1.1154000000000002,9.299193166388841,9.29919316638884
1.1170499999999999,9.348700622173496,9.348700622173498
1.1187,9.409040005481446,9.409040005481444
1.1203500000000002,9.482187012272355,9.482187012272357
1.1219999999999999,9.570664973369725,9.570664973369725
1.12365,9.677732090040344,9.677732090040342
1.1253000000000002,9.807648085063297,9.807648085063295
1.12695,9.966060932504156,9.966060932504153
1.1286,10.160579205623582,10.160579205623582
1.1302500000000002,10.401638457448438,10.401638457448442
1.1319,10.703846216798512,10.703846216798514
1.13355,11.08813011579923,11.08813011579923
1.1352000000000002,11.585280517423962,11.585280517423962
1.13685,12.24200946539988,12.24200946539988
1.1385,13.131751917390122,13.13175191739012
1.1401500000000002,14.374852680828466,14.374852680828468
1.1418,16.17836853433455,16.17836853433455
1.14345,18.919321940606853,18.919321940606856
1.1450999999999998,23.329613096483993,23.32961309648399
1.14675,30.924257782609732,30.924257782609736
1.1484,44.93396124038289,44.93396124038289
1.1500499999999998,71.08106099387939,71.08106099387939
1.1517,106.65170590360866,106.65170590360867
1.15335,107.71887813764182,107.71887813764181
1.1549999999999998,72.34862517327171,72.34862517327171
1.15665,45.60112135799076,45.60112135799076
1.1583,31.244735448843763,31.244735448843763
1.1599499999999998,23.491242818569322,23.49124281856933
1.1616,19.008686441041117,19.008686441041117
1.1632500000000001,16.234665286946512,16.23466528694651
1.1648999999999998,14.416676000597146,14.416676000597146
1.16655,13.168353063232887,13.168353063232882
1.1682000000000001,12.278134225409843,12.278134225409842
1.1698499999999998,11.623365941756779,11.623365941756779
1.1715,11.129361629839098,11.129361629839098
1.1731500000000001,10.748693912180606,10.748693912180604
1.1747999999999998,10.45014192401692,10.45014192401692
1.17645,10.212504787810706,10.212504787810708
1.1781000000000001,10.02099135575566,10.020991355755658
1.1797499999999999,9.86503481056777,9.865034810567773
1.1814,9.736926404177055,9.736926404177055
1.1830500000000002,9.630936555354392,9.630936555354394
1.1846999999999999,9.542734905752782,9.542734905752786
1.18635,9.46899884353093,9.46899884353093
1.1880000000000002,9.407143790660449,9.407143790660449
1.1896499999999999,9.355133919035753,9.355133919035755
1.1913,9.31134706857352,9.31134706857352
1.1929500000000002,9.274476865318803,9.274476865318803
1.1945999999999999,9.243460799755342,9.243460799755345
1.19625,9.217426700425596,9.217426700425596
1.1979000000000002,9.195652426820853,9.195652426820851
1.19955,9.177535185860693,9.177535185860695
1.2012,9.162567938850605,9.162567938850607
1.2028500000000002,9.150321091028925,9.150321091028927
1.2045,9.140428157728275,9.140428157728278
1.20615,9.132574453070402,9.132574453070402
1.2078000000000002,9.126488096825595,9.126488096825598
1.20945,9.121932814281363,9.121932814281363
1.2111,9.118702133951011,9.118702133951013
1.2127500000000002,9.116614683174305,9.116614683174307
1.2144,9.115510352071047,9.115510352071047
1.21605,9.115247148830289,9.115247148830287
1.2176999999999998,9.11569860882391,9.11569860882391
1.21935,9.116751649982515,9.116751649982515
1.221,9.118304789745894,9.118304789745894
1.2226499999999998,9.120266656494001,9.120266656494001
1.2243,9.122554741987905,9.122554741987905
1.22595,9.125094351966155,9.125094351966155
1.2275999999999998,9.127817720365133,9.127817720365131
1.22925,9.130663259195229,9.130663259195229
1.2309,9.133574921308313,9.133574921308314
1.2325499999999998,9.136501657440265,9.136501657440265
1.2342,9.139396952235368,9.139396952235368
1.2358500000000001,9.142218426634495,9.142218426634496
1.2374999999999998,9.144927496172714,9.144927496172714
1.23915,9.147489076489718,9.147489076489718
1.2408000000000001,9.149871328790468,9.14987132879047
1.2424499999999998,9.152045439168583,9.152045439168583
1.2441,9.153985426671548,9.153985426671548
1.2457500000000001,9.155667975784954,9.155667975784954
1.2473999999999998,9.157072289674758,9.157072289674758
1.24905,9.158179961077039,9.15817996107704
1.2507000000000001,9.158974858184418,9.15897485818442
1.2523499999999999,9.15944302326356,9.15944302326356
1.254,9.159572582062077,9.159572582062076
1.2556500000000002,9.159353662336523,9.159353662336523
1.2572999999999999,9.158778320064364,9.158778320064366
1.25895,9.157840472099714,9.15784047209971
1.2606000000000002,9.156535834199765,9.156535834199767
1.2622499999999999,9.154861863492398,9.1548618634924
1.2639,9.152817704578206,9.152817704578208
1.2655500000000002,9.15040413856612,9.150404138566122
1.2671999999999999,9.147623534433139,9.147623534433137
1.26885,9.144479802177987,9.144479802177987
1.2705000000000002,9.140978347307536,9.140978347307534
1.27215,9.1371260262548,9.137126026254798
1.2738,9.132931102380349,9.132931102380347
1.2754500000000002,9.128403202255154,9.128403202255157
1.2771,9.123553271963864,9.123553271963864
1.27875,9.1183935332039,9.118393533203898
1.2804000000000002,9.112937438987881,9.112937438987883
1.28205,9.107199628785779,9.107199628785779
1.2837,9.101195882969067,9.101195882969066
1.2853500000000002,9.094943076442283,9.094943076442283
1.287,9.088459131368491,9.088459131368491
1.28865,9.081762968914132,9.08176296891413
1.2902999999999998,9.074874459956055,9.074874459956053
1.29195,9.067814374709412,9.067814374709414
1.2936,9.060604331249518,9.06060433124952
1.2952499999999998,9.053266742914142,9.053266742914143
1.2969,9.045824764584935,9.045824764584935
1.29855,9.038302237858218,9.03830223785822
1.3001999999999998,9.030723635125613,9.03072363512561
1.30185,9.023114002595003,9.023114002595003
1.3035,9.015498902291384,9.015498902291382
1.3051499999999998,9.00790435308547,9.007904353085468
1.3068,9.000356770806071,9.000356770806071
1.3084500000000001,8.992882907499464,8.992882907499462
1.3100999999999998,8.98550978990596,8.985509789905958
1.31175,8.978264657230254,8.978264657230255
1.3134000000000001,8.971174898288226,8.971174898288224
1.3150499999999998,8.964267988118344,8.964267988118342
1.3167,8.957571424151116,8.95757142415112
1.3183500000000001,8.951112662034843,8.951112662034843
1.3199999999999998,8.94491905122028,8.94491905122028
1.32165,8.939017770411118,8.93901777041112
1.3233000000000001,8.933435762990728,8.93343576299073
1.3249499999999999,8.928199672539204,8.928199672539204
1.3266,8.923335778557707,8.923335778557707
1.3282500000000002,8.918869932519923,8.918869932519925
1.3298999999999999,8.91482749437286,8.91482749437286
1.33155,8.911233269611223,8.911233269611225
1.3332000000000002,8.908111447051526,8.908111447051526
1.3348499999999999,8.905485537433377,8.905485537433375
1.3365,8.903378312976592,8.903378312976594
1.3381500000000002,8.901811748023551,8.901811748023553
1.3397999999999999,8.900806960896682,8.90080696089668
1.34145,8.900384157101046,8.900384157101044
1.3431000000000002,8.900562574001938,8.900562574001938
1.34475,8.901360427106752,8.901360427106749
1.3464,8.90279485807961,8.902794858079611
1.3480500000000002,8.904881884616104,8.904881884616104
1.3497,8.907636352303928,8.907636352303928
1.35135,8.911071888593408,8.911071888593412
1.3530000000000002,8.915200858999833,8.915200858999835
1.35465,8.920034325656905,8.920034325656902
1.3563,8.92558200833799,8.92558200833799
1.3579500000000002,8.931852248058592,8.931852248058592
1.3596,8.938851973370113,8.938851973370113
1.36125,8.946586669451273,8.946586669451275
1.3628999999999998,8.955060350099345,8.955060350099343
1.36455,8.964275532719155,8.964275532719158
1.3662,8.97423321640309,8.974233216403091
1.3678499999999998,8.984932863190219,8.984932863190219
1.3695,8.996372382587724,8.996372382587724
1.37115,9.008548119431854,9.008548119431854
1.3727999999999998,9.021454845160184,9.021454845160184
1.37445,9.035085752560605,9.035085752560601
1.3761,9.049432454056136,9.049432454056136
1.3777499999999998,9.064484983578229,9.064484983578229
1.3794,9.0802318020741,9.080231802074103
1.38105,9.096659806686647,9.096659806686647
1.3826999999999998,9.113754343638254,9.113754343638252
1.38435,9.131499224842175,9.131499224842175
1.3860000000000001,9.149876748257364,9.149876748257364
1.3876499999999998,9.168867721994891,9.168867721994891
1.3893,9.188451492175844,9.188451492175842
1.3909500000000001,9.208605974532327,9.208605974532327
1.3925999999999998,9.229307689734961,9.229307689734961
1.39425,9.250531802421513,9.250531802421513
1.3959000000000001,9.27225216389274,9.27225216389274
1.3975499999999998,9.294441358432879,9.294441358432879
1.3992,9.317070753203259,9.31707075320326
1.4008500000000002,9.340110551648621,9.340110551648621
1.4024999999999999,9.363529850346904,9.363529850346906
1.40415,9.387296699224288,9.387296699224288
1.4058000000000002,9.411378165048133,9.41137816504813
1.4074499999999999,9.435740398101837,9.435740398101835
1.4091,9.460348701936441,9.460348701936441
1.4107500000000002,9.485167606085032,9.485167606085035
1.4123999999999999,9.510160941617338,9.51016094161734
1.41405,9.535291919403052,9.535291919403054
1.4157000000000002,9.560523210943927,9.560523210943927
1.4173499999999999,9.585817031626314,9.585817031626313
1.419,9.611135226237554,9.611135226237554
1.4206500000000002,9.636439356581322,9.63643935658132
1.4223,9.661690791019602,9.661690791019602
1.42395,9.686850795760957,9.686850795760957
1.4256000000000002,9.711880627707458,9.711880627707457
1.42725,9.736741628665703,9.736741628665703
1.4289,9.7613953207204,9.7613953207204
1.4305500000000002,9.785803502562397,9.785803502562395
1.4322,9.809928346557225,9.809928346557227
1.43385,9.833732496334164,9.833732496334164
1.4355000000000002,9.857179164670468,9.857179164670468
1.43715,9.8802322314406,9.8802322314406
1.4388,9.902856341395616,9.902856341395616
1.4404499999999998,9.925017001533691,9.925017001533691
1.4421,9.946680677819415,9.946680677819414
1.44375,9.967814891005961,9.96781489100596
1.4453999999999998,9.988388311311986,9.988388311311985
1.44705,10.008370851702832,10.008370851702832
1.4487,10.027733759523942,10.027733759523942
1.4503499999999998,10.04644970623372,10.04644970623372
1.452,10.064492874982436,10.064492874982438
1.45365,10.081839045783907,10.081839045783909
1.4552999999999998,10.098465678027797,10.098465678027798
1.45695,10.114351990081447,10.114351990081447
1.4586000000000001,10.129479035732395,10.129479035732398
1.4602499999999998,10.143829777225507,10.143829777225507
1.4619,10.157389154651781,10.157389154651783
1.4635500000000001,10.17014415145013,10.170144151450131
1.4651999999999998,10.182083855788026,10.182083855788028
1.46685,10.193199517592323,10.193199517592324
1.4685000000000001,10.203484601007604,10.203484601007602
1.4701499999999998,10.212934832066116,10.212934832066114
1.4718,10.22154824136091,10.22154824136091
1.4734500000000001,10.229325201521744,10.229325201521743
1.4750999999999999,10.236268459302256,10.236268459302256
1.47675,10.24238316209636,10.242383162096361
1.4784000000000002,10.247676878711912,10.247676878711914
1.4800499999999999,10.252159614240648,10.25215961424065
1.4817,10.255843818874803,10.255843818874801
1.4833500000000002,10.258744390532911,10.258744390532911
1.4849999999999999,10.260878671170298,10.2608786711703
1.48665,10.262266436662838,10.26226643666284
1.4883000000000002,10.26292988016688,10.262929880166876
1.4899499999999999,10.262893588872608,10.262893588872604
1.4916,10.262184514083442,10.262184514083444
1.4932500000000002,10.260831934569648,10.260831934569648
1.4949,10.258867413160676,10.258867413160676
1.49655,10.256324746557357,10.256324746557356
1.4982000000000002,10.253239908362435,10.253239908362435
1.49985,10.249650985345358,10.249650985345358
1.5015,10.245598106975407,10.245598106975407
1.5031500000000002,10.24112336827561,10.24112336827561
1.5048,10.2362707460686,10.2362707460686
1.50645,10.231086008704569,10.231086008704573
1.5081000000000002,10.225616619380904,10.225616619380903
1.50975,10.219911633182296,10.219911633182296
1.5114,10.21402158799007,10.214021587990068
1.5130499999999998,10.20799838942907,10.20799838942907
1.5147,10.201895190040311,10.201895190040311
1.51635,10.195766262887508,10.19576626288751
1.5179999999999998,10.189666869825484,10.189666869825482
1.51965,10.18365312467805,10.18365312467805
1.5213,10.177781851592842,10.17778185159284
1.5229499999999998,10.172110438859715,10.172110438859717
1.5246,10.166696688498822,10.166696688498824
1.52625,10.16159866194314,10.161598661943138
1.5278999999999998,10.156874522158791,10.156874522158791
1.52955,10.15258237256475,10.152582372564748
1.5312000000000001,10.148780093130858,10.14878009313086
1.5328499999999998,10.145525174050471,10.14552517405047
1.5345,10.142874547400156,10.142874547400156
1.5361500000000001,10.140884417215027,10.140884417215027
1.5377999999999998,10.139610088422984,10.139610088422984
1.53945,10.13910579509567,10.13910579509567
1.5411000000000001,10.139424528487105,10.139424528487105
1.5427499999999998,10.1406178653437,10.1406178653437
1.5444,10.142735796980462,10.14273579698046
1.5460500000000001,10.14582655962896,10.14582655962896
1.5476999999999999,10.149936466571788,10.149936466571788
1.54935,10.155109742586312,10.155109742586315
1.5510000000000002,10.161388361227612,10.161388361227612
1.5526499999999999,10.168811885485868,10.168811885485868
1.5543,10.177417312357996,10.177417312357994
1.5559500000000002,10.187238921875933,10.187238921875931
1.5575999999999999,10.198308131135542,10.198308131135546
1.55925,10.210653353869935,10.210653353869937
1.5609000000000002,10.224299866109327,10.224299866109325
1.5625499999999999,10.239269678466318,10.23926967846632
1.5642,10.255581415580616,10.255581415580613
1.5658500000000002,10.273250203250361,10.273250203250358
1.5675,10.292287563769268,10.292287563769266
1.56915,10.312701319978402,10.312701319978402
1.5708000000000002,10.334495508529605,10.334495508529606
1.57245,10.35767030284397,10.357670302843971
1.5741,10.382221946233164,10.382221946233166
1.5757500000000002,10.408142695633918,10.408142695633916
1.5774,10.435420776386941,10.435420776386941
1.57905,10.464040348470274,10.464040348470274
1.5807000000000002,10.493981484573878,10.493981484573881
1.58235,10.525220160377941,10.52522016037794
1.584,10.557728257369837,10.557728257369835
1.5856499999999998,10.591473578506738,10.591473578506736
1.5873,10.626419877000087,10.626419877000087
1.58895,10.662526898465849,10.66252689846585
1.5905999999999998,10.699750436650683,10.699750436650687
1.59225,10.738042402908144,10.738042402908144
1.5939,10.777350909561552,10.777350909561552
1.5955499999999998,10.817620367251344,10.817620367251344
1.5972,10.858791596323748,10.858791596323751
1.59885,10.900801952275343,10.90080195227534
1.6004999999999998,10.943585465224787,10.943585465224789
1.60215,10.987072993337746,10.987072993337746
1.6038000000000001,11.031192390084477,11.031192390084476
1.6054499999999998,11.075868685162778,11.075868685162778
1.6071,11.121024278869765,11.121024278869765
1.6087500000000001,11.16657914965681,11.166579149656808
1.6103999999999998,11.21245107455145,11.21245107455145
1.61205,11.25855586207932,11.258555862079323
1.6137000000000001,11.304807597266791,11.304807597266791
1.6153499999999998,11.351118898253889,11.35111889825389
1.617,11.397401183993747,11.39740118399375
1.6186500000000001,11.443564952462685,11.443564952462687
1.6202999999999999,11.489520068752642,11.489520068752642
1.62195,11.535176062364982,11.535176062364979
1.6236000000000002,11.580442432972772,11.58044243297277
1.6252499999999999,11.625228963867448,11.625228963867446
1.6269,11.669446042254767,11.66944604225477
1.6285500000000002,11.713004985515177,11.713004985515177
1.6301999999999999,11.755818372495263,11.755818372495261
1.63185,11.79780037884942,11.797800378849422
1.6335000000000002,11.83886711540507,11.83886711540507
1.6351499999999999,11.878936968480774,11.878936968480776
1.6368,11.917930941044581,11.917930941044583
1.6384500000000002,11.955772993559737,11.955772993559737
1.6401,11.992390383327816,11.992390383327816
1.64175,12.027714001104174,12.027714001104174
1.6434000000000002,12.061678703728761,12.06167870372876
1.64505,12.09422364148643,12.09422364148643
1.6467,12.125292578885436,12.125292578885439
1.6483500000000002,12.154834207520453,12.154834207520455
1.65,12.182802449668692,12.18280244966869
1.65165,12.209156751253092,12.20915675125309
1.6533000000000002,12.233862362796653,12.233862362796653
1.65495,12.256890606986515,12.256890606986513
1.6566,12.278219131465317,12.278219131465315
1.6582499999999998,12.29783214547138,12.29783214547138
1.6599,12.315720638958304,12.315720638958306
1.66155,12.331882582838736,12.331882582838736
1.6631999999999998,12.346323109016792,12.346323109016792
1.66485,12.359054668898988,12.35905466889899
1.6665,12.370097169104405,12.370097169104405
1.6681499999999998,12.379478083132085,12.379478083132085
1.6698,12.387232537786435,12.387232537786435
1.67145,12.393403373210816,12.393403373210818
1.6730999999999998,12.398041175434857,12.398041175434859
1.67475,12.401204280403167,12.401204280403167
1.6764000000000001,12.402958748521025,12.402958748521026
1.6780499999999998,12.403378308827968,12.403378308827966
1.6797,12.402544271990978,12.402544271990978
1.6813500000000001,12.40054541139739,12.400545411397388
1.6829999999999998,12.397477811721505,12.397477811721508
1.68465,12.39344468444016,12.39344468444016
1.6863000000000001,12.388556149879483,12.388556149879486
1.6879499999999998,12.382928985488808,12.382928985488805
1.6896,12.376686340157267,12.376686340157267
1.6912500000000001,12.369957414514651,12.369957414514651
1.6928999999999998,12.362877107289439,12.36287710728944
1.69455,12.355585627934353,12.355585627934353
1.6962000000000002,12.348228075872365,12.348228075872363
1.6978499999999999,12.340953986863882,12.340953986863884
1.6995,12.333916847148233,12.333916847148233
1.7011500000000002,12.327273576169562,12.32727357616956
1.7027999999999999,12.321183978858317,12.321183978858317
1.70445,12.315810168603921,12.315810168603923
1.7061000000000002,12.311315962221935,12.311315962221936
1.7077499999999999,12.307866248389503,12.307866248389503
1.7094,12.305626331195011,12.305626331195011
1.7110500000000002,12.30476125062207,12.304761250622068
1.7127,12.305435081962433,12.305435081962434
1.71435,12.307810216327585,12.307810216327583
1.7160000000000002,12.31204662460304,12.312046624603038
1.71765,12.3183011073628,12.318301107362801
1.7193,12.326726533432327,12.326726533432328
1.7209500000000002,12.337471069956774,12.337471069956777
1.7226,12.350677406995926,12.350677406995924
1.72425,12.366481979826993,12.366481979826991
1.7259000000000002,12.385014192291003,12.385014192291
1.72755,12.406395644666269,12.406395644666267
1.7292,12.430739369692944,12.430739369692944
1.7308499999999998,12.458149080504183,12.458149080504182
1.7325,12.48871843434191,12.488718434341909
1.73415,12.522530316046561,12.522530316046561
1.7357999999999998,12.559656145409834,12.559656145409832
1.73745,12.600155212566392,12.600155212566388
1.7391,12.644074045672978,12.644074045672976
1.7407499999999998,12.691445815181142,12.69144581518114
1.7424,12.742289779050779,12.742289779050779
1.74405,12.796610773275098,12.796610773275097
1.7456999999999998,12.85439875209283,12.85439875209283
1.74735,12.91562838224836,12.915628382248364
1.749,12.980258695624169,12.98025869562417
1.7506499999999998,13.048232804512326,13.048232804512326
1.7523,13.119477683710098,13.119477683710096
1.7539500000000001,13.193904023518803,13.193904023518801
1.7555999999999998,13.271406157594583,13.271406157594582
1.75725,13.351862069441855,13.351862069441852
1.7589000000000001,13.435133481155479,13.435133481155479
1.7605499999999998,13.521066027805427,13.521066027805428
1.7622,13.609489520615409,13.60948952061541
1.7638500000000001,13.700218301815369,13.70021830181537
1.7654999999999998,13.793051693746804,13.7930516937468
1.76715,13.887774544466296,13.887774544466295
1.7688000000000001,13.984157871729266,13.984157871729268
1.7704499999999999,14.081959606840634,14.081959606840634
1.7721,14.18092543943167,14.180925439431672
1.7737500000000002,14.280789763763215,14.280789763763217
1.7753999999999999,14.381276726665575,14.381276726665574
1.77705,14.482101376702719,14.482101376702719
1.7787000000000002,14.582970913595988,14.58297091359599
1.7803499999999999,14.683586036359692,14.68358603635969
1.782,14.783642387988573,14.783642387988571
1.7836500000000002,14.882832093896148,14.88283209389615
1.7852999999999999,14.980845390636484,14.980845390636485
1.78695,15.077372340748342,15.077372340748342
1.7886000000000002,15.172104628844327,15.172104628844327
1.79025,15.264737433330716,15.264737433330717
1.7919,15.354971367386067,15.354971367386067
1.7935500000000002,15.442514482053541,15.442514482053543
1.7952,15.527084323515995,15.527084323515997
1.79685,15.608410035825477,15.60841003582548
1.7985000000000002,15.686234499555614,15.686234499555614
1.80015,15.76031649604033,15.76031649604033
1.8018,15.830432886057846,15.83043288605785
1.8034499999999998,15.896380791021594,15.896380791021597
1.8051,15.957979763954416,15.957979763954416
1.80675,16.01507393675296,16.015073936752955
1.8083999999999998,16.067534129503684,16.06753412950368
1.81005,16.11525990689498,16.11525990689498
1.8117,16.158181566087915,16.15818156608792
1.8133499999999998,16.19626203977048,16.19626203977048
1.815,16.22949869753065,16.22949869753065
1.81665,16.257925028152844,16.257925028152844
1.8182999999999998,16.28161218497751,16.281612184977508
1.81995,16.30067037607271,16.300670376072713
1.8216,16.315250080659148,16.31525008065915
1.8232499999999998,16.325543073015545,16.325543073015545
1.8249,16.33178323497816,16.331783234978165
1.8265500000000001,16.33424713814762,16.334247138147617
1.8281999999999998,16.333254377037196,16.333254377037196
1.82985,16.32916763465058,16.329167634650585
1.8315000000000001,16.3223924623734,16.3223924623734
1.8331499999999998,16.313376756613355,16.31337675661336
1.8348,16.302609915338707,16.302609915338707
1.8364500000000001,16.290621658555278,16.290621658555278
1.8380999999999998,16.27798049783914,16.27798049783914
1.83975,16.265291841316326,16.265291841316323
1.8414000000000001,16.253195721963316,16.253195721963312
1.8430499999999999,16.242364138802735,16.24236413880274
1.8447,16.23349800249835,16.233498002498347
1.8463500000000002,16.227323679021293,16.227323679021293
1.8479999999999999,16.22458912747509,16.22458912747509
1.84965,16.226059630838808,16.22605963083881
1.8513000000000002,16.232513121323365,16.232513121323365
1.8529499999999999,16.24473510524234,16.244735105242345
1.8546,16.263513195781723,16.263513195781726
1.8562500000000002,16.289631265816105,16.2896312658161
1.8578999999999999,16.323863236966755,16.32386323696675
1.85955,16.36696652542923,16.366966525429234
1.8612000000000002,16.419675169714402,16.419675169714406
1.86285,16.48269267034586,16.482692670345862
1.8645,16.556684576730976,16.55668457673098
1.8661500000000002,16.642270861866024,16.642270861866027
1.8678,16.74001813123739,16.740018131237395
1.86945,16.8504317182256,16.850431718225597
1.8711000000000002,16.97394772448916,16.973947724489165
1.87275,17.1109250701815,17.1109250701815
1.8744,17.261637625406976,17.261637625406976
1.8760500000000002,17.42626650102273,17.42626650102273
1.8777,17.604892583706494,17.604892583706494
1.87935,17.797489407091145,17.797489407091145
1.8809999999999998,18.00391645767024,18.003916457670236
1.88265,18.22391302105056,18.22391302105056
1.8843,18.457092680899525,18.45709268089953
1.8859499999999998,18.702938589548065,18.702938589548065
1.8876,18.960799635572858,18.96079963557286
1.88925,19.229887639715017,19.229887639715013
1.8908999999999998,19.509275716097775,19.509275716097775
1.89255,19.79789794076817,19.797897940768173
1.8942,20.09455047399243,20.09455047399243
1.8958499999999998,20.397894286348933,20.397894286348937
1.8975,20.706459641332785,20.706459641332792
1.8991500000000001,21.01865248875664,21.018652488756636
1.9007999999999998,21.332762923526502,21.332762923526502
1.90245,21.646975863186995,21.64697586318699
1.9041000000000001,21.959384094761226,21.95938409476123
1.9057499999999998,22.26800383662301,22.26800383662301
1.9074,22.57079295417143,22.57079295417143
1.9090500000000001,22.865671958657256,22.865671958657252
1.9106999999999998,23.1505479063325,23.150547906332502
1.91235,23.423341299820002,23.42334129982
1.9140000000000001,23.682016074869594,23.68201607486959
1.9156499999999999,23.924612733085382,23.92461273308539
1.9173,24.149284654330277,24.149284654330277
1.9189500000000002,24.354337590869445,24.35433759086945
1.9205999999999999,24.53827230837652,24.53827230837652
1.92225,24.699830296111802,24.69983029611179
1.9239000000000002,24.838042419257228,24.838042419257224
1.9255499999999999,24.95228032984926,24.952280329849263
1.9272,25.042310388195045,25.042310388195048
1.9288500000000002,25.108349773212378,25.10834977321238
1.9304999999999999,25.151124376808426,25.15112437680842
1.93215,25.17192798307772,25.171927983077715
1.9338000000000002,25.17268212648531,25.172682126485313
1.93545,25.155995902832483,25.155995902832476
1.9371,25.12522487097959,25.125224870979594
1.9387500000000002,25.084528030039817,25.084528030039817
1.9404,25.038921683707937,25.038921683707947
1.94205,24.994328807763843,24.994328807763843
1.9437000000000002,24.95762231521949,24.957622315219492
1.94535,24.936660361971086,24.936660361971093
1.947,24.940311549133057,24.940311549133057
1.9486500000000002,24.97846755019475,24.978467550194754
1.9503,25.062040313861274,25.062040313861274
1.95195,25.20294055686639,25.20294055686639
1.9535999999999998,25.414033752233774,25.41403375223377
1.95525,25.709069220559076,25.70906922055908
1.9569,26.102577222661782,26.102577222661786
1.9585499999999998,26.609728101780703,26.6097281017807
1.9602,27.24614649232922,27.246146492329224
1.96185,28.027672345353107,28.027672345353107
1.9634999999999998,28.97005894239161,28.970058942391603
1.96515,30.088596072816053,30.088596072816046
1.9668,31.39764398284529,31.39764398284529
1.9684499999999998,32.91006034693841,32.910060346938415
1.9701,34.63649803917709,34.6364980391771
1.9717500000000001,36.58454540545509,36.58454540545509
1.9733999999999998,38.757672308378574,38.75767230837858
1.97505,41.15393326205477,41.15393326205476
1.9767000000000001,43.76436160635516,43.764361606355166
1.9783499999999998,46.57096276984216,46.570962769842154
1.98,49.54417491453636,49.54417491453638
