energy,gate_strength,transmission_T,N_open_lead,N_local_open_centre,dimensionless_conductance_g,conductance_S,local_subband_energies
-3.6,0.0,1.0000000000000007,1,1,1.0000000000000007,7.748091729863654e-05,-1.8019377358;-1.24697960372;-0.445041867913;0.445041867913;1.24697960372;1.8019377358
-3.58,0.0,1.0,1,1,1.0,7.748091729863649e-05,-1.8019377358;-1.24697960372;-0.445041867913;0.445041867913;1.24697960372;1.8019377358
-3.56,0.0,0.9999999999999999,1,1,0.9999999999999999,7.748091729863647e-05,-1.8019377358;-1.24697960372;-0.445041867913;0.445041867913;1.24697960372;1.8019377358
-3.54,0.0,0.9999999999999999,1,1,0.9999999999999999,7.748091729863647e-05,-1.8019377358;-1.24697960372;-0.445041867913;0.445041867913;1.24697960372;1.8019377358
-3.52,0.0,0.9999999999999999,1,1,0.9999999999999999,7.748091729863647e-05,-1.8019377358;-1.24697960372;-0.445041867913;0.445041867913;1.24697960372;1.8019377358
-3.5,0.0,1.0000000000000002,1,1,1.0000000000000002,7.74809172986365e-05,-1.8019377358;-1.24697960372;-0.445041867913;0.445041867913;1.24697960372;1.8019377358
-3.48,0.0,1.0000000000000004,1,1,1.0000000000000004,7.748091729863653e-05,-1.8019377358;-1.24697960372;-0.445041867913;0.445041867913;1.24697960372;1.8019377358
-3.46,0.0,1.0000000000000004,1,1,1.0000000000000004,7.748091729863653e-05,-1.8019377358;-1.24697960372;-0.445041867913;0.445041867913;1.24697960372;1.8019377358
-3.44,0.0,1.0000000000000002,1,1,1.0000000000000002,7.74809172986365e-05,-1.8019377358;-1.24697960372;-0.445041867913;0.445041867913;1.24697960372;1.8019377358
-3.42,0.0,0.9999999999999987,1,1,0.9999999999999987,7.748091729863638e-05,-1.8019377358;-1.24697960372;-0.445041867913;0.445041867913;1.24697960372;1.8019377358
-3.4,0.0,0.9999999999999989,1,1,0.9999999999999989,7.74809172986364e-05,-1.8019377358;-1.24697960372;-0.445041867913;0.445041867913;1.24697960372;1.8019377358
-3.38,0.0,1.0000000000000002,1,1,1.0000000000000002,7.74809172986365e-05,-1.8019377358;-1.24697960372;-0.445041867913;0.445041867913;1.24697960372;1.8019377358
-3.36,0.0,1.0000000000000007,1,1,1.0000000000000007,7.748091729863654e-05,-1.8019377358;-1.24697960372;-0.445041867913;0.445041867913;1.24697960372;1.8019377358
-3.34,0.0,1.0000000000000004,1,1,1.0000000000000004,7.748091729863653e-05,-1.8019377358;-1.24697960372;-0.445041867913;0.445041867913;1.24697960372;1.8019377358
-3.3200000000000003,0.0,1.0,1,1,1.0,7.748091729863649e-05,-1.8019377358;-1.24697960372;-0.445041867913;0.445041867913;1.24697960372;1.8019377358
-3.3,0.0,1.0000000000000016,1,1,1.0000000000000016,7.748091729863661e-05,-1.8019377358;-1.24697960372;-0.445041867913;0.445041867913;1.24697960372;1.8019377358
-3.2800000000000002,0.0,1.0000000000000013,1,1,1.0000000000000013,7.74809172986366e-05,-1.8019377358;-1.24697960372;-0.445041867913;0.445041867913;1.24697960372;1.8019377358
-3.26,0.0,1.0000000000000009,1,1,1.0000000000000009,7.748091729863655e-05,-1.8019377358;-1.24697960372;-0.445041867913;0.445041867913;1.24697960372;1.8019377358
-3.24,0.0,2.0,2,2,2.0,0.00015496183459727297,-1.8019377358;-1.24697960372;-0.445041867913;0.445041867913;1.24697960372;1.8019377358
-3.22,0.0,2.000000000000005,2,2,2.000000000000005,0.00015496183459727335,-1.8019377358;-1.24697960372;-0.445041867913;0.445041867913;1.24697960372;1.8019377358
-3.2,0.0,2.0000000000000004,2,2,2.0000000000000004,0.000154961834597273,-1.8019377358;-1.24697960372;-0.445041867913;0.445041867913;1.24697960372;1.8019377358
-3.18,0.0,1.9999999999999982,2,2,1.9999999999999982,0.00015496183459727284,-1.8019377358;-1.24697960372;-0.445041867913;0.445041867913;1.24697960372;1.8019377358
-3.16,0.0,1.9999999999999973,2,2,1.9999999999999973,0.00015496183459727276,-1.8019377358;-1.24697960372;-0.445041867913;0.445041867913;1.24697960372;1.8019377358
-3.14,0.0,2.0000000000000013,2,2,2.0000000000000013,0.00015496183459727308,-1.8019377358;-1.24697960372;-0.445041867913;0.445041867913;1.24697960372;1.8019377358
-3.12,0.0,2.000000000000001,2,2,2.000000000000001,0.00015496183459727306,-1.8019377358;-1.24697960372;-0.445041867913;0.445041867913;1.24697960372;1.8019377358
-3.1,0.0,1.9999999999999991,2,2,1.9999999999999991,0.0001549618345972729,-1.8019377358;-1.24697960372;-0.445041867913;0.445041867913;1.24697960372;1.8019377358
-3.08,0.0,2.0,2,2,2.0,0.00015496183459727297,-1.8019377358;-1.24697960372;-0.445041867913;0.445041867913;1.24697960372;1.8019377358
-3.06,0.0,1.9999999999999987,2,2,1.9999999999999987,0.00015496183459727287,-1.8019377358;-1.24697960372;-0.445041867913;0.445041867913;1.24697960372;1.8019377358
-3.04,0.0,2.000000000000001,2,2,2.000000000000001,0.00015496183459727306,-1.8019377358;-1.24697960372;-0.445041867913;0.445041867913;1.24697960372;1.8019377358
-3.02,0.0,1.9999999999999996,2,2,1.9999999999999996,0.00015496183459727295,-1.8019377358;-1.24697960372;-0.445041867913;0.445041867913;1.24697960372;1.8019377358
-3.0,0.0,1.9999999999999998,2,2,1.9999999999999998,0.00015496183459727295,-1.8019377358;-1.24697960372;-0.445041867913;0.445041867913;1.24697960372;1.8019377358
-2.98,0.0,1.9999999999999998,2,2,1.9999999999999998,0.00015496183459727295,-1.8019377358;-1.24697960372;-0.445041867913;0.445041867913;1.24697960372;1.8019377358
-2.96,0.0,2.0,2,2,2.0,0.00015496183459727297,-1.8019377358;-1.24697960372;-0.445041867913;0.445041867913;1.24697960372;1.8019377358
-2.94,0.0,2.0000000000000018,2,2,2.0000000000000018,0.0001549618345972731,-1.8019377358;-1.24697960372;-0.445041867913;0.445041867913;1.24697960372;1.8019377358
-2.92,0.0,2.000000000000002,2,2,2.000000000000002,0.00015496183459727314,-1.8019377358;-1.24697960372;-0.445041867913;0.445041867913;1.24697960372;1.8019377358
-2.9,0.0,2.0000000000000013,2,2,2.0000000000000013,0.00015496183459727308,-1.8019377358;-1.24697960372;-0.445041867913;0.445041867913;1.24697960372;1.8019377358
-2.88,0.0,1.999999999999999,2,2,1.999999999999999,0.0001549618345972729,-1.8019377358;-1.24697960372;-0.445041867913;0.445041867913;1.24697960372;1.8019377358
-2.86,0.0,1.9999999999999976,2,2,1.9999999999999976,0.00015496183459727278,-1.8019377358;-1.24697960372;-0.445041867913;0.445041867913;1.24697960372;1.8019377358
-2.84,0.0,2.000000000000001,2,2,2.000000000000001,0.00015496183459727306,-1.8019377358;-1.24697960372;-0.445041867913;0.445041867913;1.24697960372;1.8019377358
-2.82,0.0,2.000000000000001,2,2,2.000000000000001,0.00015496183459727306,-1.8019377358;-1.24697960372;-0.445041867913;0.445041867913;1.24697960372;1.8019377358
-2.8,0.0,1.999999999999998,2,2,1.999999999999998,0.0001549618345972728,-1.8019377358;-1.24697960372;-0.445041867913;0.445041867913;1.24697960372;1.8019377358
-2.78,0.0,1.9999999999999996,2,2,1.9999999999999996,0.00015496183459727295,-1.8019377358;-1.24697960372;-0.445041867913;0.445041867913;1.24697960372;1.8019377358
-2.76,0.0,1.9999999999999996,2,2,1.9999999999999996,0.00015496183459727295,-1.8019377358;-1.24697960372;-0.445041867913;0.445041867913;1.24697960372;1.8019377358
-2.7399999999999998,0.0,1.9999999999999996,2,2,1.9999999999999996,0.00015496183459727295,-1.8019377358;-1.24697960372;-0.445041867913;0.445041867913;1.24697960372;1.8019377358
-2.7199999999999998,0.0,2.0000000000000013,2,2,2.0000000000000013,0.00015496183459727308,-1.8019377358;-1.24697960372;-0.445041867913;0.445041867913;1.24697960372;1.8019377358
-2.7,0.0,1.9999999999999987,2,2,1.9999999999999987,0.00015496183459727287,-1.8019377358;-1.24697960372;-0.445041867913;0.445041867913;1.24697960372;1.8019377358
-2.6799999999999997,0.0,2.0,2,2,2.0,0.00015496183459727297,-1.8019377358;-1.24697960372;-0.445041867913;0.445041867913;1.24697960372;1.8019377358
-2.66,0.0,2.0,2,2,2.0,0.00015496183459727297,-1.8019377358;-1.24697960372;-0.445041867913;0.445041867913;1.24697960372;1.8019377358
-2.6399999999999997,0.0,2.0000000000000004,2,2,2.0000000000000004,0.000154961834597273,-1.8019377358;-1.24697960372;-0.445041867913;0.445041867913;1.24697960372;1.8019377358
-2.62,0.0,2.0,2,2,2.0,0.00015496183459727297,-1.8019377358;-1.24697960372;-0.445041867913;0.445041867913;1.24697960372;1.8019377358
-2.5999999999999996,0.0,1.9999999999999956,2,2,1.9999999999999956,0.00015496183459727262,-1.8019377358;-1.24697960372;-0.445041867913;0.445041867913;1.24697960372;1.8019377358
-2.58,0.0,2.0000000000000004,2,2,2.0000000000000004,0.000154961834597273,-1.8019377358;-1.24697960372;-0.445041867913;0.445041867913;1.24697960372;1.8019377358
-2.5599999999999996,0.0,2.0,2,2,2.0,0.00015496183459727297,-1.8019377358;-1.24697960372;-0.445041867913;0.445041867913;1.24697960372;1.8019377358
-2.54,0.0,1.9999999999999998,2,2,1.9999999999999998,0.00015496183459727295,-1.8019377358;-1.24697960372;-0.445041867913;0.445041867913;1.24697960372;1.8019377358
-2.5199999999999996,0.0,1.999999999999998,2,2,1.999999999999998,0.0001549618345972728,-1.8019377358;-1.24697960372;-0.445041867913;0.445041867913;1.24697960372;1.8019377358
-2.5,0.0,1.9999999999999987,2,2,1.9999999999999987,0.00015496183459727287,-1.8019377358;-1.24697960372;-0.445041867913;0.445041867913;1.24697960372;1.8019377358
-2.48,0.0,2.0000000000000018,2,2,2.0000000000000018,0.0001549618345972731,-1.8019377358;-1.24697960372;-0.445041867913;0.445041867913;1.24697960372;1.8019377358
-2.46,0.0,2.0000000000000018,2,2,2.0000000000000018,0.0001549618345972731,-1.8019377358;-1.24697960372;-0.445041867913;0.445041867913;1.24697960372;1.8019377358
-2.44,0.0,3.0000000000000036,3,3,3.0000000000000036,0.00023244275189590973,-1.8019377358;-1.24697960372;-0.445041867913;0.445041867913;1.24697960372;1.8019377358
-2.42,0.0,3.0000000000000018,3,3,3.0000000000000018,0.0002324427518959096,-1.8019377358;-1.24697960372;-0.445041867913;0.445041867913;1.24697960372;1.8019377358
-2.4,0.0,3.0000000000000036,3,3,3.0000000000000036,0.00023244275189590973,-1.8019377358;-1.24697960372;-0.445041867913;0.445041867913;1.24697960372;1.8019377358
-2.38,0.0,2.999999999999998,3,3,2.999999999999998,0.0002324427518959093,-1.8019377358;-1.24697960372;-0.445041867913;0.445041867913;1.24697960372;1.8019377358
-2.36,0.0,3.0000000000000018,3,3,3.0000000000000018,0.0002324427518959096,-1.8019377358;-1.24697960372;-0.445041867913;0.445041867913;1.24697960372;1.8019377358
-2.34,0.0,3.000000000000006,3,3,3.000000000000006,0.00023244275189590995,-1.8019377358;-1.24697960372;-0.445041867913;0.445041867913;1.24697960372;1.8019377358
-2.32,0.0,2.9999999999999987,3,3,2.9999999999999987,0.00023244275189590935,-1.8019377358;-1.24697960372;-0.445041867913;0.445041867913;1.24697960372;1.8019377358
-2.3,0.0,2.9999999999999982,3,3,2.9999999999999982,0.00023244275189590933,-1.8019377358;-1.24697960372;-0.445041867913;0.445041867913;1.24697960372;1.8019377358
-2.28,0.0,2.9999999999999996,3,3,2.9999999999999996,0.00023244275189590943,-1.8019377358;-1.24697960372;-0.445041867913;0.445041867913;1.24697960372;1.8019377358
-2.26,0.0,3.0000000000000018,3,3,3.0000000000000018,0.0002324427518959096,-1.8019377358;-1.24697960372;-0.445041867913;0.445041867913;1.24697960372;1.8019377358
-2.2399999999999998,0.0,3.0000000000000004,3,3,3.0000000000000004,0.0002324427518959095,-1.8019377358;-1.24697960372;-0.445041867913;0.445041867913;1.24697960372;1.8019377358
-2.2199999999999998,0.0,3.000000000000001,3,3,3.000000000000001,0.00023244275189590954,-1.8019377358;-1.24697960372;-0.445041867913;0.445041867913;1.24697960372;1.8019377358
-2.1999999999999997,0.0,3.0000000000000018,3,3,3.0000000000000018,0.0002324427518959096,-1.8019377358;-1.24697960372;-0.445041867913;0.445041867913;1.24697960372;1.8019377358
-2.1799999999999997,0.0,3.0,3,3,3.0,0.00023244275189590946,-1.8019377358;-1.24697960372;-0.445041867913;0.445041867913;1.24697960372;1.8019377358
-2.1599999999999997,0.0,2.999999999999998,3,3,2.999999999999998,0.0002324427518959093,-1.8019377358;-1.24697960372;-0.445041867913;0.445041867913;1.24697960372;1.8019377358
-2.1399999999999997,0.0,3.0000000000000013,3,3,3.0000000000000013,0.00023244275189590957,-1.8019377358;-1.24697960372;-0.445041867913;0.445041867913;1.24697960372;1.8019377358
-2.12,0.0,2.9999999999999973,3,3,2.9999999999999973,0.00023244275189590924,-1.8019377358;-1.24697960372;-0.445041867913;0.445041867913;1.24697960372;1.8019377358
-2.0999999999999996,0.0,2.9999999999999987,3,3,2.9999999999999987,0.00023244275189590935,-1.8019377358;-1.24697960372;-0.445041867913;0.445041867913;1.24697960372;1.8019377358
-2.08,0.0,2.9999999999999982,3,3,2.9999999999999982,0.00023244275189590933,-1.8019377358;-1.24697960372;-0.445041867913;0.445041867913;1.24697960372;1.8019377358
-2.0599999999999996,0.0,2.999999999999999,3,3,2.999999999999999,0.00023244275189590938,-1.8019377358;-1.24697960372;-0.445041867913;0.445041867913;1.24697960372;1.8019377358
-2.04,0.0,3.000000000000001,3,3,3.000000000000001,0.00023244275189590954,-1.8019377358;-1.24697960372;-0.445041867913;0.445041867913;1.24697960372;1.8019377358
-2.0199999999999996,0.0,3.0000000000000027,3,3,3.0000000000000027,0.00023244275189590968,-1.8019377358;-1.24697960372;-0.445041867913;0.445041867913;1.24697960372;1.8019377358
-1.9999999999999998,0.0,3.000000000000001,3,3,3.000000000000001,0.00023244275189590954,-1.8019377358;-1.24697960372;-0.445041867913;0.445041867913;1.24697960372;1.8019377358
-1.9799999999999998,0.0,3.0000000000000018,3,3,3.0000000000000018,0.0002324427518959096,-1.8019377358;-1.24697960372;-0.445041867913;0.445041867913;1.24697960372;1.8019377358
-1.9599999999999997,0.0,2.9999999999999987,3,3,2.9999999999999987,0.00023244275189590935,-1.8019377358;-1.24697960372;-0.445041867913;0.445041867913;1.24697960372;1.8019377358
-1.9399999999999997,0.0,2.999999999999999,3,3,2.999999999999999,0.00023244275189590938,-1.8019377358;-1.24697960372;-0.445041867913;0.445041867913;1.24697960372;1.8019377358
-1.9199999999999997,0.0,2.999999999999999,3,3,2.999999999999999,0.00023244275189590938,-1.8019377358;-1.24697960372;-0.445041867913;0.445041867913;1.24697960372;1.8019377358
-1.8999999999999997,0.0,3.0000000000000004,3,3,3.0000000000000004,0.0002324427518959095,-1.8019377358;-1.24697960372;-0.445041867913;0.445041867913;1.24697960372;1.8019377358
-1.8799999999999997,0.0,3.0,3,3,3.0,0.00023244275189590946,-1.8019377358;-1.24697960372;-0.445041867913;0.445041867913;1.24697960372;1.8019377358
-1.8599999999999997,0.0,2.9999999999999982,3,3,2.9999999999999982,0.00023244275189590933,-1.8019377358;-1.24697960372;-0.445041867913;0.445041867913;1.24697960372;1.8019377358
-1.8399999999999999,0.0,2.9999999999999973,3,3,2.9999999999999973,0.00023244275189590924,-1.8019377358;-1.24697960372;-0.445041867913;0.445041867913;1.24697960372;1.8019377358
-1.8199999999999998,0.0,2.999999999999999,3,3,2.999999999999999,0.00023244275189590938,-1.8019377358;-1.24697960372;-0.445041867913;0.445041867913;1.24697960372;1.8019377358
-1.7999999999999998,0.0,3.0,3,3,3.0,0.00023244275189590946,-1.8019377358;-1.24697960372;-0.445041867913;0.445041867913;1.24697960372;1.8019377358
-1.7799999999999998,0.0,3.000000000000001,3,3,3.000000000000001,0.00023244275189590954,-1.8019377358;-1.24697960372;-0.445041867913;0.445041867913;1.24697960372;1.8019377358
-1.7599999999999998,0.0,3.000000000000001,3,3,3.000000000000001,0.00023244275189590954,-1.8019377358;-1.24697960372;-0.445041867913;0.445041867913;1.24697960372;1.8019377358
-1.7399999999999998,0.0,2.9999999999999987,3,3,2.9999999999999987,0.00023244275189590935,-1.8019377358;-1.24697960372;-0.445041867913;0.445041867913;1.24697960372;1.8019377358
-1.7199999999999998,0.0,2.999999999999999,3,3,2.999999999999999,0.00023244275189590938,-1.8019377358;-1.24697960372;-0.445041867913;0.445041867913;1.24697960372;1.8019377358
-1.6999999999999997,0.0,3.0000000000000004,3,3,3.0000000000000004,0.0002324427518959095,-1.8019377358;-1.24697960372;-0.445041867913;0.445041867913;1.24697960372;1.8019377358
-1.6799999999999997,0.0,3.0000000000000036,3,3,3.0000000000000036,0.00023244275189590973,-1.8019377358;-1.24697960372;-0.445041867913;0.445041867913;1.24697960372;1.8019377358
-1.6599999999999997,0.0,2.9999999999999996,3,3,2.9999999999999996,0.00023244275189590943,-1.8019377358;-1.24697960372;-0.445041867913;0.445041867913;1.24697960372;1.8019377358
-1.6399999999999997,0.0,2.9999999999999973,3,3,2.9999999999999973,0.00023244275189590924,-1.8019377358;-1.24697960372;-0.445041867913;0.445041867913;1.24697960372;1.8019377358
-1.6199999999999997,0.0,3.000000000000003,3,3,3.000000000000003,0.0002324427518959097,-1.8019377358;-1.24697960372;-0.445041867913;0.445041867913;1.24697960372;1.8019377358
-1.5999999999999996,0.0,2.999999999999998,3,3,2.999999999999998,0.0002324427518959093,-1.8019377358;-1.24697960372;-0.445041867913;0.445041867913;1.24697960372;1.8019377358
-1.5799999999999996,0.0,2.9999999999999956,3,3,2.9999999999999956,0.0002324427518959091,-1.8019377358;-1.24697960372;-0.445041867913;0.445041867913;1.24697960372;1.8019377358
-1.5599999999999996,0.0,3.0000000000000018,3,3,3.0000000000000018,0.0002324427518959096,-1.8019377358;-1.24697960372;-0.445041867913;0.445041867913;1.24697960372;1.8019377358
-1.5399999999999996,0.0,3.9999999999999982,4,4,3.9999999999999982,0.0003099236691945458,-1.8019377358;-1.24697960372;-0.445041867913;0.445041867913;1.24697960372;1.8019377358
-1.5199999999999996,0.0,3.9999999999999947,4,4,3.9999999999999947,0.0003099236691945455,-1.8019377358;-1.24697960372;-0.445041867913;0.445041867913;1.24697960372;1.8019377358
-1.4999999999999996,0.0,4.000000000000003,4,4,4.000000000000003,0.00030992366919454617,-1.8019377358;-1.24697960372;-0.445041867913;0.445041867913;1.24697960372;1.8019377358
-1.4799999999999995,0.0,3.9999999999999982,4,4,3.9999999999999982,0.0003099236691945458,-1.8019377358;-1.24697960372;-0.445041867913;0.445041867913;1.24697960372;1.8019377358
-1.4599999999999995,0.0,3.9999999999999947,4,4,3.9999999999999947,0.0003099236691945455,-1.8019377358;-1.24697960372;-0.445041867913;0.445041867913;1.24697960372;1.8019377358
-1.4399999999999995,0.0,4.0000000000000036,4,4,4.0000000000000036,0.0003099236691945462,-1.8019377358;-1.24697960372;-0.445041867913;0.445041867913;1.24697960372;1.8019377358
-1.4199999999999995,0.0,4.000000000000002,4,4,4.000000000000002,0.0003099236691945461,-1.8019377358;-1.24697960372;-0.445041867913;0.445041867913;1.24697960372;1.8019377358
-1.3999999999999995,0.0,4.000000000000002,4,4,4.000000000000002,0.0003099236691945461,-1.8019377358;-1.24697960372;-0.445041867913;0.445041867913;1.24697960372;1.8019377358
-1.3799999999999994,0.0,3.999999999999994,4,4,3.999999999999994,0.00030992366919454546,-1.8019377358;-1.24697960372;-0.445041867913;0.445041867913;1.24697960372;1.8019377358
-1.3599999999999999,0.0,3.9999999999999973,4,4,3.9999999999999973,0.00030992366919454573,-1.8019377358;-1.24697960372;-0.445041867913;0.445041867913;1.24697960372;1.8019377358
-1.3399999999999999,0.0,4.0000000000000036,4,4,4.0000000000000036,0.0003099236691945462,-1.8019377358;-1.24697960372;-0.445041867913;0.445041867913;1.24697960372;1.8019377358
-1.3199999999999998,0.0,4.000000000000002,4,4,4.000000000000002,0.0003099236691945461,-1.8019377358;-1.24697960372;-0.445041867913;0.445041867913;1.24697960372;1.8019377358
-1.2999999999999998,0.0,4.0000000000000036,4,4,4.0000000000000036,0.0003099236691945462,-1.8019377358;-1.24697960372;-0.445041867913;0.445041867913;1.24697960372;1.8019377358
-1.2799999999999998,0.0,3.999999999999999,4,4,3.999999999999999,0.0003099236691945459,-1.8019377358;-1.24697960372;-0.445041867913;0.445041867913;1.24697960372;1.8019377358
-1.2599999999999998,0.0,4.000000000000002,4,4,4.000000000000002,0.0003099236691945461,-1.8019377358;-1.24697960372;-0.445041867913;0.445041867913;1.24697960372;1.8019377358
-1.2399999999999998,0.0,4.000000000000001,4,4,4.000000000000001,0.000309923669194546,-1.8019377358;-1.24697960372;-0.445041867913;0.445041867913;1.24697960372;1.8019377358
-1.2199999999999998,0.0,4.000000000000002,4,4,4.000000000000002,0.0003099236691945461,-1.8019377358;-1.24697960372;-0.445041867913;0.445041867913;1.24697960372;1.8019377358
-1.2,0.0,4.0,4,4,4.0,0.00030992366919454595,-1.8019377358;-1.24697960372;-0.445041867913;0.445041867913;1.24697960372;1.8019377358
-3.6,0.25,0.0012340168355636754,1,0,0.0012340168355636754,9.561275638143423e-08,-1.46560749146;-0.802103567027;0.0250290394453;0.916278063323;1.7111590457;2.15640609739
-3.58,0.25,0.0036630733441399624,1,0,0.0036630733441399624,2.8381828283614823e-07,-1.46560749146;-0.802103567027;0.0250290394453;0.916278063323;1.7111590457;2.15640609739
-3.56,0.25,0.010416128145425706,1,0,0.010416128145425706,8.07051163407729e-07,-1.46560749146;-0.802103567027;0.0250290394453;0.916278063323;1.7111590457;2.15640609739
-3.54,0.25,0.02833131772092182,1,0,0.02833131772092182,2.195136485296138e-06,-1.46560749146;-0.802103567027;0.0250290394453;0.916278063323;1.7111590457;2.15640609739
-3.52,0.25,0.0729753326995909,1,0,0.0729753326995909,5.654195717737486e-06,-1.46560749146;-0.802103567027;0.0250290394453;0.916278063323;1.7111590457;2.15640609739
-3.5,0.25,0.17242134778228177,1,0,0.17242134778228177,1.3359364188038413e-05,-1.46560749146;-0.802103567027;0.0250290394453;0.916278063323;1.7111590457;2.15640609739
-3.48,0.25,0.3512912039425515,1,0,0.3512912039425515,2.7218364720411274e-05,-1.46560749146;-0.802103567027;0.0250290394453;0.916278063323;1.7111590457;2.15640609739
-3.46,0.25,0.5796617325441139,1,1,0.5796617325441139,4.4912722760434834e-05,-1.46560749146;-0.802103567027;0.0250290394453;0.916278063323;1.7111590457;2.15640609739
-3.44,0.25,0.7741772541517009,1,1,0.7741772541517009,5.998396380341342e-05,-1.46560749146;-0.802103567027;0.0250290394453;0.916278063323;1.7111590457;2.15640609739
-3.42,0.25,0.8926585416562788,1,1,0.8926585416562788,6.91640026419916e-05,-1.46560749146;-0.802103567027;0.0250290394453;0.916278063323;1.7111590457;2.15640609739
-3.4,0.25,0.951929927357333,1,1,0.951929927357333,7.375640397567056e-05,-1.46560749146;-0.802103567027;0.0250290394453;0.916278063323;1.7111590457;2.15640609739
-3.38,0.25,0.9790935012613186,1,1,0.9790935012613186,7.586106259886066e-05,-1.46560749146;-0.802103567027;0.0250290394453;0.916278063323;1.7111590457;2.15640609739
-3.36,0.25,0.9910918351266482,1,1,0.9910918351266482,7.67907045128017e-05,-1.46560749146;-0.802103567027;0.0250290394453;0.916278063323;1.7111590457;2.15640609739
-3.34,0.25,0.9962579631886059,1,1,0.9962579631886059,7.71909808539244e-05,-1.46560749146;-0.802103567027;0.0250290394453;0.916278063323;1.7111590457;2.15640609739
-3.3200000000000003,0.25,0.9984221604356518,1,1,0.9984221604356518,7.73586648418407e-05,-1.46560749146;-0.802103567027;0.0250290394453;0.916278063323;1.7111590457;2.15640609739
-3.3,0.25,0.999308871741452,1,1,0.999308871741452,7.742736804719318e-05,-1.46560749146;-0.802103567027;0.0250290394453;0.916278063323;1.7111590457;2.15640609739
-3.2800000000000002,0.25,0.9996733746020225,1,1,0.9996733746020225,7.745561006318817e-05,-1.46560749146;-0.802103567027;0.0250290394453;0.916278063323;1.7111590457;2.15640609739
-3.26,0.25,0.9998316340439289,1,1,0.9998316340439289,7.746787214991824e-05,-1.46560749146;-0.802103567027;0.0250290394453;0.916278063323;1.7111590457;2.15640609739
-3.24,0.25,0.9999090890197108,2,1,0.9999090890197108,7.747387343249116e-05,-1.46560749146;-0.802103567027;0.0250290394453;0.916278063323;1.7111590457;2.15640609739
-3.22,0.25,0.999952768651332,2,1,0.999952768651332,7.747725777041644e-05,-1.46560749146;-0.802103567027;0.0250290394453;0.916278063323;1.7111590457;2.15640609739
-3.2,0.25,0.9999788580700124,2,1,0.9999788580700124,7.747927920250758e-05,-1.46560749146;-0.802103567027;0.0250290394453;0.916278063323;1.7111590457;2.15640609739
-3.18,0.25,0.9999929582181,2,1,0.9999929582181,7.748037169491546e-05,-1.46560749146;-0.802103567027;0.0250290394453;0.916278063323;1.7111590457;2.15640609739
-3.16,0.25,0.999998707044957,2,1,0.999998707044957,7.748081711929373e-05,-1.46560749146;-0.802103567027;0.0250290394453;0.916278063323;1.7111590457;2.15640609739
-3.14,0.25,1.0000000314513884,2,1,1.0000000314513884,7.748091973551892e-05,-1.46560749146;-0.802103567027;0.0250290394453;0.916278063323;1.7111590457;2.15640609739
-3.12,0.25,1.0000001863903676,2,1,1.0000001863903676,7.748093174033315e-05,-1.46560749146;-0.802103567027;0.0250290394453;0.916278063323;1.7111590457;2.15640609739
-3.1,0.25,1.0000007555430364,2,1,1.0000007555430364,7.7480975838804e-05,-1.46560749146;-0.802103567027;0.0250290394453;0.916278063323;1.7111590457;2.15640609739
-3.08,0.25,1.0000023592009195,2,1,1.0000023592009195,7.748110009168783e-05,-1.46560749146;-0.802103567027;0.0250290394453;0.916278063323;1.7111590457;2.15640609739
-3.06,0.25,1.0000068364763068,2,1,1.0000068364763068,7.748144699509183e-05,-1.46560749146;-0.802103567027;0.0250290394453;0.916278063323;1.7111590457;2.15640609739
-3.04,0.25,1.0000204149668939,2,1,1.0000204149668939,7.748249906899804e-05,-1.46560749146;-0.802103567027;0.0250290394453;0.916278063323;1.7111590457;2.15640609739
-3.02,0.25,1.0000595637693186,2,1,1.0000595637693186,7.748553235412105e-05,-1.46560749146;-0.802103567027;0.0250290394453;0.916278063323;1.7111590457;2.15640609739
-3.0,0.25,1.0001653448946568,2,1,1.0001653448946568,7.749372837274515e-05,-1.46560749146;-0.802103567027;0.0250290394453;0.916278063323;1.7111590457;2.15640609739
-2.98,0.25,1.000439144110716,2,1,1.000439144110716,7.751494258716106e-05,-1.46560749146;-0.802103567027;0.0250290394453;0.916278063323;1.7111590457;2.15640609739
-2.96,0.25,1.0011282905949104,2,1,1.0011282905949104,7.756833828890957e-05,-1.46560749146;-0.802103567027;0.0250290394453;0.916278063323;1.7111590457;2.15640609739
-2.94,0.25,1.0028271639622686,2,1,1.0028271639622686,7.769996855578671e-05,-1.46560749146;-0.802103567027;0.0250290394453;0.916278063323;1.7111590457;2.15640609739
-2.92,0.25,1.0069388522616705,2,1,1.0069388522616705,7.801854593687043e-05,-1.46560749146;-0.802103567027;0.0250290394453;0.916278063323;1.7111590457;2.15640609739
-2.9,0.25,1.016677269597496,2,1,1.016677269597496,7.877308744508714e-05,-1.46560749146;-0.802103567027;0.0250290394453;0.916278063323;1.7111590457;2.15640609739
-2.88,0.25,1.0389794243806019,2,1,1.0389794243806019,8.050107885541835e-05,-1.46560749146;-0.802103567027;0.0250290394453;0.916278063323;1.7111590457;2.15640609739
-2.86,0.25,1.0871171791212442,2,1,1.0871171791212442,8.42308362494201e-05,-1.46560749146;-0.802103567027;0.0250290394453;0.916278063323;1.7111590457;2.15640609739
-2.84,0.25,1.1806841925169227,2,1,1.1806841925169227,9.148049427621109e-05,-1.46560749146;-0.802103567027;0.0250290394453;0.916278063323;1.7111590457;2.15640609739
-2.82,0.25,1.3335993030521633,2,1,1.3335993030521633,0.00010332849730930392,-1.46560749146;-0.802103567027;0.0250290394453;0.916278063323;1.7111590457;2.15640609739
-2.8,0.25,1.5281792344471512,2,2,1.5281792344471512,0.00011840472888169334,-1.46560749146;-0.802103567027;0.0250290394453;0.916278063323;1.7111590457;2.15640609739
-2.78,0.25,1.712508379298882,2,2,1.712508379298882,0.00013268672010967867,-1.46560749146;-0.802103567027;0.0250290394453;0.916278063323;1.7111590457;2.15640609739
-2.76,0.25,1.8451482371069114,2,2,1.8451482371069114,0.0001429637779630055,-1.46560749146;-0.802103567027;0.0250290394453;0.916278063323;1.7111590457;2.15640609739
-2.7399999999999998,0.25,1.9229210875965008,2,2,1.9229210875965008,0.0001489896897598686,-1.46560749146;-0.802103567027;0.0250290394453;0.916278063323;1.7111590457;2.15640609739
-2.7199999999999998,0.25,1.9630629989254962,2,2,1.9630629989254962,0.0001520999218717597,-1.46560749146;-0.802103567027;0.0250290394453;0.916278063323;1.7111590457;2.15640609739
-2.7,0.25,1.9824157137502536,2,2,1.9824157137502536,0.00015359938796860083,-1.46560749146;-0.802103567027;0.0250290394453;0.916278063323;1.7111590457;2.15640609739
-2.6799999999999997,0.25,1.9915024185603183,2,2,1.9915024185603183,0.00015430343419250658,-1.46560749146;-0.802103567027;0.0250290394453;0.916278063323;1.7111590457;2.15640609739
-2.66,0.25,1.9957922024273387,2,2,1.9957922024273387,0.0001546358105815362,-1.46560749146;-0.802103567027;0.0250290394453;0.916278063323;1.7111590457;2.15640609739
-2.6399999999999997,0.25,1.9978782131348969,2,2,1.9978782131348969,0.00015479743660465258,-1.46560749146;-0.802103567027;0.0250290394453;0.916278063323;1.7111590457;2.15640609739
-2.62,0.25,1.9989337199790733,2,2,1.9989337199790733,0.00015487921824315436,-1.46560749146;-0.802103567027;0.0250290394453;0.916278063323;1.7111590457;2.15640609739
-2.5999999999999996,0.25,1.9994822211118128,2,2,1.9994822211118128,0.00015492171661405835,-1.46560749146;-0.802103567027;0.0250290394453;0.916278063323;1.7111590457;2.15640609739
-2.58,0.25,1.9997642802810753,2,2,1.9997642802810753,0.00015494357081722533,-1.46560749146;-0.802103567027;0.0250290394453;0.916278063323;1.7111590457;2.15640609739
-2.5599999999999996,0.25,1.9999009176514317,2,2,1.9999009176514317,0.0001549541576060178,-1.46560749146;-0.802103567027;0.0250290394453;0.916278063323;1.7111590457;2.15640609739
-2.54,0.25,1.999960525760756,2,2,1.999960525760756,0.0001549587760970067,-1.46560749146;-0.802103567027;0.0250290394453;0.916278063323;1.7111590457;2.15640609739
-2.5199999999999996,0.25,1.9999833433646972,2,2,1.9999833433646972,0.0001549605440258906,-1.46560749146;-0.802103567027;0.0250290394453;0.916278063323;1.7111590457;2.15640609739
-2.5,0.25,1.9999910118389228,2,2,1.9999910118389228,0.0001549611381863079,-1.46560749146;-0.802103567027;0.0250290394453;0.916278063323;1.7111590457;2.15640609739
-2.48,0.25,1.9999931906706003,2,2,1.9999931906706003,0.0001549613070041849,-1.46560749146;-0.802103567027;0.0250290394453;0.916278063323;1.7111590457;2.15640609739
-2.46,0.25,1.999993558416246,2,2,1.999993558416246,0.00015496133549745486,-1.46560749146;-0.802103567027;0.0250290394453;0.916278063323;1.7111590457;2.15640609739
-2.44,0.25,1.9999937754554868,3,2,1.9999937754554868,0.00015496135231385434,-1.46560749146;-0.802103567027;0.0250290394453;0.916278063323;1.7111590457;2.15640609739
-2.42,0.25,1.9999947666296207,3,2,1.9999947666296207,0.00015496142911093543,-1.46560749146;-0.802103567027;0.0250290394453;0.916278063323;1.7111590457;2.15640609739
-2.4,0.25,1.9999965744700277,3,2,1.9999965744700277,0.00015496156918406848,-1.46560749146;-0.802103567027;0.0250290394453;0.916278063323;1.7111590457;2.15640609739
-2.38,0.25,1.9999984154118162,3,2,1.9999984154118162,0.00015496171182192696,-1.46560749146;-0.802103567027;0.0250290394453;0.916278063323;1.7111590457;2.15640609739
-2.36,0.25,1.9999994340648481,3,2,1.9999994340648481,0.00015496179074809828,-1.46560749146;-0.802103567027;0.0250290394453;0.916278063323;1.7111590457;2.15640609739
-2.34,0.25,1.9999994757228043,3,2,1.9999994757228043,0.00015496179397579492,-1.46560749146;-0.802103567027;0.0250290394453;0.916278063323;1.7111590457;2.15640609739
-2.32,0.25,1.9999991498314178,3,2,1.9999991498314178,0.00015496176872543136,-1.46560749146;-0.802103567027;0.0250290394453;0.916278063323;1.7111590457;2.15640609739
-2.3,0.25,1.9999992473912742,3,2,1.9999992473912742,0.00015496177628445854,-1.46560749146;-0.802103567027;0.0250290394453;0.916278063323;1.7111590457;2.15640609739
-2.28,0.25,2.0000002416878795,3,2,2.0000002416878795,0.00015496185332347157,-1.46560749146;-0.802103567027;0.0250290394453;0.916278063323;1.7111590457;2.15640609739
-2.26,0.25,2.0000025823415037,3,2,2.0000025823415037,0.00015496203467946148,-1.46560749146;-0.802103567027;0.0250290394453;0.916278063323;1.7111590457;2.15640609739
-2.2399999999999998,0.25,2.0000080883346314,3,2,2.0000080883346314,0.00015496246128885962,-1.46560749146;-0.802103567027;0.0250290394453;0.916278063323;1.7111590457;2.15640609739
-2.2199999999999998,0.25,2.00002275104117,3,2,2.00002275104117,0.00015496359736881233,-1.46560749146;-0.802103567027;0.0250290394453;0.916278063323;1.7111590457;2.15640609739
-2.1999999999999997,0.25,2.000062391624996,3,2,2.000062391624996,0.00015496666875760944,-1.46560749146;-0.802103567027;0.0250290394453;0.916278063323;1.7111590457;2.15640609739
-2.1799999999999997,0.25,2.0001655005933427,3,2,2.0001655005933427,0.00015497465773505864,-1.46560749146;-0.802103567027;0.0250290394453;0.916278063323;1.7111590457;2.15640609739
-2.1599999999999997,0.25,2.0004236622326204,3,2,2.0004236622326204,0.0001549946603356812,-1.46560749146;-0.802103567027;0.0250290394453;0.916278063323;1.7111590457;2.15640609739
-2.1399999999999997,0.25,2.001053222077274,3,2,2.001053222077274,0.00015504343920993936,-1.46560749146;-0.802103567027;0.0250290394453;0.916278063323;1.7111590457;2.15640609739
-2.12,0.25,2.002560832327452,3,2,2.002560832327452,0.00015516025023505197,-1.46560749146;-0.802103567027;0.0250290394453;0.916278063323;1.7111590457;2.15640609739
-2.0999999999999996,0.25,2.006113737635177,3,2,2.006113737635177,0.00015543553259736968,-1.46560749146;-0.802103567027;0.0250290394453;0.916278063323;1.7111590457;2.15640609739
-2.08,0.25,2.0143208688294783,3,2,2.0143208688294783,0.0001560714286506944,-1.46560749146;-0.802103567027;0.0250290394453;0.916278063323;1.7111590457;2.15640609739
-2.0599999999999996,0.25,2.032703198508674,3,2,2.032703198508674,0.00015749570841632444,-1.46560749146;-0.802103567027;0.0250290394453;0.916278063323;1.7111590457;2.15640609739
-2.04,0.25,2.0718268122211403,3,2,2.0718268122211403,0.00016052704189480383,-1.46560749146;-0.802103567027;0.0250290394453;0.916278063323;1.7111590457;2.15640609739
-2.0199999999999996,0.25,2.148265881946309,3,2,2.148265881946309,0.00016644961113456436,-1.46560749146;-0.802103567027;0.0250290394453;0.916278063323;1.7111590457;2.15640609739
-1.9999999999999998,0.25,2.278134804537332,3,2,2.278134804537332,0.00017651197438550242,-1.46560749146;-0.802103567027;0.0250290394453;0.916278063323;1.7111590457;2.15640609739
-1.9799999999999998,0.25,2.4571315547228725,3,2,2.4571315547228725,0.00019038080678335296,-1.46560749146;-0.802103567027;0.0250290394453;0.916278063323;1.7111590457;2.15640609739
-1.9599999999999997,0.25,2.646034816079922,3,3,2.646034816079922,0.00020501720475400126,-1.46560749146;-0.802103567027;0.0250290394453;0.916278063323;1.7111590457;2.15640609739
-1.9399999999999997,0.25,2.797390417773551,3,3,2.797390417773551,0.00021674437561151067,-1.46560749146;-0.802103567027;0.0250290394453;0.916278063323;1.7111590457;2.15640609739
-1.9199999999999997,0.25,2.8940779972572543,3,3,2.8940779972572543,0.00022423581796129284,-1.46560749146;-0.802103567027;0.0250290394453;0.916278063323;1.7111590457;2.15640609739
-1.8999999999999997,0.25,2.947164151733804,3,3,2.947164151733804,0.00022834898190599303,-1.46560749146;-0.802103567027;0.0250290394453;0.916278063323;1.7111590457;2.15640609739
-1.8799999999999997,0.25,2.9739783735867467,3,3,2.9739783735867467,0.00023042657241180816,-1.46560749146;-0.802103567027;0.0250290394453;0.916278063323;1.7111590457;2.15640609739
-1.8599999999999997,0.25,2.987077563111533,3,3,2.987077563111533,0.00023144150963205732,-1.46560749146;-0.802103567027;0.0250290394453;0.916278063323;1.7111590457;2.15640609739
-1.8399999999999999,0.25,2.9934842641228148,3,3,2.9934842641228148,0.00023193790670326953,-1.46560749146;-0.802103567027;0.0250290394453;0.916278063323;1.7111590457;2.15640609739
-1.8199999999999998,0.25,2.99668776557674,3,3,2.99668776557674,0.00023218611693448713,-1.46560749146;-0.802103567027;0.0250290394453;0.916278063323;1.7111590457;2.15640609739
-1.7999999999999998,0.25,2.9983324720202167,3,3,2.9983324720202167,0.00023231355029841472,-1.46560749146;-0.802103567027;0.0250290394453;0.916278063323;1.7111590457;2.15640609739
-1.7799999999999998,0.25,2.999186511548654,3,3,2.999186511548654,0.00023237972206448734,-1.46560749146;-0.802103567027;0.0250290394453;0.916278063323;1.7111590457;2.15640609739
-1.7599999999999998,0.25,2.9996217383014665,3,3,2.9996217383014665,0.00023241344383252816,-1.46560749146;-0.802103567027;0.0250290394453;0.916278063323;1.7111590457;2.15640609739
-1.7399999999999998,0.25,2.9998322154611916,3,3,2.9998322154611916,0.00023242975179593405,-1.46560749146;-0.802103567027;0.0250290394453;0.916278063323;1.7111590457;2.15640609739
-1.7199999999999998,0.25,2.9999264915948136,3,3,2.9999264915948136,0.00023243705639724646,-1.46560749146;-0.802103567027;0.0250290394453;0.916278063323;1.7111590457;2.15640609739
-1.6999999999999997,0.25,2.9999653342036705,3,3,2.9999653342036705,0.00023244006595821097,-1.46560749146;-0.802103567027;0.0250290394453;0.916278063323;1.7111590457;2.15640609739
-1.6799999999999997,0.25,2.9999800789405286,3,3,2.9999800789405286,0.00023244120839394807,-1.46560749146;-0.802103567027;0.0250290394453;0.916278063323;1.7111590457;2.15640609739
-1.6599999999999997,0.25,2.9999851409025506,3,3,2.9999851409025506,0.00023244160059940886,-1.46560749146;-0.802103567027;0.0250290394453;0.916278063323;1.7111590457;2.15640609739
-1.6399999999999997,0.25,2.9999869622566724,3,3,2.9999869622566724,0.00023244174171959693,-1.46560749146;-0.802103567027;0.0250290394453;0.916278063323;1.7111590457;2.15640609739
-1.6199999999999997,0.25,2.9999887353632273,3,3,2.9999887353632273,0.0002324418791015193,-1.46560749146;-0.802103567027;0.0250290394453;0.916278063323;1.7111590457;2.15640609739
-1.5999999999999996,0.25,2.999991726996355,3,3,2.999991726996355,0.00023244211089599824,-1.46560749146;-0.802103567027;0.0250290394453;0.916278063323;1.7111590457;2.15640609739
-1.5799999999999996,0.25,2.9999954783051197,3,3,2.9999954783051197,0.0002324424015508424,-1.46560749146;-0.802103567027;0.0250290394453;0.916278063323;1.7111590457;2.15640609739
-1.5599999999999996,0.25,2.999998564795405,3,3,2.999998564795405,0.00023244264069494092,-1.46560749146;-0.802103567027;0.0250290394453;0.916278063323;1.7111590457;2.15640609739
-1.5399999999999996,0.25,2.999999900281056,4,3,2.999999900281056,0.0002324427441695942,-1.46560749146;-0.802103567027;0.0250290394453;0.916278063323;1.7111590457;2.15640609739
-1.5199999999999996,0.25,2.9999995802154684,4,3,2.9999995802154684,0.0002324427193706189,-1.46560749146;-0.802103567027;0.0250290394453;0.916278063323;1.7111590457;2.15640609739
-1.4999999999999996,0.25,2.9999986420319313,4,3,2.9999986420319313,0.00023244264667929783,-1.46560749146;-0.802103567027;0.0250290394453;0.916278063323;1.7111590457;2.15640609739
-1.4799999999999995,0.25,2.999998131415703,4,3,2.999998131415703,0.00023244260711628408,-1.46560749146;-0.802103567027;0.0250290394453;0.916278063323;1.7111590457;2.15640609739
-1.4599999999999995,0.25,2.999998369645589,4,3,2.999998369645589,0.00023244262557455418,-1.46560749146;-0.802103567027;0.0250290394453;0.916278063323;1.7111590457;2.15640609739
-1.4399999999999995,0.25,2.9999989636966387,4,3,2.9999989636966387,0.00023244267160217442,-1.46560749146;-0.802103567027;0.0250290394453;0.916278063323;1.7111590457;2.15640609739
-1.4199999999999995,0.25,2.9999993913743745,4,3,2.9999993913743745,0.0002324427047390377,-1.46560749146;-0.802103567027;0.0250290394453;0.916278063323;1.7111590457;2.15640609739
-1.3999999999999995,0.25,2.999999604773727,4,3,2.999999604773727,0.00023244272127341528,-1.46560749146;-0.802103567027;0.0250290394453;0.916278063323;1.7111590457;2.15640609739
-1.3799999999999994,0.25,3.000000315969018,4,3,3.000000315969018,0.00023244277637747882,-1.46560749146;-0.802103567027;0.0250290394453;0.916278063323;1.7111590457;2.15640609739
-1.3599999999999999,0.25,3.0000032285600304,4,3,3.0000032285600304,0.00023244300204770216,-1.46560749146;-0.802103567027;0.0250290394453;0.916278063323;1.7111590457;2.15640609739
-1.3399999999999999,0.25,3.0000120960928975,4,3,3.0000120960928975,0.0002324436891122829,-1.46560749146;-0.802103567027;0.0250290394453;0.916278063323;1.7111590457;2.15640609739
-1.3199999999999998,0.25,3.0000361103854387,4,3,3.0000361103854387,0.00023244554976169725,-1.46560749146;-0.802103567027;0.0250290394453;0.916278063323;1.7111590457;2.15640609739
-1.2999999999999998,0.25,3.000098361408371,4,3,3.000098361408371,0.00023245037302805683,-1.46560749146;-0.802103567027;0.0250290394453;0.916278063323;1.7111590457;2.15640609739
-1.2799999999999998,0.25,3.00025542213101,4,3,3.00025542213101,0.00023246254223691846,-1.46560749146;-0.802103567027;0.0250290394453;0.916278063323;1.7111590457;2.15640609739
-1.2599999999999998,0.25,3.0006424395466236,4,3,3.0006424395466236,0.00023249252870129078,-1.46560749146;-0.802103567027;0.0250290394453;0.916278063323;1.7111590457;2.15640609739
-1.2399999999999998,0.25,3.0015772844505975,4,3,3.0015772844505975,0.00023256496134198263,-1.46560749146;-0.802103567027;0.0250290394453;0.916278063323;1.7111590457;2.15640609739
-1.2199999999999998,0.25,3.003797727359937,4,3,3.003797727359937,0.00023273700329540752,-1.46560749146;-0.802103567027;0.0250290394453;0.916278063323;1.7111590457;2.15640609739
-1.2,0.25,3.008980200564467,4,3,3.008980200564467,0.0002331385460731701,-1.46560749146;-0.802103567027;0.0250290394453;0.916278063323;1.7111590457;2.15640609739
-3.6,0.5,1.4491040542213355e-08,1,0,1.4491040542213355e-08,1.1227791138224214e-12,-1.14248886006;-0.375084425257;0.488348471864;1.38080681333;2.19530157557;2.5354387993
-3.58,0.5,3.8736976367153535e-08,1,0,3.8736976367153535e-08,3.001376462302659e-12,-1.14248886006;-0.375084425257;0.488348471864;1.38080681333;2.19530157557;2.5354387993
-3.56,0.5,1.0090279257189828e-07,1,0,1.0090279257189828e-07,7.818040926464723e-12,-1.14248886006;-0.375084425257;0.488348471864;1.38080681333;2.19530157557;2.5354387993
-3.54,0.5,2.562719733020772e-07,1,0,2.562719733020772e-07,1.9856187569376623e-11,-1.14248886006;-0.375084425257;0.488348471864;1.38080681333;2.19530157557;2.5354387993
-3.52,0.5,6.344049240894801e-07,1,0,6.344049240894801e-07,4.915427545722477e-11,-1.14248886006;-0.375084425257;0.488348471864;1.38080681333;2.19530157557;2.5354387993
-3.5,0.5,1.5309810583852572e-06,1,0,1.5309810583852572e-06,1.1862181677052708e-10,-1.14248886006;-0.375084425257;0.488348471864;1.38080681333;2.19530157557;2.5354387993
-3.48,0.5,3.6072588780907497e-06,1,0,3.6072588780907497e-06,2.794937268081216e-10,-1.14248886006;-0.375084425257;0.488348471864;1.38080681333;2.19530157557;2.5354387993
-3.46,0.5,8.322728562941897e-06,1,0,8.322728562941897e-06,6.448526434843008e-10,-1.14248886006;-0.375084425257;0.488348471864;1.38080681333;2.19530157557;2.5354387993
-3.44,0.5,1.8872768234307486e-05,1,0,1.8872768234307486e-05,1.4622793947587122e-09,-1.14248886006;-0.375084425257;0.488348471864;1.38080681333;2.19530157557;2.5354387993
-3.42,0.5,4.220764638767959e-05,1,0,4.220764638767959e-05,3.2702871591338956e-09,-1.14248886006;-0.375084425257;0.488348471864;1.38080681333;2.19530157557;2.5354387993
-3.4,0.5,9.331986719470997e-05,1,0,9.331986719470997e-05,7.230508912433063e-09,-1.14248886006;-0.375084425257;0.488348471864;1.38080681333;2.19530157557;2.5354387993
-3.38,0.5,0.00020416592408257204,1,0,0.00020416592408257204,1.581896307904146e-08,-1.14248886006;-0.375084425257;0.488348471864;1.38080681333;2.19530157557;2.5354387993
-3.36,0.5,0.000441798855209748,1,0,0.000441798855209748,3.423098056313876e-08,-1.14248886006;-0.375084425257;0.488348471864;1.38080681333;2.19530157557;2.5354387993
-3.34,0.5,0.0009444010071210734,1,0,0.0009444010071210734,7.31730563294969e-08,-1.14248886006;-0.375084425257;0.488348471864;1.38080681333;2.19530157557;2.5354387993
-3.3200000000000003,0.5,0.0019916968448015263,1,0,0.0019916968448015263,1.543184985160223e-07,-1.14248886006;-0.375084425257;0.488348471864;1.38080681333;2.19530157557;2.5354387993
-3.3,0.5,0.004141166417398841,1,0,0.004141166417398841,3.2086137270637034e-07,-1.14248886006;-0.375084425257;0.488348471864;1.38080681333;2.19530157557;2.5354387993
-3.2800000000000002,0.5,0.008488727244599656,1,0,0.008488727244599656,6.577143736095083e-07,-1.14248886006;-0.375084425257;0.488348471864;1.38080681333;2.19530157557;2.5354387993
-3.26,0.5,0.017153199233609924,1,0,0.017153199233609924,1.3290456112263654e-06,-1.14248886006;-0.375084425257;0.488348471864;1.38080681333;2.19530157557;2.5354387993
-3.24,0.5,0.03410730892317799,2,0,0.03410730892317799,2.6426655819558e-06,-1.14248886006;-0.375084425257;0.488348471864;1.38080681333;2.19530157557;2.5354387993
-3.22,0.5,0.06633175651699025,2,0,0.06633175651699025,5.139445340966213e-06,-1.14248886006;-0.375084425257;0.488348471864;1.38080681333;2.19530157557;2.5354387993
-3.2,0.5,0.12450697395133528,2,0,0.12450697395133528,9.646914551826897e-06,-1.14248886006;-0.375084425257;0.488348471864;1.38080681333;2.19530157557;2.5354387993
-3.18,0.5,0.22056252253669487,2,0,0.22056252253669487,1.7089386567844302e-05,-1.14248886006;-0.375084425257;0.488348471864;1.38080681333;2.19530157557;2.5354387993
-3.16,0.5,0.35839043686112027,2,0,0.35839043686112027,2.776841979905866e-05,-1.14248886006;-0.375084425257;0.488348471864;1.38080681333;2.19530157557;2.5354387993
-3.14,0.5,0.5218952631263755,2,1,0.5218952631263755,4.043692372084483e-05,-1.14248886006;-0.375084425257;0.488348471864;1.38080681333;2.19530157557;2.5354387993
-3.12,0.5,0.6784872433123423,2,1,0.6784872433123423,5.256981398726345e-05,-1.14248886006;-0.375084425257;0.488348471864;1.38080681333;2.19530157557;2.5354387993
-3.1,0.5,0.8016635182468874,2,1,0.8016635182468874,6.211362475862105e-05,-1.14248886006;-0.375084425257;0.488348471864;1.38080681333;2.19530157557;2.5354387993
-3.08,0.5,0.8850531273641751,2,1,0.8850531273641751,6.857472816620324e-05,-1.14248886006;-0.375084425257;0.488348471864;1.38080681333;2.19530157557;2.5354387993
-3.06,0.5,0.9361526637958862,2,1,0.9361526637958862,7.253396712246731e-05,-1.14248886006;-0.375084425257;0.488348471864;1.38080681333;2.19530157557;2.5354387993
-3.04,0.5,0.9655533255417834,2,1,0.9655533255417834,7.481195736372635e-05,-1.14248886006;-0.375084425257;0.488348471864;1.38080681333;2.19530157557;2.5354387993
-3.02,0.5,0.9817663746725519,2,1,0.9817663746725519,7.606815928258616e-05,-1.14248886006;-0.375084425257;0.488348471864;1.38080681333;2.19530157557;2.5354387993
-3.0,0.5,0.9904259588348561,2,1,0.9904259588348561,7.673911180690623e-05,-1.14248886006;-0.375084425257;0.488348471864;1.38080681333;2.19530157557;2.5354387993
-2.98,0.5,0.9949411489653722,2,1,0.9949411489653722,7.708895287999637e-05,-1.14248886006;-0.375084425257;0.488348471864;1.38080681333;2.19530157557;2.5354387993
-2.96,0.5,0.9972652296714273,2,1,0.9972652296714273,7.726902478497757e-05,-1.14248886006;-0.375084425257;0.488348471864;1.38080681333;2.19530157557;2.5354387993
-2.94,0.5,0.9984675491712638,2,1,0.9984675491712638,7.736218160271095e-05,-1.14248886006;-0.375084425257;0.488348471864;1.38080681333;2.19530157557;2.5354387993
-2.92,0.5,0.9991085002041223,2,1,0.9991085002041223,7.741184307668033e-05,-1.14248886006;-0.375084425257;0.488348471864;1.38080681333;2.19530157557;2.5354387993
-2.9,0.5,0.9994698612904184,2,1,0.9994698612904184,7.743984166512258e-05,-1.14248886006;-0.375084425257;0.488348471864;1.38080681333;2.19530157557;2.5354387993
-2.88,0.5,0.9996877453990904,2,1,0.9996877453990904,7.74567235257273e-05,-1.14248886006;-0.375084425257;0.488348471864;1.38080681333;2.19530157557;2.5354387993
-2.86,0.5,0.9998252756260517,2,1,0.9998252756260517,7.746737949386855e-05,-1.14248886006;-0.375084425257;0.488348471864;1.38080681333;2.19530157557;2.5354387993
-2.84,0.5,0.9999114169567288,2,1,0.9999114169567288,7.747405380318673e-05,-1.14248886006;-0.375084425257;0.488348471864;1.38080681333;2.19530157557;2.5354387993
-2.82,0.5,0.9999615206117449,2,1,0.9999615206117449,7.74779358803374e-05,-1.14248886006;-0.375084425257;0.488348471864;1.38080681333;2.19530157557;2.5354387993
-2.8,0.5,0.9999870364679636,2,1,0.9999870364679636,7.747991287228287e-05,-1.14248886006;-0.375084425257;0.488348471864;1.38080681333;2.19530157557;2.5354387993
-2.78,0.5,0.9999982948698203,2,1,0.9999982948698203,7.748078518358605e-05,-1.14248886006;-0.375084425257;0.488348471864;1.38080681333;2.19530157557;2.5354387993
-2.76,0.5,1.000003811353962,2,1,1.000003811353962,7.748121260583761e-05,-1.14248886006;-0.375084425257;0.488348471864;1.38080681333;2.19530157557;2.5354387993
-2.7399999999999998,0.5,1.0000094042450671,2,1,1.0000094042450671,7.748164594817079e-05,-1.14248886006;-0.375084425257;0.488348471864;1.38080681333;2.19530157557;2.5354387993
-2.7199999999999998,0.5,1.0000190557101818,2,1,1.0000190557101818,7.748239375254115e-05,-1.14248886006;-0.375084425257;0.488348471864;1.38080681333;2.19530157557;2.5354387993
-2.7,0.5,1.0000375368789816,2,1,1.0000375368789816,7.748382569045251e-05,-1.14248886006;-0.375084425257;0.488348471864;1.38080681333;2.19530157557;2.5354387993
-2.6799999999999997,0.5,1.000073842549522,2,1,1.000073842549522,7.748663868710911e-05,-1.14248886006;-0.375084425257;0.488348471864;1.38080681333;2.19530157557;2.5354387993
-2.66,0.5,1.0001451575173492,2,1,1.0001451575173492,7.74921642362335e-05,-1.14248886006;-0.375084425257;0.488348471864;1.38080681333;2.19530157557;2.5354387993
-2.6399999999999997,0.5,1.0002829102013657,2,1,1.0002829102013657,7.750283744055145e-05,-1.14248886006;-0.375084425257;0.488348471864;1.38080681333;2.19530157557;2.5354387993
-2.62,0.5,1.0005445526892158,2,1,1.0005445526892158,7.752310974051437e-05,-1.14248886006;-0.375084425257;0.488348471864;1.38080681333;2.19530157557;2.5354387993
-2.5999999999999996,0.5,1.0010367865515266,2,1,1.0010367865515266,7.756124847169167e-05,-1.14248886006;-0.375084425257;0.488348471864;1.38080681333;2.19530157557;2.5354387993
-2.58,0.5,1.0019588155760522,2,1,1.0019588155760522,7.763268812628786e-05,-1.14248886006;-0.375084425257;0.488348471864;1.38080681333;2.19530157557;2.5354387993
-2.5599999999999996,0.5,1.0036791428535028,2,1,1.0036791428535028,7.77659806617986e-05,-1.14248886006;-0.375084425257;0.488348471864;1.38080681333;2.19530157557;2.5354387993
-2.54,0.5,1.0068671700117369,2,1,1.0068671700117369,7.801299193039154e-05,-1.14248886006;-0.375084425257;0.488348471864;1.38080681333;2.19530157557;2.5354387993
-2.5199999999999996,0.5,1.012710138368051,2,1,1.012710138368051,7.846571047838568e-05,-1.14248886006;-0.375084425257;0.488348471864;1.38080681333;2.19530157557;2.5354387993
-2.5,0.5,1.023250374331779,2,1,1.023250374331779,7.92823776293994e-05,-1.14248886006;-0.375084425257;0.488348471864;1.38080681333;2.19530157557;2.5354387993
-2.48,0.5,1.041855882203222,2,1,1.041855882203222,8.07239494460858e-05,-1.14248886006;-0.375084425257;0.488348471864;1.38080681333;2.19530157557;2.5354387993
-2.46,0.5,1.0737268651283747,2,1,1.0737268651283747,8.319334243833581e-05,-1.14248886006;-0.375084425257;0.488348471864;1.38080681333;2.19530157557;2.5354387993
-2.44,0.5,1.1260079110679302,3,1,1.1260079110679302,8.724412583506473e-05,-1.14248886006;-0.375084425257;0.488348471864;1.38080681333;2.19530157557;2.5354387993
-2.42,0.5,1.2064184459163294,3,1,1.2064184459163294,9.347440783559267e-05,-1.14248886006;-0.375084425257;0.488348471864;1.38080681333;2.19530157557;2.5354387993
-2.4,0.5,1.318924338387253,3,1,1.318924338387253,0.00010219146758574161,-1.14248886006;-0.375084425257;0.488348471864;1.38080681333;2.19530157557;2.5354387993
-2.38,0.5,1.4571474364520092,3,1,1.4571474364520092,0.0001129011200156583,-1.14248886006;-0.375084425257;0.488348471864;1.38080681333;2.19530157557;2.5354387993
-2.36,0.5,1.6019951509270478,3,2,1.6019951509270478,0.00012412405380179527,-1.14248886006;-0.375084425257;0.488348471864;1.38080681333;2.19530157557;2.5354387993
-2.34,0.5,1.7303482403485118,3,2,1.7303482403485118,0.00013406896890828422,-1.14248886006;-0.375084425257;0.488348471864;1.38080681333;2.19530157557;2.5354387993
-2.32,0.5,1.828227164300247,3,2,1.828227164300247,0.00014165271772026815,-1.14248886006;-0.375084425257;0.488348471864;1.38080681333;2.19530157557;2.5354387993
-2.3,0.5,1.8948226587811903,3,2,1.8948226587811903,0.00014681259772060792,-1.14248886006;-0.375084425257;0.488348471864;1.38080681333;2.19530157557;2.5354387993
-2.28,0.5,1.936928059684326,3,2,1.936928059684326,0.0001500749628058097,-1.14248886006;-0.375084425257;0.488348471864;1.38080681333;2.19530157557;2.5354387993
-2.26,0.5,1.9625375586500744,3,2,1.9625375586500744,0.00015205921027723436,-1.14248886006;-0.375084425257;0.488348471864;1.38080681333;2.19530157557;2.5354387993
-2.2399999999999998,0.5,1.9778846640490122,3,2,1.9778846640490122,0.00015324831808142292,-1.14248886006;-0.375084425257;0.488348471864;1.38080681333;2.19530157557;2.5354387993
-2.2199999999999998,0.5,1.987058163580123,3,2,1.987058163580123,0.000153959089239932,-1.14248886006;-0.375084425257;0.488348471864;1.38080681333;2.19530157557;2.5354387993
-2.1999999999999997,0.5,1.9925348420674154,3,2,1.9925348420674154,0.00015438342731287713,-1.14248886006;-0.375084425257;0.488348471864;1.38080681333;2.19530157557;2.5354387993
-2.1799999999999997,0.5,1.9957773871072555,3,2,1.9957773871072555,0.00015463466267694607,-1.14248886006;-0.375084425257;0.488348471864;1.38080681333;2.19530157557;2.5354387993
-2.1599999999999997,0.5,1.9976595067350182,3,2,1.9976595067350182,0.0001547804910321709,-1.14248886006;-0.375084425257;0.488348471864;1.38080681333;2.19530157557;2.5354387993
-2.1399999999999997,0.5,1.9987188580391735,3,2,1.9987188580391735,0.00015486257054295836,-1.14248886006;-0.375084425257;0.488348471864;1.38080681333;2.19530157557;2.5354387993
-2.12,0.5,1.999293810908339,3,2,1.999293810908339,0.0001549071184186648,-1.14248886006;-0.375084425257;0.488348471864;1.38080681333;2.19530157557;2.5354387993
-2.0999999999999996,0.5,1.9995959491455515,3,2,1.9995959491455515,0.000154930528366435,-1.14248886006;-0.375084425257;0.488348471864;1.38080681333;2.19530157557;2.5354387993
-2.08,0.5,1.9997524399085531,3,2,1.9997524399085531,0.00015494265341430114,-1.14248886006;-0.375084425257;0.488348471864;1.38080681333;2.19530157557;2.5354387993
-2.0599999999999996,0.5,1.9998352641016828,3,2,1.9998352641016828,0.00015494907070875933,-1.14248886006;-0.375084425257;0.488348471864;1.38080681333;2.19530157557;2.5354387993
-2.04,0.5,1.999882809943991,3,2,1.999882809943991,0.0001549527546042351,-1.14248886006;-0.375084425257;0.488348471864;1.38080681333;2.19530157557;2.5354387993
-2.0199999999999996,0.5,1.999914564594891,3,2,1.999914564594891,0.00015495521498371534,-1.14248886006;-0.375084425257;0.488348471864;1.38080681333;2.19530157557;2.5354387993
-1.9999999999999998,0.5,1.9999396214345497,3,2,1.9999396214345497,0.00015495715641063672,-1.14248886006;-0.375084425257;0.488348471864;1.38080681333;2.19530157557;2.5354387993
-1.9799999999999998,0.5,1.9999611007433042,3,2,1.9999611007433042,0.00015495882064718195,-1.14248886006;-0.375084425257;0.488348471864;1.38080681333;2.19530157557;2.5354387993
-1.9599999999999997,0.5,1.9999789026433508,3,2,1.9999789026433508,0.00015496019995472722,-1.14248886006;-0.375084425257;0.488348471864;1.38080681333;2.19530157557;2.5354387993
-1.9399999999999997,0.5,1.9999920988686966,3,2,1.9999920988686966,0.0001549612224103719,-1.14248886006;-0.375084425257;0.488348471864;1.38080681333;2.19530157557;2.5354387993
-1.9199999999999997,0.5,2.000000863781765,3,2,2.000000863781765,0.00015496190152387645,-1.14248886006;-0.375084425257;0.488348471864;1.38080681333;2.19530157557;2.5354387993
-1.8999999999999997,0.5,2.000007327163123,3,2,2.000007327163123,0.00015496240231259293,-1.14248886006;-0.375084425257;0.488348471864;1.38080681333;2.19530157557;2.5354387993
-1.8799999999999997,0.5,2.0000152932821633,3,2,2.0000152932821633,0.0001549630195348035,-1.14248886006;-0.375084425257;0.488348471864;1.38080681333;2.19530157557;2.5354387993
-1.8599999999999997,0.5,2.0000296805936926,3,2,2.0000296805936926,0.00015496413427689825,-1.14248886006;-0.375084425257;0.488348471864;1.38080681333;2.19530157557;2.5354387993
-1.8399999999999999,0.5,2.0000569570281908,3,2,2.0000569570281908,0.0001549662476800638,-1.14248886006;-0.375084425257;0.488348471864;1.38080681333;2.19530157557;2.5354387993
-1.8199999999999998,0.5,2.000107573703885,3,2,2.000107573703885,0.0001549701695065272,-1.14248886006;-0.375084425257;0.488348471864;1.38080681333;2.19530157557;2.5354387993
-1.7999999999999998,0.5,2.0002009632380355,3,2,2.0002009632380355,0.00015497740541329928,-1.14248886006;-0.375084425257;0.488348471864;1.38080681333;2.19530157557;2.5354387993
-1.7799999999999998,0.5,2.0003738542479845,3,2,2.0003738542479845,0.0001549908011673428,-1.14248886006;-0.375084425257;0.488348471864;1.38080681333;2.19530157557;2.5354387993
-1.7599999999999998,0.5,2.00069394935094,3,2,2.00069394935094,0.0001550156024295426,-1.14248886006;-0.375084425257;0.488348471864;1.38080681333;2.19530157557;2.5354387993
-1.7399999999999998,0.5,2.0012834164874063,3,2,2.0012834164874063,0.0001550612748839934,-1.14248886006;-0.375084425257;0.488348471864;1.38080681333;2.19530157557;2.5354387993
-1.7199999999999998,0.5,2.002359928547653,3,2,2.002359928547653,0.00015514468402590438,-1.14248886006;-0.375084425257;0.488348471864;1.38080681333;2.19530157557;2.5354387993
-1.6999999999999997,0.5,2.004307206043355,3,2,2.004307206043355,0.00015529556087250635,-1.14248886006;-0.375084425257;0.488348471864;1.38080681333;2.19530157557;2.5354387993
-1.6799999999999997,0.5,2.007792770008328,3,2,2.007792770008328,0.00015556562556581554,-1.14248886006;-0.375084425257;0.488348471864;1.38080681333;2.19530157557;2.5354387993
-1.6599999999999997,0.5,2.0139582562901217,3,2,2.0139582562901217,0.00015604333309852107,-1.14248886006;-0.375084425257;0.488348471864;1.38080681333;2.19530157557;2.5354387993
-1.6399999999999997,0.5,2.024713432537989,3,2,2.024713432537989,0.00015687665401991434,-1.14248886006;-0.375084425257;0.488348471864;1.38080681333;2.19530157557;2.5354387993
-1.6199999999999997,0.5,2.043149757535203,3,2,2.043149757535203,0.00015830511739231426,-1.14248886006;-0.375084425257;0.488348471864;1.38080681333;2.19530157557;2.5354387993
-1.5999999999999996,0.5,2.0739939392020146,3,2,2.0739939392020146,0.0001606949528811846,-1.14248886006;-0.375084425257;0.488348471864;1.38080681333;2.19530157557;2.5354387993
-1.5799999999999996,0.5,2.1237254736789457,3,2,2.1237254736789457,0.000164548197791126,-1.14248886006;-0.375084425257;0.488348471864;1.38080681333;2.19530157557;2.5354387993
-1.5599999999999996,0.5,2.199405770918819,3,2,2.199405770918819,0.00017041197664270484,-1.14248886006;-0.375084425257;0.488348471864;1.38080681333;2.19530157557;2.5354387993
-1.5399999999999996,0.5,2.3049411257118257,4,2,2.3049411257118257,0.00017858895273950405,-1.14248886006;-0.375084425257;0.488348471864;1.38080681333;2.19530157557;2.5354387993
-1.5199999999999996,0.5,2.4353415436449177,4,2,2.4353415436449177,0.0001886924967370856,-1.14248886006;-0.375084425257;0.488348471864;1.38080681333;2.19530157557;2.5354387993
-1.4999999999999996,0.5,2.5743336195310045,4,3,2.5743336195310045,0.0001994617302739813,-1.14248886006;-0.375084425257;0.488348471864;1.38080681333;2.19530157557;2.5354387993
-1.4799999999999995,0.5,2.701182944211186,4,3,2.701182944211186,0.0002092901323089143,-1.14248886006;-0.375084425257;0.488348471864;1.38080681333;2.19530157557;2.5354387993
-1.4599999999999995,0.5,2.8019486746697817,4,3,2.8019486746697817,0.00021709755353711347,-1.14248886006;-0.375084425257;0.488348471864;1.38080681333;2.19530157557;2.5354387993
-1.4399999999999995,0.5,2.8739420300527465,4,3,2.8739420300527465,0.00022267566475159232,-1.14248886006;-0.375084425257;0.488348471864;1.38080681333;2.19530157557;2.5354387993
-1.4199999999999995,0.5,2.921886901059424,4,3,2.921886901059424,0.0002263904773369545,-1.14248886006;-0.375084425257;0.488348471864;1.38080681333;2.19530157557;2.5354387993
-1.3999999999999995,0.5,2.952507891493471,4,3,2.952507891493471,0.0002287630197643772,-1.14248886006;-0.375084425257;0.488348471864;1.38080681333;2.19530157557;2.5354387993
-1.3799999999999994,0.5,2.971588974341853,4,3,2.971588974341853,0.00023024143956652113,-1.14248886006;-0.375084425257;0.488348471864;1.38080681333;2.19530157557;2.5354387993
-1.3599999999999999,0.5,2.983269026772769,4,3,2.983269026772769,0.00023114642074296466,-1.14248886006;-0.375084425257;0.488348471864;1.38080681333;2.19530157557;2.5354387993
-1.3399999999999999,0.5,2.990290254339277,4,3,2.990290254339277,0.0002316904318953802,-1.14248886006;-0.375084425257;0.488348471864;1.38080681333;2.19530157557;2.5354387993
-1.3199999999999998,0.5,2.994422042337703,4,3,2.994422042337703,0.0002320105666195817,-1.14248886006;-0.375084425257;0.488348471864;1.38080681333;2.19530157557;2.5354387993
-1.2999999999999998,0.5,2.9967977229902,4,3,2.9967977229902,0.00023219463653574582,-1.14248886006;-0.375084425257;0.488348471864;1.38080681333;2.19530157557;2.5354387993
-1.2799999999999998,0.5,2.99813580623281,4,3,2.99813580623281,0.00023229831245280517,-1.14248886006;-0.375084425257;0.488348471864;1.38080681333;2.19530157557;2.5354387993
-1.2599999999999998,0.5,2.9988808744747106,4,3,2.9988808744747106,0.00023235604102363772,-1.14248886006;-0.375084425257;0.488348471864;1.38080681333;2.19530157557;2.5354387993
-1.2399999999999998,0.5,2.9992979446618113,4,3,2.9992979446618113,0.0002323883560043122,-1.14248886006;-0.375084425257;0.488348471864;1.38080681333;2.19530157557;2.5354387993
-1.2199999999999998,0.5,2.9995386568356817,4,3,2.9995386568356817,0.00023240700660434862,-1.14248886006;-0.375084425257;0.488348471864;1.38080681333;2.19530157557;2.5354387993
-1.2,0.5,2.999686721040793,4,3,2.999686721040793,0.00023241847875477974,-1.14248886006;-0.375084425257;0.488348471864;1.38080681333;2.19530157557;2.5354387993
-3.6,0.75,4.4731676673770725e-12,1,0,4.4731676673770725e-12,3.4658513409897763e-16,-0.829104478845;0.0359367210356;0.941800354397;1.82987923679;2.69904590551;2.94592582323
-3.58,0.75,1.1167192778492177e-11,1,0,1.1167192778492177e-11,8.652443401282829e-16,-0.829104478845;0.0359367210356;0.941800354397;1.82987923679;2.69904590551;2.94592582323
-3.56,0.75,2.720459882400203e-11,1,0,2.720459882400203e-11,2.1078372716250847e-15,-0.829104478845;0.0359367210356;0.941800354397;1.82987923679;2.69904590551;2.94592582323
-3.54,0.75,6.494442139696118e-11,1,0,6.494442139696118e-11,5.031953343265747e-15,-0.829104478845;0.0359367210356;0.941800354397;1.82987923679;2.69904590551;2.94592582323
-3.52,0.75,1.5219264944779597e-10,1,0,1.5219264944779597e-10,1.1792026085325053e-14,-0.829104478845;0.0359367210356;0.941800354397;1.82987923679;2.69904590551;2.94592582323
-3.5,0.75,3.5011602981975473e-10,1,0,3.5011602981975473e-10,2.712731115139136e-14,-0.829104478845;0.0359367210356;0.941800354397;1.82987923679;2.69904590551;2.94592582323
-3.48,0.75,7.901094367253125e-10,1,0,7.901094367253125e-10,6.121840392378619e-14,-0.829104478845;0.0359367210356;0.941800354397;1.82987923679;2.69904590551;2.94592582323
-3.46,0.75,1.748134970114107e-09,1,0,1.748134970114107e-09,1.354471010462655e-13,-0.829104478845;0.0359367210356;0.941800354397;1.82987923679;2.69904590551;2.94592582323
-3.44,0.75,3.792935913028198e-09,1,0,3.792935913028198e-09,2.9388015379636606e-13,-0.829104478845;0.0359367210356;0.941800354397;1.82987923679;2.69904590551;2.94592582323
-3.42,0.75,8.080670951972063e-09,1,0,8.080670951972063e-09,6.260977977472416e-13,-0.829104478845;0.0359367210356;0.941800354397;1.82987923679;2.69904590551;2.94592582323
-3.4,0.75,1.694127938340154e-08,1,0,1.694127938340154e-08,1.3126258668384301e-12,-0.829104478845;0.0359367210356;0.941800354397;1.82987923679;2.69904590551;2.94592582323
-3.38,0.75,3.504565511133547e-08,1,0,3.504565511133547e-08,2.7153695053579203e-12,-0.829104478845;0.0359367210356;0.941800354397;1.82987923679;2.69904590551;2.94592582323
-3.36,0.75,7.171993755392486e-08,1,0,7.171993755392486e-08,5.556926550279026e-12,-0.829104478845;0.0359367210356;0.941800354397;1.82987923679;2.69904590551;2.94592582323
-3.34,0.75,1.4549413338543909e-07,1,0,1.4549413338543909e-07,1.1273018916273991e-11,-0.829104478845;0.0359367210356;0.941800354397;1.82987923679;2.69904590551;2.94592582323
-3.3200000000000003,0.75,2.929249979977748e-07,1,0,2.929249979977748e-07,2.269609754456885e-11,-0.829104478845;0.0359367210356;0.941800354397;1.82987923679;2.69904590551;2.94592582323
-3.3,0.75,5.854328715542374e-07,1,0,5.854328715542374e-07,4.5359875904797145e-11,-0.829104478845;0.0359367210356;0.941800354397;1.82987923679;2.69904590551;2.94592582323
-3.2800000000000002,0.75,1.1608802124649575e-06,1,0,1.1608802124649575e-06,8.994606373562093e-11,-0.829104478845;0.0359367210356;0.941800354397;1.82987923679;2.69904590551;2.94592582323
-3.26,0.75,2.2818940914027243e-06,1,0,2.2818940914027243e-06,1.7680324738022173e-10,-0.829104478845;0.0359367210356;0.941800354397;1.82987923679;2.69904590551;2.94592582323
-3.24,0.75,4.442471115943055e-06,2,0,4.442471115943055e-06,3.442067371359652e-10,-0.829104478845;0.0359367210356;0.941800354397;1.82987923679;2.69904590551;2.94592582323
-3.22,0.75,8.562162683286852e-06,2,0,8.562162683286852e-06,6.634042187612201e-10,-0.829104478845;0.0359367210356;0.941800354397;1.82987923679;2.69904590551;2.94592582323
-3.2,0.75,1.6340724744810816e-05,2,0,1.6340724744810816e-05,1.2660943425524697e-09,-0.829104478845;0.0359367210356;0.941800354397;1.82987923679;2.69904590551;2.94592582323
-3.18,0.75,3.090920941673612e-05,2,0,3.090920941673612e-05,2.3948738985843677e-09,-0.829104478845;0.0359367210356;0.941800354397;1.82987923679;2.69904590551;2.94592582323
-3.16,0.75,5.802939686027841e-05,2,0,5.802939686027841e-05,4.496170899020987e-09,-0.829104478845;0.0359367210356;0.941800354397;1.82987923679;2.69904590551;2.94592582323
-3.14,0.75,0.00010830051149216339,2,0,0.00010830051149216339,8.391222974324342e-09,-0.829104478845;0.0359367210356;0.941800354397;1.82987923679;2.69904590551;2.94592582323
-3.12,0.75,0.00020119096353895876,2,0,0.00020119096353895876,1.5588460407195053e-08,-0.829104478845;0.0359367210356;0.941800354397;1.82987923679;2.69904590551;2.94592582323
-3.1,0.75,0.0003723151655243323,2,0,0.0003723151655243323,2.8847320549018946e-08,-0.829104478845;0.0359367210356;0.941800354397;1.82987923679;2.69904590551;2.94592582323
-3.08,0.75,0.0006863559316589645,2,0,0.0006863559316589645,5.3179487178296825e-08,-0.829104478845;0.0359367210356;0.941800354397;1.82987923679;2.69904590551;2.94592582323
-3.06,0.75,0.001259595561574634,2,0,0.001259595561574634,9.759461953609381e-08,-0.829104478845;0.0359367210356;0.941800354397;1.82987923679;2.69904590551;2.94592582323
-3.04,0.75,0.0022985057280789476,2,0,0.0022985057280789476,1.7809033222772718e-07,-0.829104478845;0.0359367210356;0.941800354397;1.82987923679;2.69904590551;2.94592582323
-3.02,0.75,0.00416485940817235,2,0,0.00416485940817235,3.2269712736505e-07,-0.829104478845;0.0359367210356;0.941800354397;1.82987923679;2.69904590551;2.94592582323
-3.0,0.75,0.00748423578962794,2,0,0.00748423578962794,5.798854542596578e-07,-0.829104478845;0.0359367210356;0.941800354397;1.82987923679;2.69904590551;2.94592582323
-2.98,0.75,0.013323898480245391,2,0,0.013323898480245391,1.0323478762433215e-06,-0.829104478845;0.0359367210356;0.941800354397;1.82987923679;2.69904590551;2.94592582323
-2.96,0.75,0.023473965691529083,2,0,0.023473965691529083,1.8187843944163952e-06,-0.829104478845;0.0359367210356;0.941800354397;1.82987923679;2.69904590551;2.94592582323
-2.94,0.75,0.04085397029783065,2,0,0.04085397029783065,3.1654030939671684e-06,-0.829104478845;0.0359367210356;0.941800354397;1.82987923679;2.69904590551;2.94592582323
-2.92,0.75,0.06997927262085372,2,0,0.06997927262085372,5.422058234555104e-06,-0.829104478845;0.0359367210356;0.941800354397;1.82987923679;2.69904590551;2.94592582323
-2.9,0.75,0.11714204129565706,2,0,0.11714204129565706,9.076272813822264e-06,-0.829104478845;0.0359367210356;0.941800354397;1.82987923679;2.69904590551;2.94592582323
-2.88,0.75,0.18940374856732226,2,0,0.18940374856732226,1.4675176178796435e-05,-0.829104478845;0.0359367210356;0.941800354397;1.82987923679;2.69904590551;2.94592582323
-2.86,0.75,0.29112846178963947,2,0,0.29112846178963947,2.255690027120231e-05,-0.829104478845;0.0359367210356;0.941800354397;1.82987923679;2.69904590551;2.94592582323
-2.84,0.75,0.41840010615595025,2,0,0.41840010615595025,3.2418024022809905e-05,-0.829104478845;0.0359367210356;0.941800354397;1.82987923679;2.69904590551;2.94592582323
-2.82,0.75,0.5562170971246101,2,1,0.5562170971246101,4.309621090239957e-05,-0.829104478845;0.0359367210356;0.941800354397;1.82987923679;2.69904590551;2.94592582323
-2.8,0.75,0.6843656945714086,2,1,0.6843656945714086,5.302528178311123e-05,-0.829104478845;0.0359367210356;0.941800354397;1.82987923679;2.69904590551;2.94592582323
-2.78,0.75,0.788247726225169,2,1,0.788247726225169,6.107415688649058e-05,-0.829104478845;0.0359367210356;0.941800354397;1.82987923679;2.69904590551;2.94592582323
-2.76,0.75,0.8639602426244031,2,1,0.8639602426244031,6.694043210809129e-05,-0.829104478845;0.0359367210356;0.941800354397;1.82987923679;2.69904590551;2.94592582323
-2.7399999999999998,0.75,0.9152618159625379,2,1,0.9152618159625379,7.091532506919325e-05,-0.829104478845;0.0359367210356;0.941800354397;1.82987923679;2.69904590551;2.94592582323
-2.7199999999999998,0.75,0.9484370903988942,2,1,0.9484370903988942,7.348577576415614e-05,-0.829104478845;0.0359367210356;0.941800354397;1.82987923679;2.69904590551;2.94592582323
-2.7,0.75,0.9692326325144268,2,1,0.9692326325144268,7.509703344299004e-05,-0.829104478845;0.0359367210356;0.941800354397;1.82987923679;2.69904590551;2.94592582323
-2.6799999999999997,0.75,0.981949063241594,2,1,0.981949063241594,7.608231416049552e-05,-0.829104478845;0.0359367210356;0.941800354397;1.82987923679;2.69904590551;2.94592582323
-2.66,0.75,0.989542271262287,2,1,0.989542271262287,7.667064288317817e-05,-0.829104478845;0.0359367210356;0.941800354397;1.82987923679;2.69904590551;2.94592582323
-2.6399999999999997,0.75,0.9939687414328995,2,1,0.9939687414328995,7.701360985239228e-05,-0.829104478845;0.0359367210356;0.941800354397;1.82987923679;2.69904590551;2.94592582323
-2.62,0.75,0.99649363278248,2,1,0.99649363278248,7.720924075023717e-05,-0.829104478845;0.0359367210356;0.941800354397;1.82987923679;2.69904590551;2.94592582323
-2.5999999999999996,0.75,0.9979135686574958,2,1,0.9979135686574958,7.731925868433864e-05,-0.829104478845;0.0359367210356;0.941800354397;1.82987923679;2.69904590551;2.94592582323
-2.58,0.75,0.9987126953429959,2,1,0.9987126953429959,7.7381175752969e-05,-0.829104478845;0.0359367210356;0.941800354397;1.82987923679;2.69904590551;2.94592582323
-2.5599999999999996,0.75,0.9991733478608843,2,1,0.9991733478608843,7.741686753261093e-05,-0.829104478845;0.0359367210356;0.941800354397;1.82987923679;2.69904590551;2.94592582323
-2.54,0.75,0.9994533328290731,2,1,0.9994533328290731,7.743856102477602e-05,-0.829104478845;0.0359367210356;0.941800354397;1.82987923679;2.69904590551;2.94592582323
-2.5199999999999996,0.75,0.9996368944431624,2,1,0.9996368944431624,7.745278354701647e-05,-0.829104478845;0.0359367210356;0.941800354397;1.82987923679;2.69904590551;2.94592582323
-2.5,0.75,0.9997661422928006,2,1,0.9997661422928006,7.746279778896533e-05,-0.829104478845;0.0359367210356;0.941800354397;1.82987923679;2.69904590551;2.94592582323
-2.48,0.75,0.9998600123130972,2,1,0.9998600123130972,7.747007092424474e-05,-0.829104478845;0.0359367210356;0.941800354397;1.82987923679;2.69904590551;2.94592582323
-2.46,0.75,0.9999262957349371,2,1,0.9999262957349371,7.747520662457059e-05,-0.829104478845;0.0359367210356;0.941800354397;1.82987923679;2.69904590551;2.94592582323
-2.44,0.75,0.9999694923851348,3,1,0.9999694923851348,7.747855354065214e-05,-0.829104478845;0.0359367210356;0.941800354397;1.82987923679;2.69904590551;2.94592582323
-2.42,0.75,0.9999949104263179,3,1,0.9999949104263179,7.748052295379894e-05,-0.829104478845;0.0359367210356;0.941800354397;1.82987923679;2.69904590551;2.94592582323
-2.4,0.75,1.0000099627960561,3,1,1.0000099627960561,7.748168922521378e-05,-0.829104478845;0.0359367210356;0.941800354397;1.82987923679;2.69904590551;2.94592582323
-2.38,0.75,1.000022562938941,3,1,1.000022562938941,7.748266549584258e-05,-0.829104478845;0.0359367210356;0.941800354397;1.82987923679;2.69904590551;2.94592582323
-2.36,0.75,1.0000398289618437,3,1,1.0000398289618437,7.748400328313519e-05,-0.829104478845;0.0359367210356;0.941800354397;1.82987923679;2.69904590551;2.94592582323
-2.34,0.75,1.0000681965648026,3,1,1.0000681965648026,7.748620123103402e-05,-0.829104478845;0.0359367210356;0.941800354397;1.82987923679;2.69904590551;2.94592582323
-2.32,0.75,1.0001155425150985,3,1,1.0001155425150985,7.748986963869331e-05,-0.829104478845;0.0359367210356;0.941800354397;1.82987923679;2.69904590551;2.94592582323
-2.3,0.75,1.0001948364719162,3,1,1.0001948364719162,7.749601340720378e-05,-0.829104478845;0.0359367210356;0.941800354397;1.82987923679;2.69904590551;2.94592582323
-2.28,0.75,1.0003286950286578,3,1,1.0003286950286578,7.75063848909684e-05,-0.829104478845;0.0359367210356;0.941800354397;1.82987923679;2.69904590551;2.94592582323
-2.26,0.75,1.0005551834362851,3,1,1.0005551834362851,7.752393342054887e-05,-0.829104478845;0.0359367210356;0.941800354397;1.82987923679;2.69904590551;2.94592582323
-2.2399999999999998,0.75,1.0009367939485694,3,1,1.0009367939485694,7.755350095309145e-05,-0.829104478845;0.0359367210356;0.941800354397;1.82987923679;2.69904590551;2.94592582323
-2.2199999999999998,0.75,1.0015760017324165,3,1,1.0015760017324165,7.760302735852835e-05,-0.829104478845;0.0359367210356;0.941800354397;1.82987923679;2.69904590551;2.94592582323
-2.1999999999999997,0.75,1.0026418362890737,3,1,1.0026418362890737,7.768560919766674e-05,-0.829104478845;0.0359367210356;0.941800354397;1.82987923679;2.69904590551;2.94592582323
-2.1799999999999997,0.75,1.0044127848144757,3,1,1.0044127848144757,7.782282391390356e-05,-0.829104478845;0.0359367210356;0.941800354397;1.82987923679;2.69904590551;2.94592582323
-2.1599999999999997,0.75,1.0073425424859224,3,1,1.0073425424859224,7.804982422574996e-05,-0.829104478845;0.0359367210356;0.941800354397;1.82987923679;2.69904590551;2.94592582323
-2.1399999999999997,0.75,1.0121566438166496,3,1,1.0121566438166496,7.84228252128233e-05,-0.829104478845;0.0359367210356;0.941800354397;1.82987923679;2.69904590551;2.94592582323
-2.12,0.75,1.0199885853772424,3,1,1.0199885853772424,7.902965122916733e-05,-0.829104478845;0.0359367210356;0.941800354397;1.82987923679;2.69904590551;2.94592582323
-2.0999999999999996,0.75,1.0325596563450052,3,1,1.0325596563450052,8.000366933917587e-05,-0.829104478845;0.0359367210356;0.941800354397;1.82987923679;2.69904590551;2.94592582323
-2.08,0.75,1.0523869568778694,3,1,1.0523869568778694,8.153990677201793e-05,-0.829104478845;0.0359367210356;0.941800354397;1.82987923679;2.69904590551;2.94592582323
-2.0599999999999996,0.75,1.0829465355441954,3,1,1.0829465355441954,8.390769095934471e-05,-0.829104478845;0.0359367210356;0.941800354397;1.82987923679;2.69904590551;2.94592582323
-2.04,0.75,1.1285900464060343,3,1,1.1285900464060343,8.744419204965026e-05,-0.829104478845;0.0359367210356;0.941800354397;1.82987923679;2.69904590551;2.94592582323
-2.0199999999999996,0.75,1.1938155952833152,3,1,1.1938155952833152,9.249792740796903e-05,-0.829104478845;0.0359367210356;0.941800354397;1.82987923679;2.69904590551;2.94592582323
-1.9999999999999998,0.75,1.2814170967858387,3,1,1.2814170967858387,9.928537210112244e-05,-0.829104478845;0.0359367210356;0.941800354397;1.82987923679;2.69904590551;2.94592582323
-1.9799999999999998,0.75,1.3896303199790383,3,1,1.3896303199790383,0.00010766983189797362,-0.829104478845;0.0359367210356;0.941800354397;1.82987923679;2.69904590551;2.94592582323
-1.9599999999999997,0.75,1.5100379840412081,3,2,1.5100379840412081,0.0001169991281592966,-0.829104478845;0.0359367210356;0.941800354397;1.82987923679;2.69904590551;2.94592582323
-1.9399999999999997,0.75,1.6291177678334068,3,2,1.6291177678334068,0.00012622553903923948,-0.829104478845;0.0359367210356;0.941800354397;1.82987923679;2.69904590551;2.94592582323
-1.9199999999999997,0.75,1.7337852201244304,3,2,1.7337852201244304,0.00013433526925405925,-0.829104478845;0.0359367210356;0.941800354397;1.82987923679;2.69904590551;2.94592582323
-1.8999999999999997,0.75,1.816708043353833,3,2,1.816708043353833,0.00014076020566286605,-0.829104478845;0.0359367210356;0.941800354397;1.82987923679;2.69904590551;2.94592582323
-1.8799999999999997,0.75,1.8773279982775075,3,2,1.8773279982775075,0.00014545709537695434,-0.829104478845;0.0359367210356;0.941800354397;1.82987923679;2.69904590551;2.94592582323
-1.8599999999999997,0.75,1.9192975507907093,3,2,1.9192975507907093,0.0001487089348042905,-0.829104478845;0.0359367210356;0.941800354397;1.82987923679;2.69904590551;2.94592582323
-1.8399999999999999,0.75,1.9474554615122328,3,2,1.9474554615122328,0.00015089063555620726,-0.829104478845;0.0359367210356;0.941800354397;1.82987923679;2.69904590551;2.94592582323
-1.8199999999999998,0.75,1.9660701040573765,3,2,1.9660701040573765,0.0001523329151357912,-0.829104478845;0.0359367210356;0.941800354397;1.82987923679;2.69904590551;2.94592582323
-1.7999999999999998,0.75,1.9783058109885718,3,2,1.9783058109885718,0.0001532809489326175,-0.829104478845;0.0359367210356;0.941800354397;1.82987923679;2.69904590551;2.94592582323
-1.7799999999999998,0.75,1.9863148543521236,3,2,1.9863148543521236,0.00015390149695911008,-0.829104478845;0.0359367210356;0.941800354397;1.82987923679;2.69904590551;2.94592582323
-1.7599999999999998,0.75,1.9915114091331887,3,2,1.9915114091331887,0.0001543041307903396,-0.829104478845;0.0359367210356;0.941800354397;1.82987923679;2.69904590551;2.94592582323
-1.7399999999999998,0.75,1.9948267344191564,3,2,1.9948267344191564,0.00015456100523463973,-0.829104478845;0.0359367210356;0.941800354397;1.82987923679;2.69904590551;2.94592582323
-1.7199999999999998,0.75,1.996889207571225,3,2,1.996889207571225,0.00015472080754636583,-0.829104478845;0.0359367210356;0.941800354397;1.82987923679;2.69904590551;2.94592582323
-1.6999999999999997,0.75,1.99813355788633,3,2,1.99813355788633,0.000154817220950221,-0.829104478845;0.0359367210356;0.941800354397;1.82987923679;2.69904590551;2.94592582323
-1.6799999999999997,0.75,1.9988618963078837,3,2,1.9988618963078837,0.00015487365327922684,-0.829104478845;0.0359367210356;0.941800354397;1.82987923679;2.69904590551;2.94592582323
-1.6599999999999997,0.75,1.9992790396397,3,2,1.9992790396397,0.00015490597392722098,-0.829104478845;0.0359367210356;0.941800354397;1.82987923679;2.69904590551;2.94592582323
-1.6399999999999997,0.75,1.9995173021907242,3,2,1.9995173021907242,0.00015492443472823225,-0.829104478845;0.0359367210356;0.941800354397;1.82987923679;2.69904590551;2.94592582323
-1.6199999999999997,0.75,1.9996574091399895,3,2,1.9996574091399895,0.00015493529034318123,-0.829104478845;0.0359367210356;0.941800354397;1.82987923679;2.69904590551;2.94592582323
-1.5999999999999996,0.75,1.9997462179532315,3,2,1.9997462179532315,0.0001549421713314954,-0.829104478845;0.0359367210356;0.941800354397;1.82987923679;2.69904590551;2.94592582323
-1.5799999999999996,0.75,1.9998099001699938,3,2,1.9998099001699938,0.00015494710548806577,-0.829104478845;0.0359367210356;0.941800354397;1.82987923679;2.69904590551;2.94592582323
-1.5599999999999996,0.75,1.9998621776810306,3,2,1.9998621776810306,0.000154951155997575,-0.829104478845;0.0359367210356;0.941800354397;1.82987923679;2.69904590551;2.94592582323
-1.5399999999999996,0.75,1.9999090833566928,4,2,1.9999090833566928,0.00015495479029235183,-0.829104478845;0.0359367210356;0.941800354397;1.82987923679;2.69904590551;2.94592582323
-1.5199999999999996,0.75,1.9999515574733828,4,2,1.9999515574733828,0.0001549580812258744,-0.829104478845;0.0359367210356;0.941800354397;1.82987923679;2.69904590551;2.94592582323
-1.4999999999999996,0.75,1.9999891652524158,4,2,1.9999891652524158,0.00015496099511109145,-0.829104478845;0.0359367210356;0.941800354397;1.82987923679;2.69904590551;2.94592582323
-1.4799999999999995,0.75,2.0000226492368007,4,2,2.0000226492368007,0.0001549635894809164,-0.829104478845;0.0359367210356;0.941800354397;1.82987923679;2.69904590551;2.94592582323
-1.4599999999999995,0.75,2.0000560725597705,4,2,2.0000560725597705,0.00015496617915063926,-0.829104478845;0.0359367210356;0.941800354397;1.82987923679;2.69904590551;2.94592582323
-1.4399999999999995,0.75,2.0000978229060697,4,2,2.0000978229060697,0.00015496941400576806,-0.829104478845;0.0359367210356;0.941800354397;1.82987923679;2.69904590551;2.94592582323
-1.4199999999999995,0.75,2.0001609070600637,4,2,2.0001609070600637,0.00015497430182388655,-0.829104478845;0.0359367210356;0.941800354397;1.82987923679;2.69904590551;2.94592582323
-1.3999999999999995,0.75,2.0002638577182825,4,2,2.0002638577182825,0.00015498227853532183,-0.829104478845;0.0359367210356;0.941800354397;1.82987923679;2.69904590551;2.94592582323
-1.3799999999999994,0.75,2.0004338383710705,4,2,2.0004338383710705,0.00015499544879222287,-0.829104478845;0.0359367210356;0.941800354397;1.82987923679;2.69904590551;2.94592582323
-1.3599999999999999,0.75,2.000713181886593,4,2,2.000713181886593,0.00015501709258404698,-0.829104478845;0.0359367210356;0.941800354397;1.82987923679;2.69904590551;2.94592582323
-1.3399999999999999,0.75,2.001170180516834,4,2,2.001170180516834,0.00015505250125712227,-0.829104478845;0.0359367210356;0.941800354397;1.82987923679;2.69904590551;2.94592582323
-1.3199999999999998,0.75,2.001915142878725,4,2,2.001915142878725,0.00015511022162427454,-0.829104478845;0.0359367210356;0.941800354397;1.82987923679;2.69904590551;2.94592582323
-1.2999999999999998,0.75,2.0031238786098813,4,2,2.0031238786098813,0.00015520387557749617,-0.829104478845;0.0359367210356;0.941800354397;1.82987923679;2.69904590551;2.94592582323
-1.2799999999999998,0.75,2.0050727441335887,4,2,2.0050727441335887,0.00015535487546596471,-0.829104478845;0.0359367210356;0.941800354397;1.82987923679;2.69904590551;2.94592582323
-1.2599999999999998,0.75,2.0081918753214882,4,2,2.0081918753214882,0.00015559654861157794,-0.829104478845;0.0359367210356;0.941800354397;1.82987923679;2.69904590551;2.94592582323
-1.2399999999999998,0.75,2.0131458371510753,4,2,2.0131458371510753,0.00015598038611839678,-0.829104478845;0.0359367210356;0.941800354397;1.82987923679;2.69904590551;2.94592582323
-1.2199999999999998,0.75,2.0209524172542737,4,2,2.0209524172542737,0.00015658524710575789,-0.829104478845;0.0359367210356;0.941800354397;1.82987923679;2.69904590551;2.94592582323
-1.2,0.75,2.033146600261906,4,2,2.033146600261906,0.00015753006359089667,-0.829104478845;0.0359367210356;0.941800354397;1.82987923679;2.69904590551;2.94592582323
-3.6,1.0,6.83036980980139e-15,1,0,6.83036980980139e-15,5.292233183523249e-19,-0.523056361191;0.43288429994;1.38433127384;2.25685153711;3.2210474621;3.3925865377
-3.58,1.0,1.634051513919439e-14,1,0,1.634051513919439e-14,1.266078102117038e-18,-0.523056361191;0.43288429994;1.38433127384;2.25685153711;3.2210474621;3.3925865377
-3.56,1.0,3.8028437906679245e-14,1,0,3.8028437906679245e-14,2.9464782524437473e-18,-0.523056361191;0.43288429994;1.38433127384;2.25685153711;3.2210474621;3.3925865377
-3.54,1.0,8.663984740541723e-14,1,0,8.663984740541723e-14,6.712934851585618e-18,-0.523056361191;0.43288429994;1.38433127384;2.25685153711;3.2210474621;3.3925865377
-3.52,1.0,1.9404788295439248e-13,1,0,1.9404788295439248e-13,1.5035007971164776e-17,-0.523056361191;0.43288429994;1.38433127384;2.25685153711;3.2210474621;3.3925865377
-3.5,1.0,4.2816921340396996e-13,1,0,4.2816921340396996e-13,3.317494341357523e-17,-0.523056361191;0.43288429994;1.38433127384;2.25685153711;3.2210474621;3.3925865377
-3.48,1.0,9.312519459271024e-13,1,0,9.312519459271024e-13,7.215425500657212e-17,-0.523056361191;0.43288429994;1.38433127384;2.25685153711;3.2210474621;3.3925865377
-3.46,1.0,1.99547093742515e-12,1,0,1.99547093742515e-12,1.5461091867447068e-16,-0.523056361191;0.43288429994;1.38433127384;2.25685153711;3.2210474621;3.3925865377
-3.44,1.0,4.2088398442498895e-12,1,0,4.2088398442498895e-12,3.2610477189553177e-16,-0.523056361191;0.43288429994;1.38433127384;2.25685153711;3.2210474621;3.3925865377
-3.42,1.0,8.73208477572285e-12,1,0,8.73208477572285e-12,6.765699383524649e-16,-0.523056361191;0.43288429994;1.38433127384;2.25685153711;3.2210474621;3.3925865377
-3.4,1.0,1.781913611857788e-11,1,0,1.781913611857788e-11,1.3806430119366791e-15,-0.523056361191;0.43288429994;1.38433127384;2.25685153711;3.2210474621;3.3925865377
-3.38,1.0,3.579345608789014e-11,1,0,3.579345608789014e-11,2.7733098109781928e-15,-0.523056361191;0.43288429994;1.38433127384;2.25685153711;3.2210474621;3.3925865377
-3.36,1.0,7.088273552316364e-11,1,0,7.088273552316364e-11,5.4920593689713645e-15,-0.523056361191;0.43288429994;1.38433127384;2.25685153711;3.2210474621;3.3925865377
-3.34,1.0,1.3867304761846796e-10,1,0,1.3867304761846796e-10,1.0744514934076396e-14,-0.523056361191;0.43288429994;1.38433127384;2.25685153711;3.2210474621;3.3925865377
-3.3200000000000003,1.0,2.6860622422994045e-10,1,0,2.6860622422994045e-10,2.0811856645459023e-14,-0.523056361191;0.43288429994;1.38433127384;2.25685153711;3.2210474621;3.3925865377
-3.3,1.0,5.161444573835475e-10,1,0,5.161444573835475e-10,3.999134601668425e-14,-0.523056361191;0.43288429994;1.38433127384;2.25685153711;3.2210474621;3.3925865377
-3.2800000000000002,1.0,9.853534389931956e-10,1,0,9.853534389931956e-10,7.634608831655885e-14,-0.523056361191;0.43288429994;1.38433127384;2.25685153711;3.2210474621;3.3925865377
-3.26,1.0,1.8703400726794895e-09,1,0,1.8703400726794895e-09,1.449156644916053e-13,-0.523056361191;0.43288429994;1.38433127384;2.25685153711;3.2210474621;3.3925865377
-3.24,1.0,3.5302295276298363e-09,2,0,3.5302295276298363e-09,2.735254220754919e-13,-0.523056361191;0.43288429994;1.38433127384;2.25685153711;3.2210474621;3.3925865377
-3.22,1.0,6.622826392818716e-09,2,0,6.622826392818716e-09,5.131426640252139e-13,-0.523056361191;0.43288429994;1.38433127384;2.25685153711;3.2210474621;3.3925865377
-3.2,1.0,1.233964742566928e-08,2,0,1.233964742566928e-08,9.560872016826142e-13,-0.523056361191;0.43288429994;1.38433127384;2.25685153711;3.2210474621;3.3925865377
-3.18,1.0,2.2814983149480087e-08,2,0,2.2814983149480087e-08,1.7677258225746517e-12,-0.523056361191;0.43288429994;1.38433127384;2.25685153711;3.2210474621;3.3925865377
-3.16,1.0,4.183421888456429e-08,2,0,4.183421888456429e-08,3.2413536536479822e-12,-0.523056361191;0.43288429994;1.38433127384;2.25685153711;3.2210474621;3.3925865377
-3.14,1.0,7.606068854527311e-08,2,0,7.606068854527311e-08,5.893251918853653e-12,-0.523056361191;0.43288429994;1.38433127384;2.25685153711;3.2210474621;3.3925865377
-3.12,1.0,1.3716907993190305e-07,2,0,1.3716907993190305e-07,1.0627986138133838e-11,-0.523056361191;0.43288429994;1.38433127384;2.25685153711;3.2210474621;3.3925865377
-3.1,1.0,2.455727127047646e-07,2,0,2.455727127047646e-07,1.9027199043879682e-11,-0.523056361191;0.43288429994;1.38433127384;2.25685153711;3.2210474621;3.3925865377
-3.08,1.0,4.3695297976945046e-07,2,0,4.3695297976945046e-07,3.385551768890957e-11,-0.523056361191;0.43288429994;1.38433127384;2.25685153711;3.2210474621;3.3925865377
-3.06,1.0,7.736876461310621e-07,2,0,7.736876461310621e-07,5.994602852485755e-11,-0.523056361191;0.43288429994;1.38433127384;2.25685153711;3.2210474621;3.3925865377
-3.04,1.0,1.3647584875716417e-06,2,0,1.3647584875716417e-06,1.0574273950815058e-10,-0.523056361191;0.43288429994;1.38433127384;2.25685153711;3.2210474621;3.3925865377
-3.02,1.0,2.400144529375345e-06,2,0,2.400144529375345e-06,1.859653997853059e-10,-0.523056361191;0.43288429994;1.38433127384;2.25685153711;3.2210474621;3.3925865377
-3.0,1.0,4.209593902814386e-06,2,0,4.209593902814386e-06,3.2616319704480583e-10,-0.523056361191;0.43288429994;1.38433127384;2.25685153711;3.2210474621;3.3925865377
-2.98,1.0,7.36181391886334e-06,2,0,7.36181391886334e-06,5.704000954154014e-10,-0.523056361191;0.43288429994;1.38433127384;2.25685153711;3.2210474621;3.3925865377
-2.96,1.0,1.2829862701441531e-05,2,0,1.2829862701441531e-05,9.94069530923252e-10,-0.523056361191;0.43288429994;1.38433127384;2.25685153711;3.2210474621;3.3925865377
-2.94,1.0,2.22643340469017e-05,2,0,2.22643340469017e-05,1.7250610249972074e-09,-0.523056361191;0.43288429994;1.38433127384;2.25685153711;3.2210474621;3.3925865377
-2.92,1.0,3.844254482745068e-05,2,0,3.844254482745068e-05,2.978563636524832e-09,-0.523056361191;0.43288429994;1.38433127384;2.25685153711;3.2210474621;3.3925865377
-2.9,1.0,6.600819570211437e-05,2,0,6.600819570211437e-05,5.114375552227736e-09,-0.523056361191;0.43288429994;1.38433127384;2.25685153711;3.2210474621;3.3925865377
-2.88,1.0,0.00011269713047488207,2,0,0.00011269713047488207,8.731877046117983e-09,-0.523056361191;0.43288429994;1.38433127384;2.25685153711;3.2210474621;3.3925865377
-2.86,1.0,0.00019138510592715135,2,0,0.00019138510592715135,1.4828693564532398e-08,-0.523056361191;0.43288429994;1.38433127384;2.25685153711;3.2210474621;3.3925865377
-2.84,1.0,0.00032352900448790595,2,0,0.00032352900448790595,2.5067324040437634e-08,-0.523056361191;0.43288429994;1.38433127384;2.25685153711;3.2210474621;3.3925865377
-2.82,1.0,0.0005449549226266811,2,0,0.0005449549226266811,4.222360729152272e-08,-0.523056361191;0.43288429994;1.38433127384;2.25685153711;3.2210474621;3.3925865377
-2.8,1.0,0.0009155433262637264,2,0,0.0009155433262637264,7.093713674555835e-08,-0.523056361191;0.43288429994;1.38433127384;2.25685153711;3.2210474621;3.3925865377
-2.78,1.0,0.0015352525417738454,2,0,0.0015352525417738454,1.1895277522170077e-07,-0.523056361191;0.43288429994;1.38433127384;2.25685153711;3.2210474621;3.3925865377
-2.76,1.0,0.00257017421434301,2,0,0.00257017421434301,1.9913945574459877e-07,-0.523056361191;0.43288429994;1.38433127384;2.25685153711;3.2210474621;3.3925865377
-2.7399999999999998,1.0,0.004293929945337326,2,0,0.004293929945337326,3.3269763098082004e-07,-0.523056361191;0.43288429994;1.38433127384;2.25685153711;3.2210474621;3.3925865377
-2.7199999999999998,1.0,0.007151543383335356,2,0,0.007151543383335356,5.541081414418177e-07,-0.523056361191;0.43288429994;1.38433127384;2.25685153711;3.2210474621;3.3925865377
-2.7,1.0,0.011854475939577603,2,0,0.011854475939577603,9.184956698930883e-07,-0.523056361191;0.43288429994;1.38433127384;2.25685153711;3.2210474621;3.3925865377
-2.6799999999999997,1.0,0.01951552505307201,2,0,0.01951552505307201,1.512080782676541e-06,-0.523056361191;0.43288429994;1.38433127384;2.25685153711;3.2210474621;3.3925865377
-2.66,1.0,0.031827265648834306,2,0,0.031827265648834306,2.466005737579065e-06,-0.523056361191;0.43288429994;1.38433127384;2.25685153711;3.2210474621;3.3925865377
-2.6399999999999997,1.0,0.05126837703477383,2,0,0.05126837703477383,3.972320881066625e-06,-0.523056361191;0.43288429994;1.38433127384;2.25685153711;3.2210474621;3.3925865377
-2.62,1.0,0.0812675942799998,2,0,0.0812675942799998,6.296687751467808e-06,-0.523056361191;0.43288429994;1.38433127384;2.25685153711;3.2210474621;3.3925865377
-2.5999999999999996,1.0,0.12613297396798862,2,0,0.12613297396798862,9.772898524644795e-06,-0.523056361191;0.43288429994;1.38433127384;2.25685153711;3.2210474621;3.3925865377
-2.58,1.0,0.19036264291288177,2,0,0.19036264291288177,1.4749472192282862e-05,-0.523056361191;0.43288429994;1.38433127384;2.25685153711;3.2210474621;3.3925865377
-2.5599999999999996,1.0,0.27686529819799854,2,0,0.27686529819799854,2.1451777272541454e-05,-0.523056361191;0.43288429994;1.38433127384;2.25685153711;3.2210474621;3.3925865377
-2.54,1.0,0.38415691820173525,2,0,0.38415691820173525,2.9764830408887712e-05,-0.523056361191;0.43288429994;1.38433127384;2.25685153711;3.2210474621;3.3925865377
-2.5199999999999996,1.0,0.5041797836024124,2,1,0.5041797836024124,3.906431211694296e-05,-0.523056361191;0.43288429994;1.38433127384;2.25685153711;3.2210474621;3.3925865377
-2.5,1.0,0.6236026198596863,2,1,0.6236026198596863,4.8317303016561406e-05,-0.523056361191;0.43288429994;1.38433127384;2.25685153711;3.2210474621;3.3925865377
-2.48,1.0,0.729189178318001,2,1,0.729189178318001,5.649824642031773e-05,-0.523056361191;0.43288429994;1.38433127384;2.25685153711;3.2210474621;3.3925865377
-2.46,1.0,0.8132379412664916,2,1,0.8132379412664916,6.301042167138243e-05,-0.523056361191;0.43288429994;1.38433127384;2.25685153711;3.2210474621;3.3925865377
-2.44,1.0,0.8748691507336972,3,1,0.8748691507336972,6.778566431512593e-05,-0.523056361191;0.43288429994;1.38433127384;2.25685153711;3.2210474621;3.3925865377
-2.42,1.0,0.9176072980755425,3,1,0.9176072980755425,7.109705517481639e-05,-0.523056361191;0.43288429994;1.38433127384;2.25685153711;3.2210474621;3.3925865377
-2.4,1.0,0.946294799881686,3,1,0.946294799881686,7.331978912976268e-05,-0.523056361191;0.43288429994;1.38433127384;2.25685153711;3.2210474621;3.3925865377
-2.38,1.0,0.9652588120767699,3,1,0.9652588120767699,7.47891381903003e-05,-0.523056361191;0.43288429994;1.38433127384;2.25685153711;3.2210474621;3.3925865377
-2.36,1.0,0.9777280748470065,3,1,0.9777280748470065,7.575526810777598e-05,-0.523056361191;0.43288429994;1.38433127384;2.25685153711;3.2210474621;3.3925865377
-2.34,1.0,0.985902123127129,3,1,0.985902123127129,7.638860086656321e-05,-0.523056361191;0.43288429994;1.38433127384;2.25685153711;3.2210474621;3.3925865377
-2.32,1.0,0.991222591956441,3,1,0.991222591956441,7.68008356719171e-05,-0.523056361191;0.43288429994;1.38433127384;2.25685153711;3.2210474621;3.3925865377
-2.3,1.0,0.9946336406402208,3,1,0.9946336406402208,7.706512685288667e-05,-0.523056361191;0.43288429994;1.38433127384;2.25685153711;3.2210474621;3.3925865377
-2.28,1.0,0.9967687255580991,3,1,0.9967687255580991,7.723055519083436e-05,-0.523056361191;0.43288429994;1.38433127384;2.25685153711;3.2210474621;3.3925865377
-2.26,1.0,0.9980650770953938,3,1,0.9980650770953938,7.733099769708546e-05,-0.523056361191;0.43288429994;1.38433127384;2.25685153711;3.2210474621;3.3925865377
-2.2399999999999998,1.0,0.998827494653263,3,1,0.998827494653263,7.739007050883375e-05,-0.523056361191;0.43288429994;1.38433127384;2.25685153711;3.2210474621;3.3925865377
-2.2199999999999998,1.0,0.999264345291053,3,1,0.999264345291053,7.742391809697222e-05,-0.523056361191;0.43288429994;1.38433127384;2.25685153711;3.2210474621;3.3925865377
-2.1999999999999997,1.0,0.9995119559548048,3,1,0.9995119559548048,7.744310319833262e-05,-0.523056361191;0.43288429994;1.38433127384;2.25685153711;3.2210474621;3.3925865377
-2.1799999999999997,1.0,0.9996549205037628,3,1,0.9996549205037628,7.745418022272708e-05,-0.523056361191;0.43288429994;1.38433127384;2.25685153711;3.2210474621;3.3925865377
-2.1599999999999997,1.0,0.999743375358749,3,1,0.999743375358749,7.746103378603092e-05,-0.523056361191;0.43288429994;1.38433127384;2.25685153711;3.2210474621;3.3925865377
-2.1399999999999997,1.0,0.9998058982438766,3,1,0.9998058982438766,7.746587811652276e-05,-0.523056361191;0.43288429994;1.38433127384;2.25685153711;3.2210474621;3.3925865377
-2.12,1.0,0.9998575557784966,3,1,0.9998575557784966,7.746988058969051e-05,-0.523056361191;0.43288429994;1.38433127384;2.25685153711;3.2210474621;3.3925865377
-2.0999999999999996,1.0,0.9999044669743637,3,1,0.9999044669743637,7.747351531217788e-05,-0.523056361191;0.43288429994;1.38433127384;2.25685153711;3.2210474621;3.3925865377
-2.08,1.0,0.9999470608526169,3,1,0.9999470608526169,7.747681552493624e-05,-0.523056361191;0.43288429994;1.38433127384;2.25685153711;3.2210474621;3.3925865377
-2.0599999999999996,1.0,0.9999834392019555,3,1,0.9999834392019555,7.74796341528128e-05,-0.523056361191;0.43288429994;1.38433127384;2.25685153711;3.2210474621;3.3925865377
-2.04,1.0,1.0000127502167047,3,1,1.0000127502167047,7.748190519712253e-05,-0.523056361191;0.43288429994;1.38433127384;2.25685153711;3.2210474621;3.3925865377
-2.0199999999999996,1.0,1.0000375127053833,3,1,1.0000375127053833,7.748382381745995e-05,-0.523056361191;0.43288429994;1.38433127384;2.25685153711;3.2210474621;3.3925865377
-1.9999999999999998,1.0,1.000064085439017,3,1,1.000064085439017,7.748588269723701e-05,-0.523056361191;0.43288429994;1.38433127384;2.25685153711;3.2210474621;3.3925865377
-1.9799999999999998,1.0,1.0001016225628352,3,1,1.0001016225628352,7.74887911080232e-05,-0.523056361191;0.43288429994;1.38433127384;2.25685153711;3.2210474621;3.3925865377
-1.9599999999999997,1.0,1.0001609325267062,3,1,1.0001609325267062,7.749338649842887e-05,-0.523056361191;0.43288429994;1.38433127384;2.25685153711;3.2210474621;3.3925865377
-1.9399999999999997,1.0,1.0002548649538556,3,1,1.0002548649538556,7.75006644690485e-05,-0.523056361191;0.43288429994;1.38433127384;2.25685153711;3.2210474621;3.3925865377
-1.9199999999999997,1.0,1.0004011349491924,3,1,1.0004011349491924,7.751199760246045e-05,-0.523056361191;0.43288429994;1.38433127384;2.25685153711;3.2210474621;3.3925865377
-1.8999999999999997,1.0,1.0006275285913224,3,1,1.0006275285913224,7.752953878952327e-05,-0.523056361191;0.43288429994;1.38433127384;2.25685153711;3.2210474621;3.3925865377
-1.8799999999999997,1.0,1.0009790673021182,3,1,1.0009790673021182,7.755677633130171e-05,-0.523056361191;0.43288429994;1.38433127384;2.25685153711;3.2210474621;3.3925865377
-1.8599999999999997,1.0,1.0015273663740367,3,1,1.0015273663740367,7.759925904634794e-05,-0.523056361191;0.43288429994;1.38433127384;2.25685153711;3.2210474621;3.3925865377
-1.8399999999999999,1.0,1.0023838645667207,3,1,1.0023838645667207,7.766562131198172e-05,-0.523056361191;0.43288429994;1.38433127384;2.25685153711;3.2210474621;3.3925865377
-1.8199999999999998,1.0,1.0037201511305542,3,1,1.0037201511305542,7.776915802072139e-05,-0.523056361191;0.43288429994;1.38433127384;2.25685153711;3.2210474621;3.3925865377
-1.7999999999999998,1.0,1.005799600955126,3,1,1.005799600955126,7.79302757006057e-05,-0.523056361191;0.43288429994;1.38433127384;2.25685153711;3.2210474621;3.3925865377
-1.7799999999999998,1.0,1.0090245662333301,3,1,1.0090245662333301,7.818014896861721e-05,-0.523056361191;0.43288429994;1.38433127384;2.25685153711;3.2210474621;3.3925865377
-1.7599999999999998,1.0,1.0140022893465908,3,1,1.0140022893465908,7.856582752149126e-05,-0.523056361191;0.43288429994;1.38433127384;2.25685153711;3.2210474621;3.3925865377
-1.7399999999999998,1.0,1.0216300989892104,3,1,1.0216300989892104,7.915683720958082e-05,-0.523056361191;0.43288429994;1.38433127384;2.25685153711;3.2210474621;3.3925865377
-1.7199999999999998,1.0,1.0331950964155148,3,1,1.0331950964155148,8.005290381872726e-05,-0.523056361191;0.43288429994;1.38433127384;2.25685153711;3.2210474621;3.3925865377
-1.6999999999999997,1.0,1.0504726395447268,3,1,1.0504726395447268,8.139158370904535e-05,-0.523056361191;0.43288429994;1.38433127384;2.25685153711;3.2210474621;3.3925865377
-1.6799999999999997,1.0,1.075786398006756,3,1,1.075786398006756,8.335291693495949e-05,-0.523056361191;0.43288429994;1.38433127384;2.25685153711;3.2210474621;3.3925865377
-1.6599999999999997,1.0,1.1119538896343588,3,1,1.1119538896343588,8.615520736265692e-05,-0.523056361191;0.43288429994;1.38433127384;2.25685153711;3.2210474621;3.3925865377
-1.6399999999999997,1.0,1.1619850884915386,3,1,1.1619850884915386,9.00316705436617e-05,-0.523056361191;0.43288429994;1.38433127384;2.25685153711;3.2210474621;3.3925865377
-1.6199999999999997,1.0,1.2283614796273807,3,1,1.2283614796273807,9.517457421583983e-05,-0.523056361191;0.43288429994;1.38433127384;2.25685153711;3.2210474621;3.3925865377
-1.5999999999999996,1.0,1.3118095124292029,3,1,1.3118095124292029,0.00010164020434409172,-0.523056361191;0.43288429994;1.38433127384;2.25685153711;3.2210474621;3.3925865377
-1.5799999999999996,1.0,1.4098616950716545,3,1,1.4098616950716545,0.00010923737739836231,-0.523056361191;0.43288429994;1.38433127384;2.25685153711;3.2210474621;3.3925865377
-1.5599999999999996,1.0,1.5161227892978035,3,2,1.5161227892978035,0.00011747058445216119,-0.523056361191;0.43288429994;1.38433127384;2.25685153711;3.2210474621;3.3925865377
-1.5399999999999996,1.0,1.6213512697235588,4,2,1.6213512697235588,0.00012562378364149032,-0.523056361191;0.43288429994;1.38433127384;2.25685153711;3.2210474621;3.3925865377
-1.5199999999999996,1.0,1.7163647340232684,4,2,1.7163647340232684,0.00013298551401115307,-0.523056361191;0.43288429994;1.38433127384;2.25685153711;3.2210474621;3.3925865377
-1.4999999999999996,1.0,1.795113239425365,4,2,1.795113239425365,0.00013908702044560414,-0.523056361191;0.43288429994;1.38433127384;2.25685153711;3.2210474621;3.3925865377
-1.4799999999999995,1.0,1.8558461624875475,4,2,1.8558461624875475,0.00014379266303468955,-0.523056361191;0.43288429994;1.38433127384;2.25685153711;3.2210474621;3.3925865377
-1.4599999999999995,1.0,1.9002113520662949,4,2,1.9002113520662949,0.00014723011861937882,-0.523056361191;0.43288429994;1.38433127384;2.25685153711;3.2210474621;3.3925865377
-1.4399999999999995,1.0,1.9314855613825828,4,2,1.9314855613825828,0.00014965327304499435,-0.523056361191;0.43288429994;1.38433127384;2.25685153711;3.2210474621;3.3925865377
-1.4199999999999995,1.0,1.9531239529034896,4,2,1.9531239529034896,0.00015132983546890127,-0.523056361191;0.43288429994;1.38433127384;2.25685153711;3.2210474621;3.3925865377
-1.3999999999999995,1.0,1.9680168351606877,4,2,1.9680168351606877,0.00015248374964740955,-0.523056361191;0.43288429994;1.38433127384;2.25685153711;3.2210474621;3.3925865377
-1.3799999999999994,1.0,1.978297202911251,4,2,1.978297202911251,0.00015328028197089053,-0.523056361191;0.43288429994;1.38433127384;2.25685153711;3.2210474621;3.3925865377
-1.3599999999999999,1.0,1.985427090517611,4,2,1.985427090517611,0.00015383271220286747,-0.523056361191;0.43288429994;1.38433127384;2.25685153711;3.2210474621;3.3925865377
-1.3399999999999999,1.0,1.990371768581888,4,2,1.990371768581888,0.0001542158303950341,-0.523056361191;0.43288429994;1.38433127384;2.25685153711;3.2210474621;3.3925865377
-1.3199999999999998,1.0,1.9937678266589192,4,2,1.9937678266589192,0.0001544789600900419,-0.523056361191;0.43288429994;1.38433127384;2.25685153711;3.2210474621;3.3925865377
-1.2999999999999998,1.0,1.996050930038263,4,2,1.996050930038263,0.0001546558570341611,-0.523056361191;0.43288429994;1.38433127384;2.25685153711;3.2210474621;3.3925865377
-1.2799999999999998,1.0,1.9975378279994953,4,2,1.9975378279994953,0.00015477106325212684,-0.523056361191;0.43288429994;1.38433127384;2.25685153711;3.2210474621;3.3925865377
-1.2599999999999998,1.0,1.9984701947458035,4,2,1.9984701947458035,0.00015484330388288955,-0.523056361191;0.43288429994;1.38433127384;2.25685153711;3.2210474621;3.3925865377
-1.2399999999999998,1.0,1.9990334278314377,4,2,1.9990334278314377,0.00015488694369901744,-0.523056361191;0.43288429994;1.38433127384;2.25685153711;3.2210474621;3.3925865377
-1.2199999999999998,1.0,1.999364046956984,4,2,1.999364046956984,0.00015491256037214124,-0.523056361191;0.43288429994;1.38433127384;2.25685153711;3.2210474621;3.3925865377
-1.2,1.0,1.99955574403177,4,2,1.99955574403177,0.0001549274132373391,-0.523056361191;0.43288429994;1.38433127384;2.25685153711;3.2210474621;3.3925865377
